transaction_id,timestamp,customer_id,merchant_id,merchant_category,amount,transaction_type,channel,device_fingerprint,ip_address,status,is_flagged,fraud_confirmed,response_time_ms,state
TXN-000001,2024-01-09 05:28:02,CUST-00203,MERCH-0096,supermercados,512.72,cartao_credito,app_mobile,FP-291031,138.137.xxx.xxx,aprovada,0,,204,RS
TXN-000002,2024-01-04 21:48:14,CUST-00292,MERCH-0033,e-commerce,234.01,TED,app_mobile,FP-519300,129.199.xxx.xxx,aprovada,0,,57,RJ
TXN-000003,2024-01-23 23:05:47,CUST-00786,MERCH-0073,e-commerce,299.31,cartao_credito,app_mobile,FP-359781,159.78.xxx.xxx,aprovada,0,,21,SP
TXN-000004,2024-02-16 00:15:01,CUST-00204,MERCH-0152,viagens,246.13,cartao_credito,internet_banking,FP-226312,34.205.xxx.xxx,aprovada,0,,332,RR
TXN-000005,2024-01-30 18:04:14,CUST-00538,MERCH-0014,viagens,208.07,boleto,app_mobile,FP-394184,242.179.xxx.xxx,aprovada,0,,227,MA
TXN-000006,2024-01-28 04:49:06,CUST-00484,MERCH-0004,utilidades,1820.6,PIX,app_mobile,FP-236637,85.184.xxx.xxx,aprovada,0,,90,MG
TXN-000007,2024-02-07 06:53:59,CUST-00599,MERCH-0168,e-commerce,304.48,PIX,internet_banking,FP-567423,237.50.xxx.xxx,recusada,0,,156,RJ
TXN-000008,2024-01-19 14:42:32,CUST-00131,MERCH-0162,farmacias,296.0,cartao_credito,API,FP-539357,135.11.xxx.xxx,aprovada,0,,35,SC
TXN-000009,2024-01-19 11:10:37,CUST-00711,MERCH-0200,viagens,15.45,TED,internet_banking,FP-316976,48.1.xxx.xxx,aprovada,0,,153,TO
TXN-000010,2024-02-20 23:30:33,CUST-00738,MERCH-0137,marketplace,142.45,cartao_credito,app_mobile,,38.142.xxx.xxx,aprovada,0,,33,RJ
TXN-000011,2024-02-28 18:07:26,CUST-00648,MERCH-0157,outros,716.29,TED,API,FP-110913,211.182.xxx.xxx,aprovada,0,,395,SP
TXN-000012,2024-01-25 23:39:27,CUST-00670,MERCH-0149,utilidades,565.06,cartao_debito,internet_banking,FP-514673,40.228.xxx.xxx,aprovada,0,,75,RR
TXN-000013,2024-01-18 02:22:02,CUST-00190,MERCH-0101,marketplace,582.14,cartao_debito,internet_banking,FP-250494,19.218.xxx.xxx,aprovada,0,,750,RJ
TXN-000014,2024-01-10 16:23:15,CUST-00618,MERCH-0064,postos,1124.94,PIX,caixa_eletronico,FP-757860,154.6.xxx.xxx,aprovada,0,1,204,SP
TXN-000015,2024-01-20 15:26:36,CUST-00088,MERCH-0063,e-commerce,624.93,cartao_credito,API,,161.63.xxx.xxx,aprovada,1,1,772,AM
TXN-000016,2024-01-23 00:11:28,CUST-00025,MERCH-0029,farmacias,31.52,PIX,internet_banking,FP-335428,27.144.xxx.xxx,aprovada,0,,585,SP
TXN-000017,2024-02-11 14:46:35,CUST-00183,MERCH-0074,supermercados,28.1,cartao_debito,internet_banking,FP-623502,170.188.xxx.xxx,aprovada,0,,84,CE
TXN-000018,2024-02-16 10:49:38,CUST-00458,MERCH-0033,servicos_digitais,422.27,PIX,app_mobile,FP-434826,127.217.xxx.xxx,aprovada,0,,46,PR
TXN-000019,2024-01-24 21:00:26,CUST-00670,MERCH-0022,postos,236.79,cartao_debito,internet_banking,FP-705947,199.112.xxx.xxx,aprovada,0,0,58,TO
TXN-000020,2024-01-14 12:42:26,CUST-00798,MERCH-0036,marketplace,11.26,PIX,API,,37.193.xxx.xxx,aprovada,0,,336,DF
TXN-000021,2023-12-30 03:55:16,CUST-00076,MERCH-0107,restaurantes,139.73,PIX,app_mobile,FP-879677,36.153.xxx.xxx,aprovada,0,,104,SP
TXN-000022,2023-12-27 07:58:41,CUST-00658,MERCH-0142,servicos_digitais,2078.83,cartao_debito,app_mobile,FP-699853,129.156.xxx.xxx,aprovada,0,,564,SP
TXN-000023,2023-12-24 20:37:32,CUST-00129,MERCH-0178,restaurantes,772.09,PIX,app_mobile,FP-773071,104.194.xxx.xxx,aprovada,0,,104,RS
TXN-000024,2023-12-29 10:50:28,CUST-00372,MERCH-0194,servicos_digitais,268.15,PIX,app_mobile,FP-311524,164.16.xxx.xxx,pendente,0,,225,AM
TXN-000025,2023-12-23 19:37:41,CUST-00047,MERCH-0092,e-commerce,244.85,TED,API,,25.169.xxx.xxx,estornada,0,,116,RJ
TXN-000026,2023-12-21 22:57:34,CUST-00039,MERCH-0129,e-commerce,966.18,cartao_debito,API,FP-905973,88.229.xxx.xxx,aprovada,0,,206,RN
TXN-000027,2023-12-20 21:50:41,CUST-00626,MERCH-0023,outros,541.33,cartao_debito,API,,44.151.xxx.xxx,aprovada,0,,51,CE
TXN-000028,2023-12-25 22:12:56,CUST-00127,MERCH-0081,e-commerce,73.25,cartao_credito,app_mobile,FP-630519,116.134.xxx.xxx,aprovada,0,0,229,SP
TXN-000029,2023-12-21 21:01:10,CUST-00575,MERCH-0119,utilidades,195.65,PIX,app_mobile,FP-591246,165.238.xxx.xxx,aprovada,0,,235,ES
TXN-000030,2023-12-23 20:24:57,CUST-00337,MERCH-0140,postos,428.73,cartao_debito,app_mobile,FP-771315,55.163.xxx.xxx,aprovada,0,,379,RS
TXN-000031,2023-12-22 14:09:47,CUST-00441,MERCH-0022,e-commerce,410.7,cartao_credito,API,,21.152.xxx.xxx,aprovada,0,,203,RJ
TXN-000032,2023-12-30 20:40:29,CUST-00056,MERCH-0122,utilidades,84.67,TED,caixa_eletronico,FP-830532,112.181.xxx.xxx,aprovada,0,,188,RJ
TXN-000033,2023-12-20 04:07:55,CUST-00752,MERCH-0116,e-commerce,0.0,cartao_debito,app_mobile,FP-765104,116.49.xxx.xxx,pendente,0,,177,RJ
TXN-000034,2023-12-28 05:57:21,CUST-00215,MERCH-0167,supermercados,252.77,PIX,caixa_eletronico,FP-468814,91.218.xxx.xxx,estornada,0,,135,RJ
TXN-000035,2023-12-21 23:22:38,CUST-00567,MERCH-0159,supermercados,487.87,TED,caixa_eletronico,FP-204045,23.53.xxx.xxx,pendente,0,,145,SP
TXN-000036,2024-01-10 16:19:21,CUST-00558,MERCH-0199,restaurantes,2510.3,cartao_debito,caixa_eletronico,FP-305059,220.240.xxx.xxx,aprovada,0,,76,ES
TXN-000037,2024-02-08 10:18:02,CUST-00721,MERCH-0107,e-commerce,12.16,TED,app_mobile,,233.212.xxx.xxx,aprovada,1,0,471,MT
TXN-000038,2024-02-11 15:52:52,CUST-00592,MERCH-0033,e-commerce,260.66,cartao_debito,API,,201.200.xxx.xxx,aprovada,0,,55,GO
TXN-000039,2024-02-27 14:27:42,CUST-00644,MERCH-0057,e-commerce,493.99,cartao_debito,internet_banking,FP-357167,186.193.xxx.xxx,aprovada,0,,240,RJ
TXN-000040,2024-01-11 00:59:03,CUST-00594,MERCH-0020,e-commerce,90.1,boleto,app_mobile,FP-979037,54.200.xxx.xxx,aprovada,0,,74,SP
TXN-000041,2024-02-13 18:37:23,CUST-00322,MERCH-0009,servicos_digitais,53.05,PIX,app_mobile,FP-463629,124.2.xxx.xxx,aprovada,0,,203,GO
TXN-000042,2024-02-19 16:27:05,CUST-00531,MERCH-0052,servicos_digitais,384.37,PIX,app_mobile,FP-678286,167.150.xxx.xxx,pendente,0,,321,SC
TXN-000043,2024-01-28 06:58:13,CUST-00203,MERCH-0185,outros,303.71,PIX,caixa_eletronico,FP-544320,153.139.xxx.xxx,aprovada,0,,78,SC
TXN-000044,2024-01-07 05:45:04,CUST-00648,MERCH-0166,farmacias,103.41,cartao_credito,API,,102.15.xxx.xxx,pendente,0,,66,RJ
TXN-000045,2024-01-01 22:26:47,CUST-00126,MERCH-0144,marketplace,172.76,PIX,app_mobile,FP-322481,135.111.xxx.xxx,aprovada,1,1,197,SP
TXN-000046,2024-01-31 20:29:19,CUST-00446,MERCH-0031,servicos_digitais,241.51,PIX,app_mobile,FP-442753,152.196.xxx.xxx,aprovada,0,0,22,PR
TXN-000047,2024-01-04 14:14:07,CUST-00413,MERCH-0107,utilidades,337.07,boleto,app_mobile,FP-890303,89.204.xxx.xxx,aprovada,0,,91,BA
TXN-000048,2024-02-17 21:33:27,CUST-00466,MERCH-0013,servicos_digitais,124.03,boleto,app_mobile,FP-438542,221.223.xxx.xxx,recusada,0,,23,TO
TXN-000049,2024-01-06 02:18:46,CUST-00006,MERCH-0044,marketplace,268.51,cartao_credito,app_mobile,FP-225725,33.163.xxx.xxx,pendente,0,,261,ES
TXN-000050,2024-02-21 05:22:16,CUST-00535,MERCH-0024,marketplace,33.54,cartao_debito,internet_banking,FP-186816,91.124.xxx.xxx,aprovada,0,,46,DF
TXN-000051,2024-01-02 06:35:26,CUST-00218,MERCH-0195,restaurantes,235.44,cartao_debito,app_mobile,FP-897429,242.159.xxx.xxx,aprovada,0,,307,SP
TXN-000052,2024-02-07 10:27:23,CUST-00373,MERCH-0043,outros,497.64,cartao_credito,internet_banking,FP-705282,166.52.xxx.xxx,aprovada,0,,222,ES
TXN-000053,2024-01-12 11:43:12,CUST-00272,MERCH-0014,utilidades,57.7,PIX,app_mobile,FP-151521,167.195.xxx.xxx,aprovada,0,,80,ES
TXN-000054,2024-02-17 22:12:33,CUST-00623,MERCH-0010,supermercados,136.81,PIX,app_mobile,FP-657980,26.141.xxx.xxx,aprovada,0,,122,SC
TXN-000055,2024-01-27 01:06:26,CUST-00709,MERCH-0001,supermercados,637.86,PIX,app_mobile,FP-834497,160.244.xxx.xxx,aprovada,0,,112,PA
TXN-000056,2024-02-02 05:58:40,CUST-00192,MERCH-0068,utilidades,226.21,PIX,app_mobile,FP-897191,219.4.xxx.xxx,pendente,0,,391,ES
TXN-000057,2024-01-02 16:31:24,CUST-00047,MERCH-0025,supermercados,260.47,boleto,caixa_eletronico,FP-451983,116.251.xxx.xxx,aprovada,0,,79,ES
TXN-000058,2024-01-30 05:41:35,CUST-00362,MERCH-0187,viagens,305.56,cartao_credito,caixa_eletronico,FP-530250,220.112.xxx.xxx,aprovada,0,,210,PB
TXN-000059,2024-02-04 21:30:32,CUST-00442,MERCH-0161,marketplace,184.56,PIX,API,FP-652501,45.135.xxx.xxx,aprovada,0,,345,ES
TXN-000060,2024-01-04 23:46:11,CUST-00196,MERCH-0029,supermercados,474.11,cartao_credito,caixa_eletronico,FP-818826,38.238.xxx.xxx,estornada,0,,205,AL
TXN-000061,2024-01-07 06:34:02,CUST-00296,MERCH-0079,servicos_digitais,81.64,PIX,app_mobile,FP-974627,1.25.xxx.xxx,aprovada,0,,23,RJ
TXN-000062,2024-02-26 19:40:21,CUST-00443,MERCH-0099,utilidades,801.37,PIX,app_mobile,FP-202905,229.133.xxx.xxx,aprovada,0,,213,SC
TXN-000063,2024-01-14 12:18:15,CUST-00593,MERCH-0146,restaurantes,287.12,PIX,app_mobile,FP-292279,97.223.xxx.xxx,pendente,0,,137,MG
TXN-000064,2024-02-09 19:58:18,CUST-00431,MERCH-0078,farmacias,446.95,boleto,app_mobile,FP-491235,33.150.xxx.xxx,recusada,0,,119,SP
TXN-000065,2024-02-14 16:23:31,CUST-00531,MERCH-0177,servicos_digitais,728.29,PIX,app_mobile,FP-876442,150.27.xxx.xxx,aprovada,0,,186,SC
TXN-000066,2024-01-31 04:25:41,CUST-00644,MERCH-0031,viagens,538.59,boleto,caixa_eletronico,FP-208639,122.12.xxx.xxx,aprovada,0,0,87,SP
TXN-000067,2024-01-23 19:25:17,CUST-00189,MERCH-0111,servicos_digitais,2554.53,cartao_debito,caixa_eletronico,,37.123.xxx.xxx,aprovada,0,,142,MS
TXN-000068,2024-02-27 03:55:08,CUST-00103,MERCH-0008,supermercados,820.37,cartao_credito,app_mobile,FP-508346,3.155.xxx.xxx,aprovada,0,,489,SC
TXN-000069,2024-02-14 12:01:59,CUST-00741,MERCH-0181,marketplace,1069.07,boleto,app_mobile,FP-282973,168.77.xxx.xxx,aprovada,0,,263,PR
TXN-000070,2024-01-30 09:52:40,CUST-00781,MERCH-0047,utilidades,100.12,PIX,caixa_eletronico,FP-913063,169.132.xxx.xxx,aprovada,0,,293,MG
TXN-000071,2024-01-05 08:41:32,CUST-00070,MERCH-0083,e-commerce,482.82,cartao_credito,app_mobile,FP-947831,235.121.xxx.xxx,aprovada,0,,274,ES
TXN-000072,2024-02-28 21:19:30,CUST-00384,MERCH-0164,restaurantes,56.42,PIX,app_mobile,FP-364760,126.224.xxx.xxx,aprovada,0,,54,ES
TXN-000073,2024-01-10 08:10:35,CUST-00645,MERCH-0019,marketplace,150.15,cartao_credito,API,,246.254.xxx.xxx,aprovada,0,,20,MG
TXN-000074,2024-01-07 12:28:54,CUST-00142,MERCH-0026,farmacias,288.04,cartao_debito,API,,154.169.xxx.xxx,aprovada,0,,200,ES
TXN-000075,2024-01-28 23:14:57,CUST-00162,MERCH-0015,e-commerce,1448.15,cartao_debito,API,FP-375831,168.15.xxx.xxx,aprovada,0,,49,DF
TXN-000076,2024-02-02 00:02:42,CUST-00752,MERCH-0157,utilidades,136.04,cartao_credito,API,,252.36.xxx.xxx,aprovada,0,,411,SP
TXN-000077,2024-01-27 06:19:48,CUST-00133,MERCH-0059,viagens,102.46,PIX,internet_banking,FP-911192,201.100.xxx.xxx,aprovada,0,,160,SP
TXN-000078,2024-02-06 15:00:16,CUST-00785,MERCH-0095,viagens,64.93,TED,app_mobile,FP-160736,61.118.xxx.xxx,aprovada,0,,79,AL
TXN-000079,2024-01-31 11:57:58,CUST-00045,MERCH-0032,postos,82.68,cartao_credito,app_mobile,FP-670054,53.253.xxx.xxx,aprovada,0,,132,RJ
TXN-000080,2024-02-23 12:52:07,CUST-00376,MERCH-0014,marketplace,50.23,cartao_credito,internet_banking,FP-752079,125.143.xxx.xxx,aprovada,0,,226,MG
TXN-000081,2024-01-14 18:47:37,CUST-00382,MERCH-0022,e-commerce,77.6,PIX,app_mobile,FP-502586,127.9.xxx.xxx,aprovada,0,0,91,RJ
TXN-000082,2024-01-06 01:46:25,CUST-00546,MERCH-0068,restaurantes,538.74,PIX,caixa_eletronico,FP-894036,8.174.xxx.xxx,recusada,0,,381,SP
TXN-000083,2024-01-28 21:44:00,CUST-00739,MERCH-0042,utilidades,345.92,boleto,internet_banking,FP-349799,34.7.xxx.xxx,estornada,0,,251,RS
TXN-000084,2024-02-08 07:29:14,CUST-00585,MERCH-0004,e-commerce,55.69,PIX,app_mobile,FP-436581,215.135.xxx.xxx,aprovada,0,0,38,RS
TXN-000085,2024-02-24 00:59:29,CUST-00492,MERCH-0017,marketplace,75.11,PIX,API,,202.141.xxx.xxx,aprovada,0,,41,RJ
TXN-000086,2024-01-23 14:09:58,CUST-00051,MERCH-0184,e-commerce,1432.07,PIX,internet_banking,FP-371638,250.131.xxx.xxx,aprovada,0,,183,SP
TXN-000087,2024-02-19 05:15:03,CUST-00080,MERCH-0107,farmacias,138.31,cartao_debito,app_mobile,FP-396835,37.12.xxx.xxx,aprovada,0,,355,SC
TXN-000088,2024-01-04 00:36:07,CUST-00302,MERCH-0200,e-commerce,787.86,PIX,API,FP-325306,97.16.xxx.xxx,aprovada,0,,320,PR
TXN-000089,2024-02-25 18:32:25,CUST-00516,MERCH-0134,restaurantes,1167.34,cartao_credito,internet_banking,FP-976618,148.150.xxx.xxx,aprovada,0,,86,PI
TXN-000090,2024-01-24 09:40:44,CUST-00119,MERCH-0093,farmacias,34.17,boleto,app_mobile,FP-570777,202.214.xxx.xxx,aprovada,0,,303,AL
TXN-000091,2024-01-26 06:29:38,CUST-00621,MERCH-0127,servicos_digitais,167.24,TED,app_mobile,FP-288655,225.232.xxx.xxx,aprovada,0,,217,ES
TXN-000092,2024-02-11 21:16:52,CUST-00035,MERCH-0109,e-commerce,261.17,PIX,app_mobile,FP-683994,62.150.xxx.xxx,aprovada,0,,246,SP
TXN-000093,2024-02-09 16:44:49,CUST-00460,MERCH-0186,restaurantes,1434.77,cartao_credito,app_mobile,FP-634117,22.77.xxx.xxx,aprovada,0,,110,ES
TXN-000094,2024-02-27 02:19:39,CUST-00521,MERCH-0131,marketplace,549.02,cartao_credito,app_mobile,FP-438480,99.163.xxx.xxx,recusada,0,0,130,RJ
TXN-000095,2024-01-31 12:31:44,CUST-00631,MERCH-0074,e-commerce,106.72,PIX,app_mobile,FP-735615,193.54.xxx.xxx,pendente,0,,171,RJ
TXN-000096,2024-01-03 15:43:49,CUST-00173,MERCH-0007,restaurantes,269.61,PIX,API,,243.218.xxx.xxx,aprovada,0,,425,MT
TXN-000097,2024-01-14 06:48:32,CUST-00089,MERCH-0187,outros,176.45,cartao_credito,app_mobile,FP-451626,71.232.xxx.xxx,aprovada,0,,153,MG
TXN-000098,2024-01-04 11:02:17,CUST-00572,MERCH-0051,outros,982.32,cartao_debito,app_mobile,FP-953403,48.254.xxx.xxx,aprovada,0,,164,AC
TXN-000099,2024-01-04 18:26:24,CUST-00183,MERCH-0169,farmacias,394.15,PIX,app_mobile,FP-981529,60.149.xxx.xxx,pendente,0,,161,PI
TXN-000100,2024-01-11 21:50:06,CUST-00225,MERCH-0109,outros,181.38,cartao_credito,caixa_eletronico,FP-434397,170.58.xxx.xxx,aprovada,0,,231,ES
TXN-000101,2024-01-29 05:54:59,CUST-00030,MERCH-0173,marketplace,159.5,PIX,API,,114.217.xxx.xxx,aprovada,0,,44,RJ
TXN-000102,2024-02-13 11:04:05,CUST-00316,MERCH-0158,farmacias,48.71,cartao_debito,app_mobile,FP-665987,6.10.xxx.xxx,aprovada,0,,336,RO
TXN-000103,2024-01-05 18:40:47,CUST-00671,MERCH-0059,supermercados,53.47,TED,app_mobile,FP-492041,85.211.xxx.xxx,aprovada,0,,159,BA
TXN-000104,2024-01-05 02:31:53,CUST-00497,MERCH-0097,e-commerce,983.85,TED,app_mobile,FP-876497,225.138.xxx.xxx,aprovada,1,1,1129,RN
TXN-000105,2024-01-19 20:42:52,CUST-00401,MERCH-0118,servicos_digitais,134.2,cartao_credito,caixa_eletronico,FP-787919,148.241.xxx.xxx,aprovada,0,,174,ES
TXN-000106,2024-02-21 18:27:18,CUST-00720,MERCH-0148,supermercados,1627.43,TED,API,,60.228.xxx.xxx,estornada,0,,76,DF
TXN-000107,2024-02-27 14:44:39,CUST-00502,MERCH-0060,marketplace,200.97,PIX,internet_banking,FP-531865,80.172.xxx.xxx,aprovada,0,,297,ES
TXN-000108,2024-02-24 14:30:32,CUST-00215,MERCH-0132,servicos_digitais,388.17,cartao_debito,app_mobile,FP-868678,21.53.xxx.xxx,aprovada,0,,23,SP
TXN-000109,2024-01-20 03:53:59,CUST-00171,MERCH-0192,farmacias,548.28,boleto,app_mobile,FP-109708,76.60.xxx.xxx,recusada,0,,160,MG
TXN-000110,2024-02-24 17:46:24,CUST-00381,MERCH-0133,restaurantes,50.59,PIX,internet_banking,FP-320848,240.169.xxx.xxx,aprovada,0,,29,RJ
TXN-000111,2024-01-01 22:53:06,CUST-00486,MERCH-0118,marketplace,410.74,PIX,internet_banking,FP-591461,153.80.xxx.xxx,aprovada,0,,333,SP
TXN-000112,2024-02-26 17:54:36,CUST-00437,MERCH-0052,viagens,1876.48,TED,caixa_eletronico,FP-866150,56.143.xxx.xxx,aprovada,0,,53,ES
TXN-000113,2024-02-28 17:13:42,CUST-00607,MERCH-0060,marketplace,472.82,cartao_credito,API,,206.75.xxx.xxx,estornada,0,1,152,SP
TXN-000114,2024-01-30 09:00:43,CUST-00335,MERCH-0080,supermercados,162.22,PIX,internet_banking,FP-181998,227.109.xxx.xxx,recusada,0,,62,PR
TXN-000115,2024-02-17 14:00:02,CUST-00453,MERCH-0094,viagens,2605.72,PIX,app_mobile,FP-462798,187.217.xxx.xxx,recusada,0,,121,RS
TXN-000116,2024-01-02 00:52:06,CUST-00766,MERCH-0065,marketplace,318.69,TED,app_mobile,,70.17.xxx.xxx,aprovada,0,,218,PR
TXN-000117,2024-02-25 13:16:41,CUST-00059,MERCH-0193,servicos_digitais,235.59,cartao_credito,API,,95.14.xxx.xxx,aprovada,0,,266,RJ
TXN-000118,2024-01-12 14:17:04,CUST-00430,MERCH-0050,e-commerce,39.74,cartao_debito,app_mobile,FP-448824,215.162.xxx.xxx,aprovada,0,,216,MG
TXN-000119,2024-02-10 10:13:57,CUST-00413,MERCH-0022,servicos_digitais,936.74,cartao_credito,app_mobile,,156.101.xxx.xxx,aprovada,0,,82,BA
TXN-000120,2024-02-03 03:38:31,CUST-00121,MERCH-0161,farmacias,1142.52,cartao_credito,app_mobile,FP-927050,3.111.xxx.xxx,estornada,0,,64,RJ
TXN-000121,2024-01-13 21:17:40,CUST-00196,MERCH-0049,marketplace,85.96,TED,app_mobile,FP-409258,67.225.xxx.xxx,aprovada,0,,324,PI
TXN-000122,2024-01-17 13:14:04,CUST-00647,MERCH-0089,e-commerce,270.15,cartao_credito,app_mobile,FP-402712,54.175.xxx.xxx,aprovada,0,,151,SP
TXN-000123,2024-02-15 09:47:32,CUST-00224,MERCH-0083,marketplace,409.25,boleto,internet_banking,FP-716972,231.17.xxx.xxx,aprovada,0,,60,SP
TXN-000124,2024-01-10 17:30:03,CUST-00345,MERCH-0158,marketplace,360.82,TED,app_mobile,FP-556097,188.204.xxx.xxx,aprovada,0,,142,MG
TXN-000125,2024-01-23 17:57:56,CUST-00042,MERCH-0103,servicos_digitais,119.11,boleto,internet_banking,FP-274467,237.153.xxx.xxx,aprovada,0,,622,RJ
TXN-000126,2024-01-13 14:40:03,CUST-00143,MERCH-0118,restaurantes,79.14,cartao_credito,app_mobile,FP-280426,78.157.xxx.xxx,aprovada,0,,213,SP
TXN-000127,2024-02-06 08:05:02,CUST-00569,MERCH-0121,e-commerce,289.83,PIX,app_mobile,FP-840529,63.49.xxx.xxx,aprovada,0,,755,SC
TXN-000128,2024-02-27 22:58:06,CUST-00435,MERCH-0156,postos,809.8,PIX,internet_banking,FP-479878,88.0.xxx.xxx,aprovada,0,,80,PB
TXN-000129,2024-01-30 07:33:58,CUST-00217,MERCH-0124,farmacias,197.57,TED,internet_banking,FP-542223,46.83.xxx.xxx,aprovada,0,,67,SP
TXN-000130,2024-02-09 06:29:30,CUST-00672,MERCH-0125,servicos_digitais,314.06,PIX,app_mobile,FP-542978,198.27.xxx.xxx,aprovada,0,,150,MS
TXN-000131,2024-02-02 12:45:16,CUST-00730,MERCH-0173,servicos_digitais,77.64,boleto,app_mobile,,243.132.xxx.xxx,aprovada,0,,125,RR
TXN-000132,2024-01-12 19:14:07,CUST-00041,MERCH-0173,utilidades,338.39,cartao_debito,app_mobile,FP-669113,69.91.xxx.xxx,aprovada,0,,235,PE
TXN-000133,2024-01-04 13:18:46,CUST-00366,MERCH-0127,supermercados,265.71,TED,app_mobile,FP-580280,177.124.xxx.xxx,aprovada,0,,58,ES
TXN-000134,2024-01-15 05:57:11,CUST-00040,MERCH-0087,restaurantes,45.38,cartao_credito,caixa_eletronico,FP-543054,103.11.xxx.xxx,pendente,0,,335,SP
TXN-000135,2024-01-19 14:33:43,CUST-00120,MERCH-0013,supermercados,361.69,boleto,internet_banking,FP-897671,240.223.xxx.xxx,aprovada,0,,269,PR
TXN-000136,2024-01-28 15:53:39,CUST-00186,MERCH-0154,marketplace,199.8,TED,app_mobile,FP-201866,57.115.xxx.xxx,recusada,1,1,330,SC
TXN-000137,2024-02-27 18:59:17,CUST-00431,MERCH-0114,postos,53.42,TED,API,FP-658094,179.87.xxx.xxx,aprovada,0,0,223,SP
TXN-000138,2024-01-09 01:37:06,CUST-00354,MERCH-0008,marketplace,130.85,boleto,app_mobile,FP-754589,91.220.xxx.xxx,aprovada,0,,172,RO
TXN-000139,2024-02-06 10:28:33,CUST-00241,MERCH-0200,utilidades,292.16,PIX,internet_banking,FP-676790,105.180.xxx.xxx,estornada,0,,405,SC
TXN-000140,2024-01-31 20:28:10,CUST-00681,MERCH-0116,supermercados,108.53,cartao_debito,app_mobile,FP-519487,74.1.xxx.xxx,aprovada,0,,196,RJ
TXN-000141,2024-02-10 14:14:36,CUST-00595,MERCH-0021,outros,325.09,TED,internet_banking,FP-123942,84.127.xxx.xxx,aprovada,0,,284,MG
TXN-000142,2024-01-19 17:47:46,CUST-00524,MERCH-0052,utilidades,623.35,PIX,app_mobile,FP-132390,53.236.xxx.xxx,aprovada,0,,148,RJ
TXN-000143,2024-02-02 03:53:23,CUST-00619,MERCH-0105,utilidades,1049.13,boleto,app_mobile,FP-504032,19.213.xxx.xxx,recusada,0,,435,AP
TXN-000144,2024-01-03 07:16:18,CUST-00547,MERCH-0131,farmacias,396.54,cartao_credito,app_mobile,FP-925673,32.53.xxx.xxx,aprovada,0,,240,RS
TXN-000145,2024-02-02 23:52:19,CUST-00673,MERCH-0118,e-commerce,118.68,PIX,internet_banking,FP-356616,194.133.xxx.xxx,pendente,0,,186,MG
TXN-000146,2024-01-14 14:16:21,CUST-00780,MERCH-0184,e-commerce,161.23,PIX,app_mobile,FP-598372,183.225.xxx.xxx,aprovada,0,,74,RS
TXN-000147,2024-01-25 23:33:57,CUST-00394,MERCH-0185,restaurantes,92.24,PIX,app_mobile,FP-641922,104.244.xxx.xxx,aprovada,0,,188,RJ
TXN-000148,2024-02-06 08:19:40,CUST-00536,MERCH-0098,postos,1068.18,boleto,internet_banking,FP-458997,58.158.xxx.xxx,aprovada,0,,204,SP
TXN-000149,2024-02-25 06:49:00,CUST-00471,MERCH-0171,utilidades,260.95,boleto,caixa_eletronico,FP-445521,130.34.xxx.xxx,aprovada,0,,36,AL
TXN-000150,2024-01-24 18:10:27,CUST-00254,MERCH-0117,marketplace,369.17,cartao_credito,internet_banking,FP-378673,142.142.xxx.xxx,aprovada,1,,105,RS
TXN-000151,2024-02-26 20:43:38,CUST-00250,MERCH-0114,servicos_digitais,465.96,cartao_debito,app_mobile,FP-668714,151.110.xxx.xxx,aprovada,0,0,198,ES
TXN-000152,2024-01-25 10:36:53,CUST-00001,MERCH-0166,servicos_digitais,63.34,cartao_debito,internet_banking,FP-361118,88.140.xxx.xxx,aprovada,0,,144,CE
TXN-000153,2024-02-15 16:21:33,CUST-00522,MERCH-0088,supermercados,362.6,PIX,caixa_eletronico,FP-291528,50.55.xxx.xxx,aprovada,0,,296,MG
TXN-000154,2024-01-30 03:11:37,CUST-00702,MERCH-0041,utilidades,327.11,PIX,internet_banking,FP-641554,252.242.xxx.xxx,aprovada,0,,89,PE
TXN-000155,2024-02-06 00:00:21,CUST-00311,MERCH-0101,e-commerce,612.37,TED,app_mobile,,241.206.xxx.xxx,aprovada,0,,211,SE
TXN-000156,2024-01-25 20:21:30,CUST-00734,MERCH-0052,marketplace,594.76,TED,app_mobile,FP-561481,220.140.xxx.xxx,recusada,1,1,657,SC
TXN-000157,2024-02-07 20:54:45,CUST-00048,MERCH-0026,restaurantes,77.42,boleto,internet_banking,FP-664024,95.224.xxx.xxx,aprovada,0,,50,CE
TXN-000158,2024-01-15 17:39:20,CUST-00424,MERCH-0140,utilidades,306.93,cartao_debito,internet_banking,FP-656822,210.149.xxx.xxx,aprovada,0,,396,MT
TXN-000159,2024-02-13 06:53:00,CUST-00792,MERCH-0181,viagens,101.6,PIX,app_mobile,FP-124262,36.61.xxx.xxx,aprovada,0,,433,RS
TXN-000160,2024-02-12 10:45:57,CUST-00580,MERCH-0086,outros,113.08,boleto,API,FP-685410,200.57.xxx.xxx,aprovada,0,,179,CE
TXN-000161,2024-01-19 12:48:00,CUST-00666,MERCH-0190,servicos_digitais,105.94,cartao_credito,app_mobile,FP-290498,166.173.xxx.xxx,aprovada,0,,362,RN
TXN-000162,2024-01-01 14:48:20,CUST-00301,MERCH-0150,restaurantes,159.11,TED,app_mobile,FP-579989,168.102.xxx.xxx,aprovada,0,,89,RJ
TXN-000163,2024-01-18 15:07:39,CUST-00316,MERCH-0059,e-commerce,175.03,cartao_debito,API,,42.217.xxx.xxx,aprovada,0,,117,TO
TXN-000164,2024-01-12 22:52:02,CUST-00451,MERCH-0115,servicos_digitais,1687.23,TED,app_mobile,FP-908435,98.63.xxx.xxx,aprovada,1,,82,SP
TXN-000165,2024-02-28 17:23:56,CUST-00501,MERCH-0123,postos,126.99,boleto,app_mobile,FP-579150,5.3.xxx.xxx,aprovada,0,,335,AM
TXN-000166,2024-01-30 04:40:07,CUST-00668,MERCH-0153,marketplace,564.08,cartao_credito,internet_banking,FP-793058,76.190.xxx.xxx,recusada,0,,854,RS
TXN-000167,2024-02-05 10:40:12,CUST-00186,MERCH-0068,utilidades,242.92,PIX,app_mobile,,7.169.xxx.xxx,aprovada,0,,97,RS
TXN-000168,2024-01-17 11:31:24,CUST-00538,MERCH-0138,e-commerce,53.42,PIX,API,FP-100756,80.243.xxx.xxx,aprovada,0,,92,AL
TXN-000169,2024-01-10 08:37:27,CUST-00734,MERCH-0037,supermercados,109.85,cartao_credito,API,,25.206.xxx.xxx,aprovada,0,,41,SC
TXN-000170,2024-02-14 20:53:08,CUST-00337,MERCH-0149,restaurantes,65.91,cartao_debito,internet_banking,FP-884267,232.197.xxx.xxx,aprovada,0,,240,RS
TXN-000171,2024-01-02 03:17:31,CUST-00331,MERCH-0055,supermercados,2462.6,cartao_debito,app_mobile,FP-561229,31.143.xxx.xxx,aprovada,0,,26,RJ
TXN-000172,2024-02-23 07:01:53,CUST-00500,MERCH-0110,farmacias,510.42,PIX,API,FP-338157,250.234.xxx.xxx,aprovada,0,,310,MA
TXN-000173,2024-02-23 17:16:44,CUST-00447,MERCH-0131,outros,248.67,PIX,API,FP-117531,51.181.xxx.xxx,aprovada,0,,283,SP
TXN-000174,2024-02-21 13:01:00,CUST-00236,MERCH-0193,e-commerce,1752.59,PIX,internet_banking,FP-739280,109.103.xxx.xxx,aprovada,0,,108,SC
TXN-000175,2024-02-16 06:25:56,CUST-00432,MERCH-0157,farmacias,289.09,PIX,API,,194.210.xxx.xxx,aprovada,0,,124,RJ
TXN-000176,2024-02-07 23:05:42,CUST-00430,MERCH-0150,restaurantes,71.05,PIX,app_mobile,FP-564919,37.141.xxx.xxx,pendente,0,,171,MG
TXN-000177,2024-02-15 17:45:51,CUST-00613,MERCH-0194,marketplace,304.24,TED,caixa_eletronico,FP-385320,244.20.xxx.xxx,pendente,0,,131,ES
TXN-000178,2024-02-17 07:30:03,CUST-00727,MERCH-0171,servicos_digitais,336.93,PIX,app_mobile,FP-553485,108.29.xxx.xxx,aprovada,0,,695,PE
TXN-000179,2024-02-10 17:50:40,CUST-00337,MERCH-0112,restaurantes,227.73,PIX,app_mobile,FP-918855,212.249.xxx.xxx,aprovada,0,,684,PR
TXN-000180,2024-02-28 09:58:29,CUST-00044,MERCH-0101,e-commerce,431.56,cartao_credito,internet_banking,,166.225.xxx.xxx,aprovada,0,,471,ES
TXN-000181,2024-02-11 22:09:38,CUST-00797,MERCH-0065,restaurantes,2425.55,PIX,internet_banking,FP-469495,250.127.xxx.xxx,aprovada,0,,230,MT
TXN-000182,2024-02-23 03:14:58,CUST-00572,MERCH-0091,restaurantes,1107.03,cartao_credito,caixa_eletronico,FP-976856,248.116.xxx.xxx,aprovada,0,,196,AM
TXN-000183,2024-01-19 01:51:32,CUST-00510,MERCH-0093,servicos_digitais,233.88,PIX,API,FP-216895,49.158.xxx.xxx,aprovada,0,,93,RJ
TXN-000184,2024-01-10 01:33:11,CUST-00204,MERCH-0137,e-commerce,187.45,cartao_debito,API,,99.53.xxx.xxx,aprovada,0,,76,TO
TXN-000185,2024-02-01 10:35:35,CUST-00085,MERCH-0127,outros,329.35,TED,app_mobile,FP-329612,63.115.xxx.xxx,aprovada,0,,383,PE
TXN-000186,2024-02-24 00:19:30,CUST-00425,MERCH-0100,supermercados,1351.41,cartao_debito,app_mobile,FP-481649,206.134.xxx.xxx,aprovada,0,,101,RJ
TXN-000187,2024-01-14 01:23:27,CUST-00710,MERCH-0130,postos,1038.04,cartao_credito,internet_banking,FP-209898,207.116.xxx.xxx,aprovada,0,,132,RJ
TXN-000188,2024-02-14 16:26:03,CUST-00055,MERCH-0089,restaurantes,323.72,cartao_debito,app_mobile,FP-166874,175.181.xxx.xxx,aprovada,0,,263,SP
TXN-000189,2024-01-13 22:44:37,CUST-00722,MERCH-0146,outros,311.99,PIX,internet_banking,FP-526919,37.161.xxx.xxx,recusada,0,0,252,MG
TXN-000190,2024-02-29 14:22:30,CUST-00073,MERCH-0180,e-commerce,166.95,TED,app_mobile,FP-527372,98.242.xxx.xxx,pendente,0,0,68,MG
TXN-000191,2024-02-18 12:20:34,CUST-00259,MERCH-0116,e-commerce,102.69,PIX,app_mobile,FP-121391,226.31.xxx.xxx,aprovada,0,,54,RS
TXN-000192,2024-01-03 16:26:14,CUST-00314,MERCH-0089,servicos_digitais,428.34,cartao_debito,app_mobile,FP-262184,154.191.xxx.xxx,aprovada,0,,156,MA
TXN-000193,2024-01-03 22:42:04,CUST-00456,MERCH-0075,restaurantes,486.47,boleto,API,,152.85.xxx.xxx,aprovada,0,,165,MG
TXN-000194,2024-01-12 07:11:19,CUST-00459,MERCH-0016,restaurantes,223.12,PIX,app_mobile,FP-950297,216.50.xxx.xxx,pendente,0,,398,ES
TXN-000195,2024-02-01 02:23:28,CUST-00290,MERCH-0126,e-commerce,782.1,cartao_credito,app_mobile,FP-739278,100.156.xxx.xxx,aprovada,0,,154,BA
TXN-000196,2024-01-30 19:38:27,CUST-00092,MERCH-0008,utilidades,91.86,cartao_credito,internet_banking,FP-297382,91.26.xxx.xxx,aprovada,0,,154,RJ
TXN-000197,2024-01-21 19:48:19,CUST-00046,MERCH-0053,e-commerce,392.17,boleto,API,,12.195.xxx.xxx,aprovada,0,0,111,RJ
TXN-000198,2024-01-23 04:08:41,CUST-00400,MERCH-0109,postos,230.18,cartao_credito,app_mobile,FP-756608,80.104.xxx.xxx,aprovada,0,,232,SC
TXN-000199,2024-02-06 14:46:50,CUST-00424,MERCH-0102,marketplace,230.29,boleto,caixa_eletronico,FP-235149,170.114.xxx.xxx,aprovada,1,1,173,MS
TXN-000200,2024-02-08 15:53:01,CUST-00698,MERCH-0052,marketplace,31.37,PIX,API,,128.102.xxx.xxx,pendente,0,,52,RJ
TXN-000201,2024-01-07 13:03:15,CUST-00086,MERCH-0129,marketplace,39.45,cartao_debito,app_mobile,FP-320653,186.162.xxx.xxx,aprovada,1,1,1419,MG
TXN-000202,2024-02-06 21:32:39,CUST-00401,MERCH-0113,e-commerce,109.12,PIX,app_mobile,FP-984392,63.147.xxx.xxx,aprovada,0,,152,SP
TXN-000203,2024-01-17 11:55:52,CUST-00738,MERCH-0058,viagens,55.47,TED,app_mobile,,140.37.xxx.xxx,aprovada,0,,68,ES
TXN-000204,2024-01-24 01:48:32,CUST-00461,MERCH-0040,restaurantes,1545.63,cartao_debito,app_mobile,FP-334713,37.146.xxx.xxx,aprovada,0,,340,PE
TXN-000205,2024-02-11 22:01:08,CUST-00022,MERCH-0103,servicos_digitais,630.15,PIX,internet_banking,FP-318209,242.207.xxx.xxx,aprovada,0,,472,ES
TXN-000206,2024-02-01 15:39:38,CUST-00346,MERCH-0187,restaurantes,39.68,PIX,internet_banking,FP-585884,141.209.xxx.xxx,aprovada,0,,31,RR
TXN-000207,2024-02-10 00:18:15,CUST-00308,MERCH-0047,e-commerce,77.65,PIX,internet_banking,,53.197.xxx.xxx,pendente,0,,234,RJ
TXN-000208,2024-01-15 15:07:02,CUST-00203,MERCH-0174,farmacias,586.18,cartao_debito,API,,6.4.xxx.xxx,aprovada,0,,91,RS
TXN-000209,2024-01-30 20:40:15,CUST-00219,MERCH-0181,servicos_digitais,665.31,TED,API,,206.81.xxx.xxx,aprovada,0,,52,MS
TXN-000210,2024-01-28 07:19:26,CUST-00481,MERCH-0194,restaurantes,363.33,boleto,API,FP-600044,44.10.xxx.xxx,aprovada,0,,171,ES
TXN-000211,2024-02-17 17:54:00,CUST-00021,MERCH-0172,outros,124.13,cartao_debito,API,,75.42.xxx.xxx,aprovada,0,,373,PR
TXN-000212,2024-02-05 11:00:53,CUST-00174,MERCH-0043,utilidades,403.54,PIX,app_mobile,FP-421531,68.229.xxx.xxx,aprovada,1,1,950,ES
TXN-000213,2024-01-02 00:52:52,CUST-00640,MERCH-0173,viagens,937.53,PIX,app_mobile,FP-484611,206.217.xxx.xxx,aprovada,0,,170,MT
TXN-000214,2024-01-09 02:07:02,CUST-00274,MERCH-0033,utilidades,915.04,boleto,app_mobile,FP-178029,46.191.xxx.xxx,recusada,0,0,179,DF
TXN-000215,2024-02-14 17:39:20,CUST-00642,MERCH-0191,restaurantes,312.79,TED,internet_banking,FP-853144,244.46.xxx.xxx,pendente,0,,241,RS
TXN-000216,2024-02-21 09:26:11,CUST-00641,MERCH-0188,marketplace,236.76,cartao_credito,internet_banking,FP-164242,114.94.xxx.xxx,aprovada,0,,51,MG
TXN-000217,2024-01-13 00:57:53,CUST-00194,MERCH-0154,viagens,36.4,PIX,app_mobile,FP-328860,110.128.xxx.xxx,aprovada,0,,103,PE
TXN-000218,2024-01-07 02:17:41,CUST-00064,MERCH-0115,supermercados,1547.15,boleto,app_mobile,FP-192517,82.185.xxx.xxx,aprovada,0,,234,MG
TXN-000219,2024-02-16 15:31:36,CUST-00367,MERCH-0044,postos,354.48,TED,internet_banking,FP-587529,226.236.xxx.xxx,aprovada,0,,90,ES
TXN-000220,2024-01-15 19:46:53,CUST-00464,MERCH-0170,e-commerce,384.95,cartao_credito,app_mobile,FP-292843,56.48.xxx.xxx,pendente,0,,120,SE
TXN-000221,2024-01-27 23:01:01,CUST-00563,MERCH-0171,marketplace,17.74,cartao_debito,internet_banking,FP-170156,244.165.xxx.xxx,aprovada,0,,303,ES
TXN-000222,2024-01-30 21:42:35,CUST-00014,MERCH-0136,restaurantes,458.53,TED,app_mobile,FP-946331,177.65.xxx.xxx,aprovada,0,0,117,ES
TXN-000223,2024-01-23 15:57:02,CUST-00335,MERCH-0088,utilidades,1187.1,boleto,internet_banking,FP-303819,231.65.xxx.xxx,aprovada,0,,308,RS
TXN-000224,2024-02-17 10:29:32,CUST-00256,MERCH-0083,supermercados,873.64,cartao_credito,app_mobile,FP-731871,231.136.xxx.xxx,aprovada,1,1,234,MG
TXN-000225,2024-01-24 22:35:10,CUST-00486,MERCH-0082,marketplace,431.35,PIX,app_mobile,FP-662361,52.96.xxx.xxx,aprovada,0,,221,SP
TXN-000226,2024-01-28 10:10:14,CUST-00517,MERCH-0076,marketplace,688.53,TED,internet_banking,FP-899406,108.40.xxx.xxx,aprovada,0,,218,ES
TXN-000227,2024-02-13 02:55:10,CUST-00609,MERCH-0033,servicos_digitais,110.93,PIX,app_mobile,,14.167.xxx.xxx,aprovada,0,,178,ES
TXN-000228,2024-02-01 10:42:17,CUST-00662,MERCH-0146,postos,64.31,TED,caixa_eletronico,FP-857886,184.67.xxx.xxx,aprovada,0,,250,RS
TXN-000229,2024-01-09 22:02:52,CUST-00241,MERCH-0140,servicos_digitais,118.89,boleto,app_mobile,FP-928090,102.79.xxx.xxx,aprovada,0,,96,RS
TXN-000230,2024-02-24 03:29:57,CUST-00661,MERCH-0036,e-commerce,616.56,cartao_debito,internet_banking,FP-892684,163.202.xxx.xxx,aprovada,0,,159,RN
TXN-000231,2024-01-04 11:53:56,CUST-00604,MERCH-0043,marketplace,660.49,cartao_debito,app_mobile,FP-107706,235.144.xxx.xxx,aprovada,0,,237,RJ
TXN-000232,2024-02-01 18:06:02,CUST-00201,MERCH-0172,utilidades,204.48,TED,internet_banking,FP-293810,29.21.xxx.xxx,aprovada,0,,56,PA
TXN-000233,2024-01-29 23:48:40,CUST-00766,MERCH-0161,servicos_digitais,681.25,cartao_credito,API,FP-327337,131.12.xxx.xxx,aprovada,0,,118,SC
TXN-000234,2024-02-28 10:19:33,CUST-00401,MERCH-0064,servicos_digitais,646.45,boleto,internet_banking,FP-100283,219.15.xxx.xxx,aprovada,0,,95,SP
TXN-000235,2024-01-16 11:37:55,CUST-00582,MERCH-0077,e-commerce,170.1,TED,internet_banking,FP-416722,37.134.xxx.xxx,aprovada,0,,35,PB
TXN-000236,2024-01-03 22:45:41,CUST-00699,MERCH-0070,utilidades,108.71,boleto,app_mobile,FP-603028,17.78.xxx.xxx,aprovada,0,,145,SP
TXN-000237,2024-01-17 23:49:58,CUST-00423,MERCH-0069,outros,130.58,cartao_debito,app_mobile,FP-297205,61.229.xxx.xxx,aprovada,0,0,194,MS
TXN-000238,2024-01-05 14:12:15,CUST-00238,MERCH-0096,marketplace,1042.9,PIX,app_mobile,FP-436290,189.177.xxx.xxx,aprovada,0,,228,MG
TXN-000239,2024-02-18 00:17:36,CUST-00689,MERCH-0092,restaurantes,78.26,TED,API,,139.84.xxx.xxx,aprovada,0,,199,GO
TXN-000240,2024-01-16 11:29:38,CUST-00763,MERCH-0129,utilidades,73.07,cartao_debito,API,,148.2.xxx.xxx,aprovada,0,,40,PR
TXN-000241,2024-02-17 11:52:19,CUST-00343,MERCH-0101,e-commerce,288.55,cartao_credito,caixa_eletronico,FP-527817,177.54.xxx.xxx,aprovada,0,,137,RJ
TXN-000242,2024-01-30 18:19:37,CUST-00712,MERCH-0007,marketplace,269.25,TED,caixa_eletronico,FP-317146,48.36.xxx.xxx,aprovada,0,,105,ES
TXN-000243,2024-02-11 14:31:58,CUST-00312,MERCH-0128,restaurantes,445.32,boleto,internet_banking,,180.242.xxx.xxx,aprovada,0,,114,SP
TXN-000244,2024-02-17 14:30:05,CUST-00360,MERCH-0024,outros,438.78,TED,API,FP-198572,117.194.xxx.xxx,aprovada,0,,86,BA
TXN-000245,2024-02-13 19:22:11,CUST-00721,MERCH-0179,marketplace,194.46,TED,app_mobile,FP-661683,168.24.xxx.xxx,aprovada,0,,324,GO
TXN-000246,2024-01-04 20:46:44,CUST-00167,MERCH-0199,marketplace,73.29,TED,app_mobile,FP-285211,198.192.xxx.xxx,aprovada,1,1,75,ES
TXN-000247,2024-01-10 20:36:00,CUST-00119,MERCH-0179,e-commerce,305.46,PIX,API,,230.188.xxx.xxx,aprovada,0,,110,PE
TXN-000248,2024-01-07 07:52:10,CUST-00069,MERCH-0036,e-commerce,220.09,cartao_credito,internet_banking,FP-698129,48.100.xxx.xxx,aprovada,0,,52,MG
TXN-000249,2024-01-19 00:16:12,CUST-00673,MERCH-0101,supermercados,101.95,PIX,app_mobile,FP-926369,4.57.xxx.xxx,aprovada,1,1,271,MG
TXN-000250,2024-01-21 17:37:59,CUST-00492,MERCH-0139,marketplace,63.54,cartao_debito,internet_banking,FP-799486,33.74.xxx.xxx,recusada,0,,167,SP
TXN-000251,2024-02-10 03:32:41,CUST-00772,MERCH-0200,servicos_digitais,312.44,TED,app_mobile,FP-861785,239.191.xxx.xxx,aprovada,0,,84,GO
TXN-000252,2024-02-09 11:17:16,CUST-00522,MERCH-0111,restaurantes,325.72,cartao_credito,app_mobile,FP-688971,22.74.xxx.xxx,aprovada,0,,115,MG
TXN-000253,2024-01-30 11:11:56,CUST-00350,MERCH-0194,servicos_digitais,972.76,cartao_debito,API,,178.70.xxx.xxx,recusada,0,,166,SC
TXN-000254,2024-01-25 10:15:14,CUST-00065,MERCH-0083,restaurantes,314.75,boleto,API,,90.156.xxx.xxx,pendente,0,,84,MG
TXN-000255,2024-01-19 06:53:37,CUST-00675,MERCH-0093,servicos_digitais,538.16,cartao_credito,app_mobile,FP-314396,205.236.xxx.xxx,aprovada,0,,188,MG
TXN-000256,2024-02-02 18:08:02,CUST-00649,MERCH-0146,marketplace,88.63,cartao_debito,internet_banking,FP-367099,156.36.xxx.xxx,aprovada,0,,173,ES
TXN-000257,2024-02-10 19:49:12,CUST-00582,MERCH-0047,marketplace,226.03,PIX,app_mobile,FP-157149,11.35.xxx.xxx,aprovada,0,,162,CE
TXN-000258,2024-01-27 21:51:42,CUST-00346,MERCH-0091,marketplace,577.98,PIX,app_mobile,FP-680607,150.162.xxx.xxx,recusada,0,,51,RR
TXN-000259,2024-01-09 20:27:34,CUST-00165,MERCH-0105,supermercados,506.7,cartao_debito,API,,43.88.xxx.xxx,aprovada,0,0,79,AP
TXN-000260,2024-02-07 13:05:02,CUST-00615,MERCH-0099,farmacias,174.38,PIX,caixa_eletronico,FP-124145,139.139.xxx.xxx,recusada,0,,118,PR
TXN-000261,2024-02-29 18:32:24,CUST-00520,MERCH-0104,postos,2186.48,TED,app_mobile,FP-524780,71.127.xxx.xxx,aprovada,0,,189,SC
TXN-000262,2024-02-13 21:48:32,CUST-00067,MERCH-0115,viagens,182.14,PIX,internet_banking,FP-367309,90.117.xxx.xxx,pendente,0,,243,RJ
TXN-000263,2024-01-04 12:34:10,CUST-00201,MERCH-0112,outros,1244.1,TED,caixa_eletronico,FP-340216,105.159.xxx.xxx,aprovada,0,,461,AC
TXN-000264,2024-01-23 22:29:28,CUST-00172,MERCH-0200,e-commerce,27.32,boleto,internet_banking,FP-858339,46.78.xxx.xxx,aprovada,0,,151,MT
TXN-000265,2024-01-06 12:28:12,CUST-00517,MERCH-0095,postos,627.07,PIX,internet_banking,FP-357728,117.89.xxx.xxx,aprovada,0,,57,SP
TXN-000266,2024-01-28 21:13:49,CUST-00001,MERCH-0135,farmacias,152.73,cartao_credito,internet_banking,FP-644898,91.207.xxx.xxx,aprovada,0,,260,AL
TXN-000267,2024-01-21 02:05:44,CUST-00038,MERCH-0193,e-commerce,266.12,boleto,caixa_eletronico,FP-769467,193.75.xxx.xxx,aprovada,0,,198,RJ
TXN-000268,2024-01-14 19:37:07,CUST-00251,MERCH-0053,e-commerce,232.52,PIX,app_mobile,FP-153840,63.74.xxx.xxx,aprovada,0,,15,SP
TXN-000269,2024-02-12 01:51:14,CUST-00670,MERCH-0123,e-commerce,273.34,PIX,caixa_eletronico,FP-425416,237.84.xxx.xxx,aprovada,1,0,66,AC
TXN-000270,2024-02-13 12:45:05,CUST-00025,MERCH-0133,farmacias,347.43,cartao_credito,internet_banking,FP-895337,125.221.xxx.xxx,aprovada,0,,288,SP
TXN-000271,2024-02-12 16:57:05,CUST-00732,MERCH-0071,viagens,478.86,cartao_debito,app_mobile,,78.6.xxx.xxx,aprovada,0,,117,ES
TXN-000272,2024-01-01 01:19:16,CUST-00216,MERCH-0043,outros,2200.34,PIX,app_mobile,FP-183854,172.235.xxx.xxx,pendente,0,,69,MG
TXN-000273,2024-02-02 02:21:12,CUST-00760,MERCH-0153,restaurantes,2091.82,TED,app_mobile,FP-954517,6.222.xxx.xxx,aprovada,0,,32,SC
TXN-000274,2024-01-11 08:09:19,CUST-00264,MERCH-0139,servicos_digitais,224.38,cartao_debito,caixa_eletronico,FP-519273,108.169.xxx.xxx,aprovada,0,,53,SP
TXN-000275,2024-01-15 22:57:11,CUST-00443,MERCH-0126,farmacias,166.4,boleto,app_mobile,FP-324425,104.220.xxx.xxx,pendente,0,,84,RS
TXN-000276,2024-02-06 14:07:07,CUST-00608,MERCH-0024,utilidades,434.88,PIX,app_mobile,FP-831259,166.77.xxx.xxx,pendente,0,1,60,RS
TXN-000277,2024-02-04 16:27:14,CUST-00696,MERCH-0022,restaurantes,158.36,PIX,app_mobile,FP-961331,237.98.xxx.xxx,estornada,0,,207,SC
TXN-000278,2024-01-07 23:02:03,CUST-00539,MERCH-0180,servicos_digitais,328.77,PIX,app_mobile,FP-334662,177.145.xxx.xxx,aprovada,0,,288,ES
TXN-000279,2024-01-30 17:57:39,CUST-00522,MERCH-0080,marketplace,559.02,cartao_credito,app_mobile,FP-583694,39.79.xxx.xxx,aprovada,1,,55,RJ
TXN-000280,2024-01-08 03:07:57,CUST-00153,MERCH-0172,marketplace,183.74,TED,app_mobile,FP-716217,78.107.xxx.xxx,pendente,0,,97,ES
TXN-000281,2024-02-15 00:02:32,CUST-00510,MERCH-0182,restaurantes,160.96,TED,internet_banking,FP-888019,146.94.xxx.xxx,aprovada,0,,117,ES
TXN-000282,2024-01-24 07:17:42,CUST-00144,MERCH-0003,supermercados,115.82,cartao_debito,app_mobile,FP-939079,158.190.xxx.xxx,aprovada,0,,81,RJ
TXN-000283,2024-02-19 00:41:28,CUST-00675,MERCH-0198,marketplace,3093.75,TED,internet_banking,FP-577052,247.148.xxx.xxx,pendente,0,0,322,MG
TXN-000284,2024-02-29 02:30:52,CUST-00475,MERCH-0059,supermercados,319.59,boleto,caixa_eletronico,FP-513990,68.2.xxx.xxx,aprovada,0,,363,ES
TXN-000285,2024-02-10 11:06:34,CUST-00560,MERCH-0170,e-commerce,3263.3,cartao_credito,internet_banking,FP-323781,137.147.xxx.xxx,aprovada,0,,168,SC
TXN-000286,2024-01-20 10:37:58,CUST-00559,MERCH-0192,e-commerce,89.4,TED,app_mobile,FP-406516,172.131.xxx.xxx,aprovada,0,,66,RJ
TXN-000287,2024-01-31 01:10:10,CUST-00296,MERCH-0046,outros,1954.45,cartao_credito,internet_banking,FP-227338,129.238.xxx.xxx,aprovada,0,,119,SP
TXN-000288,2024-02-07 15:49:38,CUST-00181,MERCH-0137,servicos_digitais,102.68,cartao_debito,app_mobile,FP-894101,162.179.xxx.xxx,aprovada,0,,48,ES
TXN-000289,2024-01-21 14:50:04,CUST-00413,MERCH-0191,e-commerce,440.27,cartao_debito,internet_banking,FP-918691,127.234.xxx.xxx,aprovada,0,,163,BA
TXN-000290,2024-02-06 04:04:30,CUST-00681,MERCH-0127,restaurantes,639.01,TED,caixa_eletronico,FP-898578,88.61.xxx.xxx,aprovada,0,,69,MG
TXN-000291,2024-01-29 11:47:28,CUST-00436,MERCH-0072,e-commerce,2182.45,PIX,API,,20.186.xxx.xxx,aprovada,1,1,134,SP
TXN-000292,2024-02-20 23:13:56,CUST-00141,MERCH-0032,restaurantes,78.83,cartao_credito,app_mobile,FP-939250,21.118.xxx.xxx,aprovada,0,,382,SP
TXN-000293,2024-02-23 00:25:22,CUST-00592,MERCH-0014,marketplace,151.35,cartao_debito,app_mobile,FP-716881,2.54.xxx.xxx,aprovada,0,,160,MS
TXN-000294,2024-02-24 11:40:06,CUST-00606,MERCH-0121,utilidades,388.02,PIX,app_mobile,FP-277596,189.122.xxx.xxx,aprovada,0,1,219,MG
TXN-000295,2024-02-23 03:54:57,CUST-00505,MERCH-0152,marketplace,127.7,TED,internet_banking,FP-382444,64.63.xxx.xxx,aprovada,0,,447,SP
TXN-000296,2024-01-25 13:23:02,CUST-00196,MERCH-0064,viagens,40.86,cartao_debito,caixa_eletronico,FP-817297,102.68.xxx.xxx,aprovada,0,,310,BA
TXN-000297,2024-01-02 08:03:46,CUST-00713,MERCH-0095,farmacias,31.05,TED,app_mobile,FP-791557,133.140.xxx.xxx,aprovada,0,,123,RJ
TXN-000298,2024-01-24 13:41:29,CUST-00682,MERCH-0016,supermercados,99.44,boleto,app_mobile,FP-313741,106.56.xxx.xxx,aprovada,0,,299,MS
TXN-000299,2024-02-21 10:02:22,CUST-00781,MERCH-0123,e-commerce,120.27,cartao_debito,app_mobile,FP-603683,57.224.xxx.xxx,estornada,0,,180,ES
TXN-000300,2024-01-11 15:54:33,CUST-00149,MERCH-0017,marketplace,257.03,TED,app_mobile,FP-352943,231.144.xxx.xxx,aprovada,0,,69,RJ
TXN-000301,2024-02-10 18:01:58,CUST-00568,MERCH-0065,supermercados,76.56,PIX,app_mobile,FP-309156,161.205.xxx.xxx,aprovada,0,,51,MG
TXN-000302,2024-01-24 18:37:16,CUST-00201,MERCH-0111,postos,765.21,cartao_credito,app_mobile,,20.52.xxx.xxx,pendente,0,,74,AM
TXN-000303,2024-01-08 01:10:46,CUST-00757,MERCH-0095,e-commerce,435.74,boleto,internet_banking,FP-716038,105.61.xxx.xxx,aprovada,0,,175,GO
TXN-000304,2024-02-28 02:11:41,CUST-00257,MERCH-0126,supermercados,796.64,cartao_debito,caixa_eletronico,FP-531813,228.169.xxx.xxx,recusada,0,,127,RS
TXN-000305,2024-02-13 22:03:55,CUST-00366,MERCH-0060,supermercados,374.85,PIX,internet_banking,FP-305369,212.107.xxx.xxx,aprovada,0,0,96,ES
TXN-000306,2024-01-20 19:44:08,CUST-00121,MERCH-0041,postos,822.92,cartao_credito,caixa_eletronico,,96.17.xxx.xxx,aprovada,0,,54,SP
TXN-000307,2024-01-23 06:12:28,CUST-00446,MERCH-0150,viagens,464.65,PIX,internet_banking,FP-265042,213.110.xxx.xxx,estornada,0,,98,SC
TXN-000308,2024-01-02 22:40:04,CUST-00220,MERCH-0178,marketplace,225.98,PIX,caixa_eletronico,FP-872804,180.57.xxx.xxx,aprovada,0,,216,AP
TXN-000309,2024-01-18 10:56:49,CUST-00531,MERCH-0019,supermercados,1351.01,PIX,app_mobile,FP-455584,135.47.xxx.xxx,aprovada,0,,43,RS
TXN-000310,2024-01-14 13:33:12,CUST-00211,MERCH-0185,servicos_digitais,270.03,PIX,internet_banking,FP-897064,83.235.xxx.xxx,aprovada,0,,57,RS
TXN-000311,2024-02-26 21:06:26,CUST-00776,MERCH-0166,e-commerce,750.36,cartao_credito,internet_banking,FP-884829,248.13.xxx.xxx,aprovada,0,,335,SP
TXN-000312,2024-01-29 08:43:50,CUST-00297,MERCH-0126,marketplace,398.48,PIX,caixa_eletronico,FP-257891,45.147.xxx.xxx,aprovada,0,,48,RR
TXN-000313,2024-01-05 06:52:06,CUST-00027,MERCH-0093,restaurantes,109.95,PIX,app_mobile,FP-257242,104.193.xxx.xxx,aprovada,0,,827,SC
TXN-000314,2024-01-05 18:10:24,CUST-00379,MERCH-0161,postos,187.19,cartao_credito,caixa_eletronico,FP-352067,106.235.xxx.xxx,aprovada,0,0,290,RJ
TXN-000315,2024-01-13 01:33:25,CUST-00542,MERCH-0165,utilidades,38.86,boleto,internet_banking,FP-622659,226.127.xxx.xxx,aprovada,0,,123,SP
TXN-000316,2024-01-07 08:41:50,CUST-00690,MERCH-0171,e-commerce,647.24,TED,internet_banking,FP-266296,6.124.xxx.xxx,aprovada,0,,84,ES
TXN-000317,2024-01-25 10:51:10,CUST-00797,MERCH-0194,e-commerce,172.21,cartao_credito,caixa_eletronico,FP-295652,104.117.xxx.xxx,aprovada,0,,59,GO
TXN-000318,2024-01-28 03:57:08,CUST-00422,MERCH-0028,utilidades,791.61,cartao_debito,API,,129.91.xxx.xxx,aprovada,0,,112,GO
TXN-000319,2024-02-03 00:05:31,CUST-00064,MERCH-0054,e-commerce,635.62,cartao_credito,app_mobile,FP-303768,213.131.xxx.xxx,estornada,0,,132,RJ
TXN-000320,2024-02-22 20:29:32,CUST-00127,MERCH-0058,e-commerce,240.41,boleto,app_mobile,FP-136445,186.39.xxx.xxx,aprovada,0,,251,ES
TXN-000321,2024-01-10 06:04:59,CUST-00399,MERCH-0003,farmacias,542.15,cartao_debito,app_mobile,FP-127859,208.15.xxx.xxx,pendente,0,,392,GO
TXN-000322,2024-01-24 17:27:36,CUST-00014,MERCH-0153,restaurantes,239.81,TED,internet_banking,FP-535694,235.1.xxx.xxx,aprovada,0,,112,MG
TXN-000323,2024-02-21 01:34:44,CUST-00127,MERCH-0088,restaurantes,140.27,cartao_debito,app_mobile,FP-893269,105.99.xxx.xxx,recusada,0,,51,RJ
TXN-000324,2024-02-02 18:53:08,CUST-00344,MERCH-0134,farmacias,4099.81,PIX,API,,94.10.xxx.xxx,aprovada,0,,8,RN
TXN-000325,2024-01-05 12:01:22,CUST-00762,MERCH-0050,supermercados,91.31,PIX,internet_banking,FP-313051,93.199.xxx.xxx,recusada,0,,90,SP
TXN-000326,2024-02-01 02:32:07,CUST-00075,MERCH-0111,outros,1029.68,PIX,API,,147.55.xxx.xxx,aprovada,0,,186,PR
TXN-000327,2024-02-20 22:09:18,CUST-00216,MERCH-0136,servicos_digitais,78.55,PIX,API,FP-348958,123.69.xxx.xxx,estornada,0,,119,SP
TXN-000328,2024-01-05 14:39:45,CUST-00621,MERCH-0005,supermercados,69.37,boleto,internet_banking,FP-367642,150.84.xxx.xxx,aprovada,0,,349,ES
TXN-000329,2024-01-29 18:41:21,CUST-00385,MERCH-0117,servicos_digitais,1167.61,cartao_debito,caixa_eletronico,FP-252233,138.187.xxx.xxx,aprovada,0,,114,RJ
TXN-000330,2024-02-18 14:06:21,CUST-00022,MERCH-0111,utilidades,18.21,cartao_debito,caixa_eletronico,FP-157433,105.11.xxx.xxx,aprovada,0,,134,SP
TXN-000331,2024-02-12 21:54:35,CUST-00032,MERCH-0093,e-commerce,338.96,PIX,internet_banking,FP-645478,36.8.xxx.xxx,aprovada,0,,80,SC
TXN-000332,2024-02-24 23:29:58,CUST-00712,MERCH-0092,restaurantes,568.19,TED,internet_banking,FP-793023,69.47.xxx.xxx,aprovada,0,,1536,ES
TXN-000333,2024-01-02 10:47:47,CUST-00222,MERCH-0087,supermercados,3260.1,cartao_credito,app_mobile,FP-364168,216.98.xxx.xxx,estornada,0,,286,PE
TXN-000334,2024-01-03 20:37:58,CUST-00042,MERCH-0100,servicos_digitais,262.85,PIX,caixa_eletronico,FP-974208,251.198.xxx.xxx,aprovada,0,,123,MG
TXN-000335,2024-01-28 02:41:34,CUST-00664,MERCH-0162,e-commerce,866.97,cartao_debito,app_mobile,FP-564848,165.210.xxx.xxx,aprovada,0,,121,PE
TXN-000336,2024-01-16 18:12:54,CUST-00401,MERCH-0034,e-commerce,1742.35,boleto,API,,143.47.xxx.xxx,aprovada,0,,69,ES
TXN-000337,2024-01-13 21:08:00,CUST-00092,MERCH-0028,outros,87.11,TED,internet_banking,FP-586806,3.104.xxx.xxx,aprovada,0,,120,SP
TXN-000338,2024-01-24 02:31:02,CUST-00433,MERCH-0049,servicos_digitais,626.65,boleto,app_mobile,FP-800318,140.151.xxx.xxx,aprovada,0,,310,PA
TXN-000339,2024-02-08 09:47:17,CUST-00145,MERCH-0116,marketplace,200.71,PIX,caixa_eletronico,FP-206551,102.240.xxx.xxx,aprovada,0,,195,ES
TXN-000340,2024-01-08 07:10:43,CUST-00192,MERCH-0047,e-commerce,222.14,PIX,app_mobile,FP-644656,239.214.xxx.xxx,aprovada,0,,516,ES
TXN-000341,2024-01-23 16:56:37,CUST-00449,MERCH-0132,servicos_digitais,588.27,cartao_credito,app_mobile,FP-433910,105.14.xxx.xxx,aprovada,0,,143,BA
TXN-000342,2024-02-11 14:55:05,CUST-00558,MERCH-0128,farmacias,233.33,boleto,app_mobile,FP-917769,207.75.xxx.xxx,aprovada,0,,157,ES
TXN-000343,2024-01-18 12:28:35,CUST-00176,MERCH-0094,marketplace,60.08,TED,internet_banking,FP-569009,240.53.xxx.xxx,aprovada,0,,170,SP
TXN-000344,2024-01-08 01:31:38,CUST-00179,MERCH-0175,outros,2031.25,PIX,internet_banking,FP-738542,139.147.xxx.xxx,aprovada,0,,116,RS
TXN-000345,2024-01-23 07:28:14,CUST-00620,MERCH-0075,restaurantes,471.18,cartao_debito,API,,156.172.xxx.xxx,aprovada,0,,196,CE
TXN-000346,2024-02-22 23:33:19,CUST-00463,MERCH-0123,supermercados,74.07,boleto,caixa_eletronico,FP-788627,48.13.xxx.xxx,aprovada,0,,146,RS
TXN-000347,2024-02-22 14:53:50,CUST-00394,MERCH-0034,e-commerce,255.31,cartao_debito,API,,127.19.xxx.xxx,aprovada,0,,125,SP
TXN-000348,2024-01-24 01:22:20,CUST-00641,MERCH-0100,postos,2364.9,cartao_credito,API,,176.233.xxx.xxx,aprovada,0,,288,MG
TXN-000349,2024-02-03 06:23:21,CUST-00765,MERCH-0036,utilidades,267.74,PIX,app_mobile,FP-408453,48.126.xxx.xxx,aprovada,0,,282,MG
TXN-000350,2024-01-11 00:14:47,CUST-00587,MERCH-0087,postos,425.36,PIX,app_mobile,FP-286540,234.175.xxx.xxx,aprovada,0,,284,RJ
TXN-000351,2024-02-29 00:35:49,CUST-00543,MERCH-0166,servicos_digitais,299.67,TED,app_mobile,FP-505042,244.166.xxx.xxx,aprovada,0,,263,MG
TXN-000352,2024-01-30 18:28:29,CUST-00199,MERCH-0029,restaurantes,259.8,PIX,internet_banking,FP-272820,13.101.xxx.xxx,pendente,0,,230,MT
TXN-000353,2024-01-21 09:46:06,CUST-00373,MERCH-0159,postos,111.91,PIX,app_mobile,FP-598970,187.49.xxx.xxx,pendente,0,0,40,MG
TXN-000354,2024-01-04 10:00:13,CUST-00090,MERCH-0155,servicos_digitais,571.07,PIX,app_mobile,FP-601233,2.139.xxx.xxx,aprovada,0,,43,MG
TXN-000355,2024-02-24 02:51:05,CUST-00339,MERCH-0194,servicos_digitais,169.4,cartao_credito,app_mobile,FP-413157,221.85.xxx.xxx,aprovada,0,,161,MT
TXN-000356,2024-02-10 23:14:55,CUST-00603,MERCH-0033,outros,759.93,cartao_credito,app_mobile,FP-224421,248.42.xxx.xxx,aprovada,0,,71,RJ
TXN-000357,2024-01-23 12:48:28,CUST-00601,MERCH-0054,e-commerce,75.67,PIX,internet_banking,FP-135430,134.104.xxx.xxx,aprovada,0,,67,PR
TXN-000358,2024-02-20 22:51:13,CUST-00533,MERCH-0177,restaurantes,412.11,TED,internet_banking,FP-570815,231.225.xxx.xxx,estornada,0,,50,PR
TXN-000359,2024-01-17 06:47:24,CUST-00528,MERCH-0182,utilidades,78.75,PIX,API,FP-299673,215.32.xxx.xxx,aprovada,0,,235,SP
TXN-000360,2024-02-06 14:50:16,CUST-00061,MERCH-0142,viagens,173.94,cartao_credito,internet_banking,,43.241.xxx.xxx,aprovada,0,,142,MA
TXN-000361,2024-02-05 06:17:16,CUST-00765,MERCH-0037,supermercados,46.64,PIX,app_mobile,FP-913189,219.232.xxx.xxx,aprovada,0,,106,SP
TXN-000362,2024-02-12 16:11:39,CUST-00187,MERCH-0184,outros,218.69,cartao_debito,app_mobile,FP-787232,150.95.xxx.xxx,aprovada,0,,303,MA
TXN-000363,2024-01-17 14:54:27,CUST-00422,MERCH-0061,outros,533.98,cartao_credito,caixa_eletronico,FP-274654,84.186.xxx.xxx,aprovada,0,,103,GO
TXN-000364,2024-02-14 22:55:55,CUST-00743,MERCH-0147,viagens,597.97,cartao_credito,app_mobile,FP-705666,208.255.xxx.xxx,aprovada,0,,378,ES
TXN-000365,2024-02-12 14:28:07,CUST-00597,MERCH-0153,e-commerce,86.49,cartao_debito,app_mobile,FP-621877,185.57.xxx.xxx,aprovada,0,,190,RJ
TXN-000366,2024-01-24 14:17:39,CUST-00532,MERCH-0014,e-commerce,87.22,PIX,internet_banking,FP-146625,68.250.xxx.xxx,aprovada,0,,114,ES
TXN-000367,2024-02-06 03:16:20,CUST-00758,MERCH-0197,restaurantes,1709.72,TED,app_mobile,,251.154.xxx.xxx,aprovada,0,0,257,MG
TXN-000368,2024-02-25 09:23:56,CUST-00216,MERCH-0187,utilidades,44.35,cartao_credito,app_mobile,FP-796263,7.47.xxx.xxx,pendente,0,,563,RJ
TXN-000369,2024-01-09 00:35:00,CUST-00482,MERCH-0176,marketplace,99.06,cartao_debito,app_mobile,FP-530033,120.71.xxx.xxx,pendente,0,0,123,SP
TXN-000370,2024-01-05 01:31:12,CUST-00186,MERCH-0195,e-commerce,950.58,cartao_credito,app_mobile,FP-753235,192.109.xxx.xxx,aprovada,0,,275,PR
TXN-000371,2024-02-20 14:00:03,CUST-00309,MERCH-0175,e-commerce,77.52,cartao_credito,app_mobile,FP-453533,221.4.xxx.xxx,aprovada,0,,106,PR
TXN-000372,2024-01-19 19:14:46,CUST-00606,MERCH-0190,viagens,3358.32,TED,API,,239.109.xxx.xxx,aprovada,0,,75,ES
TXN-000373,2024-01-27 17:52:22,CUST-00146,MERCH-0034,marketplace,279.56,boleto,internet_banking,,242.38.xxx.xxx,aprovada,0,0,412,SE
TXN-000374,2024-02-29 15:18:32,CUST-00371,MERCH-0185,e-commerce,25.59,PIX,internet_banking,FP-546901,221.11.xxx.xxx,aprovada,0,,110,SP
TXN-000375,2024-01-01 17:39:24,CUST-00163,MERCH-0104,marketplace,135.82,cartao_credito,app_mobile,FP-905738,164.231.xxx.xxx,pendente,0,,96,SP
TXN-000376,2024-02-03 18:58:25,CUST-00798,MERCH-0065,postos,89.63,TED,app_mobile,,12.30.xxx.xxx,aprovada,0,,258,DF
TXN-000377,2024-01-10 17:53:44,CUST-00236,MERCH-0004,farmacias,235.25,PIX,API,FP-569511,28.75.xxx.xxx,aprovada,0,,250,SC
TXN-000378,2024-02-19 08:34:18,CUST-00201,MERCH-0013,e-commerce,221.05,cartao_debito,app_mobile,FP-656473,245.141.xxx.xxx,recusada,0,,165,AM
TXN-000379,2024-02-21 06:36:51,CUST-00545,MERCH-0144,restaurantes,362.46,TED,internet_banking,FP-803647,206.102.xxx.xxx,aprovada,0,,383,SE
TXN-000380,2024-01-08 15:55:41,CUST-00153,MERCH-0085,postos,107.43,PIX,app_mobile,,18.59.xxx.xxx,aprovada,0,,96,MG
TXN-000381,2024-02-23 14:20:02,CUST-00787,MERCH-0001,e-commerce,1803.03,cartao_credito,caixa_eletronico,FP-842107,17.162.xxx.xxx,aprovada,0,,244,AL
TXN-000382,2024-02-08 08:25:01,CUST-00509,MERCH-0113,servicos_digitais,133.16,cartao_debito,internet_banking,FP-500788,155.149.xxx.xxx,aprovada,0,,85,RJ
TXN-000383,2024-02-17 02:10:54,CUST-00051,MERCH-0132,supermercados,161.39,PIX,app_mobile,FP-711177,146.58.xxx.xxx,aprovada,0,0,66,MG
TXN-000384,2024-01-14 13:12:49,CUST-00677,MERCH-0023,e-commerce,1025.54,cartao_debito,internet_banking,FP-792852,171.14.xxx.xxx,aprovada,0,,46,DF
TXN-000385,2024-02-29 17:32:31,CUST-00769,MERCH-0029,supermercados,696.09,cartao_debito,API,,6.148.xxx.xxx,aprovada,0,,322,SP
TXN-000386,2024-01-16 14:29:46,CUST-00142,MERCH-0147,servicos_digitais,133.13,cartao_debito,API,FP-112094,139.88.xxx.xxx,estornada,0,,138,ES
TXN-000387,2024-01-18 11:02:03,CUST-00096,MERCH-0022,servicos_digitais,303.93,TED,app_mobile,FP-623957,173.138.xxx.xxx,pendente,0,,25,PR
TXN-000388,2024-02-26 04:13:34,CUST-00402,MERCH-0183,outros,546.95,cartao_credito,caixa_eletronico,FP-192732,203.216.xxx.xxx,aprovada,0,,79,PA
TXN-000389,2024-02-23 17:04:33,CUST-00708,MERCH-0165,supermercados,798.76,TED,app_mobile,FP-147361,227.215.xxx.xxx,aprovada,0,,186,RN
TXN-000390,2024-02-11 16:21:38,CUST-00627,MERCH-0092,e-commerce,281.32,cartao_debito,app_mobile,FP-760934,105.140.xxx.xxx,aprovada,0,,86,RJ
TXN-000391,2024-02-18 17:17:57,CUST-00714,MERCH-0193,marketplace,1275.21,PIX,app_mobile,FP-171460,109.11.xxx.xxx,aprovada,0,,53,PA
TXN-000392,2024-01-16 20:23:19,CUST-00615,MERCH-0001,outros,87.71,cartao_credito,internet_banking,FP-145918,236.130.xxx.xxx,aprovada,0,,321,PR
TXN-000393,2024-02-18 02:48:46,CUST-00310,MERCH-0008,e-commerce,297.38,PIX,app_mobile,FP-986180,17.240.xxx.xxx,recusada,0,,227,SP
TXN-000394,2024-02-27 17:23:43,CUST-00265,MERCH-0103,supermercados,2222.82,cartao_credito,internet_banking,FP-201605,70.40.xxx.xxx,aprovada,0,,1187,CE
TXN-000395,2024-02-06 13:22:57,CUST-00642,MERCH-0149,outros,366.85,cartao_debito,internet_banking,FP-561736,80.195.xxx.xxx,aprovada,0,,110,SC
TXN-000396,2024-01-05 18:52:42,CUST-00322,MERCH-0123,e-commerce,362.34,cartao_debito,internet_banking,FP-500021,228.22.xxx.xxx,estornada,0,0,58,DF
TXN-000397,2024-02-23 21:48:05,CUST-00771,MERCH-0132,servicos_digitais,130.08,PIX,app_mobile,FP-728614,15.194.xxx.xxx,aprovada,0,,248,PR
TXN-000398,2024-02-21 11:48:42,CUST-00306,MERCH-0143,outros,410.43,PIX,app_mobile,FP-530398,13.167.xxx.xxx,aprovada,0,0,22,MG
TXN-000399,2024-02-13 00:29:19,CUST-00502,MERCH-0057,postos,567.42,cartao_credito,internet_banking,FP-738174,8.217.xxx.xxx,aprovada,0,,269,ES
TXN-000400,2024-02-02 16:07:08,CUST-00429,MERCH-0014,viagens,102.28,PIX,app_mobile,FP-546164,42.95.xxx.xxx,aprovada,0,,303,TO
TXN-000401,2024-02-16 00:22:47,CUST-00490,MERCH-0024,marketplace,73.32,PIX,app_mobile,FP-627811,209.128.xxx.xxx,aprovada,0,,157,SP
TXN-000402,2024-02-20 02:59:49,CUST-00603,MERCH-0092,outros,460.46,cartao_debito,internet_banking,FP-114281,239.139.xxx.xxx,aprovada,0,,566,MG
TXN-000403,2024-01-08 09:25:06,CUST-00436,MERCH-0123,e-commerce,108.41,PIX,app_mobile,FP-830264,151.197.xxx.xxx,aprovada,0,,116,MG
TXN-000404,2024-01-17 23:22:47,CUST-00527,MERCH-0093,marketplace,693.24,PIX,internet_banking,FP-381390,13.16.xxx.xxx,recusada,0,,85,SC
TXN-000405,2024-01-15 03:22:13,CUST-00758,MERCH-0074,utilidades,283.23,cartao_credito,app_mobile,FP-872254,188.251.xxx.xxx,aprovada,0,,74,SP
TXN-000406,2024-01-21 00:40:01,CUST-00408,MERCH-0143,marketplace,649.71,PIX,internet_banking,FP-959462,19.243.xxx.xxx,aprovada,0,,188,SP
TXN-000407,2024-01-05 01:10:26,CUST-00253,MERCH-0038,marketplace,1054.1,cartao_credito,app_mobile,FP-447103,218.117.xxx.xxx,aprovada,0,,159,SP
TXN-000408,2024-02-12 18:32:10,CUST-00406,MERCH-0066,supermercados,718.53,PIX,API,,93.133.xxx.xxx,aprovada,0,,788,AL
TXN-000409,2024-02-28 12:32:59,CUST-00487,MERCH-0186,restaurantes,25.59,cartao_debito,caixa_eletronico,FP-724695,32.75.xxx.xxx,aprovada,0,,389,PE
TXN-000410,2024-02-26 22:14:17,CUST-00436,MERCH-0081,supermercados,950.05,cartao_credito,API,,215.245.xxx.xxx,aprovada,0,,124,MG
TXN-000411,2024-02-28 01:56:50,CUST-00092,MERCH-0143,supermercados,113.19,boleto,internet_banking,FP-270639,134.120.xxx.xxx,aprovada,0,,148,SP
TXN-000412,2024-02-25 00:13:47,CUST-00161,MERCH-0012,marketplace,284.02,PIX,API,,59.89.xxx.xxx,recusada,0,,136,RN
TXN-000413,2024-01-03 21:26:24,CUST-00047,MERCH-0099,supermercados,447.77,cartao_debito,internet_banking,FP-957556,76.96.xxx.xxx,aprovada,0,,319,RJ
TXN-000414,2024-01-24 16:29:17,CUST-00327,MERCH-0193,restaurantes,40.41,PIX,internet_banking,FP-244968,50.161.xxx.xxx,aprovada,0,,321,CE
TXN-000415,2024-01-01 08:10:29,CUST-00187,MERCH-0177,postos,212.95,cartao_credito,API,,230.199.xxx.xxx,aprovada,0,0,335,RN
TXN-000416,2024-01-09 18:24:20,CUST-00089,MERCH-0152,viagens,208.24,cartao_credito,API,,11.7.xxx.xxx,aprovada,0,,163,ES
TXN-000417,2024-02-06 16:37:08,CUST-00145,MERCH-0136,supermercados,41.09,cartao_debito,internet_banking,FP-682400,134.60.xxx.xxx,aprovada,0,,225,ES
TXN-000418,2024-02-06 00:28:57,CUST-00032,MERCH-0006,servicos_digitais,1266.37,TED,app_mobile,FP-123359,242.44.xxx.xxx,aprovada,0,,27,SC
TXN-000419,2024-02-26 01:14:05,CUST-00535,MERCH-0195,supermercados,157.47,cartao_credito,app_mobile,FP-486446,240.71.xxx.xxx,pendente,0,,144,MT
TXN-000420,2024-01-14 09:29:34,CUST-00093,MERCH-0166,supermercados,36.19,TED,app_mobile,FP-738112,183.206.xxx.xxx,aprovada,0,,194,RJ
TXN-000421,2024-02-27 01:17:18,CUST-00525,MERCH-0027,e-commerce,501.76,PIX,internet_banking,FP-407912,96.248.xxx.xxx,recusada,0,,147,RJ
TXN-000422,2024-01-02 18:05:13,CUST-00589,MERCH-0071,outros,34.77,PIX,internet_banking,FP-321534,212.69.xxx.xxx,pendente,0,,51,AC
TXN-000423,2024-01-28 04:26:38,CUST-00336,MERCH-0035,e-commerce,77.26,PIX,internet_banking,FP-668585,237.191.xxx.xxx,estornada,1,0,325,PR
TXN-000424,2024-01-09 21:07:59,CUST-00061,MERCH-0169,e-commerce,71.07,TED,app_mobile,FP-184799,192.22.xxx.xxx,aprovada,0,,35,SE
TXN-000425,2024-01-05 06:10:41,CUST-00205,MERCH-0168,e-commerce,867.12,PIX,app_mobile,FP-923349,80.167.xxx.xxx,aprovada,0,,176,TO
TXN-000426,2024-02-23 22:01:10,CUST-00608,MERCH-0197,supermercados,88.14,cartao_credito,app_mobile,FP-192369,246.72.xxx.xxx,aprovada,0,,207,PR
TXN-000427,2024-02-02 06:17:31,CUST-00265,MERCH-0120,e-commerce,328.01,TED,internet_banking,FP-921739,203.184.xxx.xxx,pendente,0,,132,PB
TXN-000428,2024-02-22 23:30:11,CUST-00280,MERCH-0065,farmacias,308.81,cartao_credito,app_mobile,FP-627832,50.155.xxx.xxx,pendente,0,,127,PE
TXN-000429,2024-02-02 02:55:56,CUST-00049,MERCH-0091,postos,307.69,TED,app_mobile,FP-267201,53.93.xxx.xxx,aprovada,0,1,161,DF
TXN-000430,2024-01-05 03:02:39,CUST-00110,MERCH-0022,supermercados,1630.62,cartao_credito,internet_banking,FP-632163,241.198.xxx.xxx,estornada,0,,245,MT
TXN-000431,2024-01-06 05:47:25,CUST-00399,MERCH-0081,restaurantes,146.95,PIX,internet_banking,FP-832569,241.42.xxx.xxx,recusada,0,,485,GO
TXN-000432,2024-01-08 15:56:35,CUST-00052,MERCH-0151,marketplace,51.49,TED,API,,159.173.xxx.xxx,aprovada,1,,55,ES
TXN-000433,2024-01-13 12:54:24,CUST-00196,MERCH-0008,farmacias,696.16,cartao_debito,API,,213.33.xxx.xxx,pendente,0,,368,PB
TXN-000434,2024-02-29 09:04:20,CUST-00519,MERCH-0057,viagens,309.8,cartao_credito,app_mobile,FP-745266,158.89.xxx.xxx,estornada,1,0,117,RS
TXN-000435,2024-01-07 20:39:13,CUST-00398,MERCH-0113,e-commerce,271.93,TED,internet_banking,,179.123.xxx.xxx,aprovada,0,,249,RS
TXN-000436,2024-01-30 18:47:42,CUST-00296,MERCH-0041,supermercados,237.35,boleto,app_mobile,,42.178.xxx.xxx,aprovada,0,,110,ES
TXN-000437,2024-01-18 19:55:25,CUST-00401,MERCH-0147,marketplace,385.33,cartao_debito,app_mobile,FP-927616,57.157.xxx.xxx,aprovada,0,0,195,SP
TXN-000438,2024-01-05 12:06:28,CUST-00432,MERCH-0063,postos,649.61,PIX,caixa_eletronico,FP-222314,23.196.xxx.xxx,aprovada,0,,58,SP
TXN-000439,2024-02-02 10:28:11,CUST-00468,MERCH-0048,servicos_digitais,1492.14,boleto,internet_banking,FP-722431,198.216.xxx.xxx,aprovada,0,,84,RJ
TXN-000440,2024-01-01 19:44:23,CUST-00184,MERCH-0119,utilidades,256.24,PIX,app_mobile,FP-232206,1.227.xxx.xxx,pendente,0,,285,RJ
TXN-000441,2024-01-19 08:30:25,CUST-00186,MERCH-0091,farmacias,2241.27,boleto,app_mobile,FP-230540,134.250.xxx.xxx,pendente,0,,123,SC
TXN-000442,2024-02-23 10:08:51,CUST-00341,MERCH-0043,supermercados,318.87,cartao_credito,API,,143.22.xxx.xxx,aprovada,0,,131,RJ
TXN-000443,2024-02-28 15:07:41,CUST-00717,MERCH-0123,utilidades,318.81,PIX,API,FP-426098,222.27.xxx.xxx,pendente,0,,178,ES
TXN-000444,2024-01-13 09:00:18,CUST-00550,MERCH-0072,restaurantes,363.61,cartao_credito,app_mobile,FP-786642,55.67.xxx.xxx,aprovada,0,,14,SP
TXN-000445,2024-02-26 01:08:48,CUST-00369,MERCH-0010,restaurantes,31.1,PIX,app_mobile,FP-390453,240.76.xxx.xxx,aprovada,0,,200,SE
TXN-000446,2024-01-19 19:58:02,CUST-00382,MERCH-0065,e-commerce,69.47,cartao_credito,app_mobile,,252.29.xxx.xxx,aprovada,0,,135,ES
TXN-000447,2024-01-10 07:35:18,CUST-00599,MERCH-0023,restaurantes,725.21,PIX,caixa_eletronico,FP-819100,251.37.xxx.xxx,aprovada,0,,1894,RJ
TXN-000448,2024-01-12 14:03:46,CUST-00224,MERCH-0159,outros,1802.28,PIX,app_mobile,FP-695055,21.103.xxx.xxx,aprovada,0,0,98,SP
TXN-000449,2024-02-10 13:16:27,CUST-00378,MERCH-0022,servicos_digitais,109.63,boleto,internet_banking,FP-479637,93.30.xxx.xxx,aprovada,0,,111,MG
TXN-000450,2024-02-08 00:17:56,CUST-00442,MERCH-0003,outros,107.02,cartao_credito,internet_banking,FP-275400,117.97.xxx.xxx,aprovada,0,,31,SP
TXN-000451,2024-01-14 08:16:15,CUST-00682,MERCH-0026,utilidades,288.89,cartao_credito,API,FP-141199,137.252.xxx.xxx,aprovada,0,,78,DF
TXN-000452,2024-01-09 05:12:53,CUST-00319,MERCH-0035,restaurantes,66.26,cartao_debito,app_mobile,FP-395418,243.235.xxx.xxx,aprovada,0,,116,SP
TXN-000453,2024-01-26 07:34:22,CUST-00252,MERCH-0094,outros,373.52,boleto,app_mobile,FP-525373,8.191.xxx.xxx,recusada,0,,549,ES
TXN-000454,2024-02-18 11:38:18,CUST-00276,MERCH-0163,postos,30.17,cartao_debito,internet_banking,FP-351583,112.189.xxx.xxx,aprovada,0,,639,SC
TXN-000455,2024-02-07 02:50:29,CUST-00515,MERCH-0138,outros,301.74,PIX,app_mobile,,86.156.xxx.xxx,aprovada,0,,180,RN
TXN-000456,2024-02-25 21:31:00,CUST-00381,MERCH-0151,postos,133.5,TED,app_mobile,FP-503498,32.146.xxx.xxx,estornada,0,,99,RJ
TXN-000457,2024-01-21 17:28:12,CUST-00317,MERCH-0175,viagens,19.89,PIX,internet_banking,,166.62.xxx.xxx,pendente,0,,84,MA
TXN-000458,2024-02-23 07:13:21,CUST-00378,MERCH-0169,farmacias,152.5,boleto,internet_banking,FP-553976,228.235.xxx.xxx,aprovada,0,,43,ES
TXN-000459,2024-01-16 21:13:01,CUST-00659,MERCH-0190,utilidades,477.82,boleto,internet_banking,FP-566311,119.231.xxx.xxx,recusada,0,,66,ES
TXN-000460,2024-01-28 01:19:07,CUST-00115,MERCH-0113,utilidades,1491.68,cartao_debito,app_mobile,FP-485338,84.23.xxx.xxx,pendente,0,,106,RJ
TXN-000461,2024-01-12 15:25:20,CUST-00200,MERCH-0056,farmacias,506.86,cartao_debito,app_mobile,FP-758030,178.44.xxx.xxx,aprovada,0,0,49,SP
TXN-000462,2024-01-15 23:15:11,CUST-00360,MERCH-0064,supermercados,373.17,TED,API,,248.180.xxx.xxx,aprovada,0,,84,PB
TXN-000463,2024-02-12 23:33:05,CUST-00710,MERCH-0122,marketplace,316.64,cartao_debito,API,FP-332846,201.181.xxx.xxx,aprovada,0,,503,MG
TXN-000464,2024-01-05 18:04:23,CUST-00094,MERCH-0196,supermercados,155.29,cartao_debito,internet_banking,FP-995001,52.195.xxx.xxx,aprovada,0,,31,ES
TXN-000465,2024-01-22 13:54:23,CUST-00567,MERCH-0162,utilidades,1607.81,cartao_debito,internet_banking,FP-374872,137.132.xxx.xxx,aprovada,0,,78,MG
TXN-000466,2024-01-15 19:58:16,CUST-00222,MERCH-0144,e-commerce,329.1,PIX,internet_banking,FP-693571,40.94.xxx.xxx,estornada,0,,412,RN
TXN-000467,2024-01-05 18:53:53,CUST-00381,MERCH-0018,utilidades,770.33,PIX,API,,15.139.xxx.xxx,recusada,0,,63,RJ
TXN-000468,2024-01-12 20:20:17,CUST-00313,MERCH-0103,restaurantes,373.2,TED,app_mobile,FP-400756,170.204.xxx.xxx,aprovada,0,,118,SC
TXN-000469,2024-02-16 05:29:44,CUST-00284,MERCH-0185,e-commerce,411.74,TED,internet_banking,FP-903657,236.175.xxx.xxx,aprovada,0,,175,SP
TXN-000470,2024-02-27 08:58:38,CUST-00217,MERCH-0036,postos,0.0,cartao_debito,app_mobile,FP-265985,171.7.xxx.xxx,aprovada,0,,209,RJ
TXN-000471,2024-01-08 02:46:54,CUST-00315,MERCH-0166,outros,34.6,cartao_debito,caixa_eletronico,,245.242.xxx.xxx,aprovada,0,,23,RR
TXN-000472,2024-01-18 23:57:12,CUST-00789,MERCH-0091,e-commerce,280.44,cartao_credito,internet_banking,FP-318108,241.158.xxx.xxx,aprovada,0,,111,SC
TXN-000473,2024-02-26 03:20:47,CUST-00525,MERCH-0145,restaurantes,1520.22,PIX,app_mobile,FP-397892,123.3.xxx.xxx,aprovada,0,1,1788,ES
TXN-000474,2024-02-12 06:13:32,CUST-00781,MERCH-0108,supermercados,210.89,PIX,app_mobile,FP-464441,110.17.xxx.xxx,recusada,0,0,75,RJ
TXN-000475,2024-01-20 08:07:21,CUST-00482,MERCH-0113,e-commerce,346.93,cartao_credito,API,FP-475488,36.194.xxx.xxx,aprovada,0,,214,ES
TXN-000476,2024-01-11 16:36:09,CUST-00359,MERCH-0081,e-commerce,103.22,PIX,app_mobile,FP-750919,218.171.xxx.xxx,aprovada,0,,130,PR
TXN-000477,2024-01-26 09:51:50,CUST-00339,MERCH-0079,utilidades,34.09,boleto,app_mobile,FP-732795,151.125.xxx.xxx,aprovada,0,,84,MT
TXN-000478,2024-02-25 19:39:37,CUST-00232,MERCH-0144,utilidades,288.33,cartao_credito,app_mobile,FP-722142,85.215.xxx.xxx,aprovada,0,,180,RJ
TXN-000479,2024-02-26 13:38:32,CUST-00535,MERCH-0177,utilidades,1622.54,PIX,app_mobile,FP-898683,12.245.xxx.xxx,aprovada,0,,54,GO
TXN-000480,2024-02-05 23:25:48,CUST-00423,MERCH-0017,postos,604.67,cartao_credito,app_mobile,FP-694095,14.14.xxx.xxx,aprovada,0,,240,GO
TXN-000481,2024-02-02 08:41:17,CUST-00473,MERCH-0161,utilidades,311.47,cartao_credito,internet_banking,FP-102429,143.220.xxx.xxx,aprovada,0,,338,RJ
TXN-000482,2024-02-23 15:32:09,CUST-00370,MERCH-0139,marketplace,190.16,PIX,app_mobile,,53.151.xxx.xxx,aprovada,0,,63,RJ
TXN-000483,2024-02-14 10:05:50,CUST-00318,MERCH-0183,marketplace,77.05,PIX,app_mobile,FP-826816,173.202.xxx.xxx,aprovada,0,0,304,AC
TXN-000484,2024-02-25 06:03:16,CUST-00145,MERCH-0113,utilidades,599.51,TED,internet_banking,FP-376295,49.19.xxx.xxx,pendente,0,0,188,RJ
TXN-000485,2024-01-05 13:21:31,CUST-00376,MERCH-0193,e-commerce,116.47,cartao_credito,internet_banking,FP-895634,41.101.xxx.xxx,aprovada,0,,83,SP
TXN-000486,2024-02-25 16:37:27,CUST-00411,MERCH-0120,outros,119.96,PIX,API,FP-548555,201.233.xxx.xxx,aprovada,0,,57,SC
TXN-000487,2024-02-03 17:26:19,CUST-00625,MERCH-0015,servicos_digitais,69.13,TED,API,FP-870405,149.132.xxx.xxx,aprovada,0,0,83,PE
TXN-000488,2024-02-14 12:16:19,CUST-00304,MERCH-0042,e-commerce,451.55,boleto,internet_banking,FP-154650,226.191.xxx.xxx,aprovada,0,,241,MG
TXN-000489,2024-01-10 20:43:21,CUST-00748,MERCH-0160,servicos_digitais,231.25,cartao_debito,internet_banking,FP-291760,237.135.xxx.xxx,recusada,0,,370,AC
TXN-000490,2024-02-15 13:13:27,CUST-00694,MERCH-0177,restaurantes,685.86,TED,API,,137.144.xxx.xxx,aprovada,0,,489,RJ
TXN-000491,2024-01-19 05:12:05,CUST-00643,MERCH-0013,farmacias,116.48,cartao_credito,app_mobile,FP-638457,11.120.xxx.xxx,aprovada,0,,1252,SP
TXN-000492,2024-02-14 02:51:45,CUST-00076,MERCH-0091,utilidades,1561.53,cartao_credito,internet_banking,FP-747234,65.181.xxx.xxx,aprovada,1,,146,SP
TXN-000493,2024-02-17 18:58:44,CUST-00146,MERCH-0075,outros,282.82,cartao_credito,app_mobile,FP-284704,97.164.xxx.xxx,aprovada,0,,269,RN
TXN-000494,2024-01-01 03:30:47,CUST-00200,MERCH-0079,viagens,370.76,cartao_credito,app_mobile,FP-633279,154.169.xxx.xxx,aprovada,0,0,190,MG
TXN-000495,2024-02-03 22:04:11,CUST-00520,MERCH-0180,e-commerce,716.61,cartao_credito,app_mobile,FP-765490,169.107.xxx.xxx,pendente,0,,94,SC
TXN-000496,2024-02-16 00:53:06,CUST-00510,MERCH-0103,marketplace,281.71,PIX,API,,208.68.xxx.xxx,aprovada,1,0,75,RJ
TXN-000497,2024-02-01 07:39:59,CUST-00074,MERCH-0194,utilidades,123.54,boleto,caixa_eletronico,FP-343889,112.125.xxx.xxx,aprovada,0,,45,RN
TXN-000498,2024-01-18 11:09:48,CUST-00304,MERCH-0142,e-commerce,88.17,TED,app_mobile,FP-859013,28.114.xxx.xxx,aprovada,0,0,294,MG
TXN-000499,2024-01-16 05:54:56,CUST-00230,MERCH-0029,e-commerce,699.11,cartao_debito,app_mobile,FP-556592,140.213.xxx.xxx,aprovada,0,,40,AM
TXN-000500,2024-02-01 17:18:17,CUST-00544,MERCH-0100,marketplace,2053.6,cartao_debito,app_mobile,FP-622010,114.245.xxx.xxx,aprovada,0,,193,RN
TXN-000501,2024-01-31 04:11:54,CUST-00409,MERCH-0184,servicos_digitais,146.49,PIX,app_mobile,FP-287743,20.98.xxx.xxx,pendente,1,1,388,MG
TXN-000502,2024-02-17 03:31:27,CUST-00289,MERCH-0157,outros,274.74,boleto,internet_banking,FP-201224,167.82.xxx.xxx,aprovada,0,,133,SP
TXN-000503,2024-01-17 07:40:53,CUST-00705,MERCH-0140,viagens,116.23,PIX,app_mobile,FP-104035,83.23.xxx.xxx,aprovada,1,1,642,RJ
TXN-000504,2024-02-29 19:15:16,CUST-00428,MERCH-0111,e-commerce,47.42,cartao_credito,caixa_eletronico,FP-557334,239.124.xxx.xxx,aprovada,0,,424,GO
TXN-000505,2024-01-20 18:59:49,CUST-00395,MERCH-0162,marketplace,67.2,cartao_debito,API,FP-905268,104.90.xxx.xxx,estornada,0,,435,MG
TXN-000506,2024-01-22 21:42:24,CUST-00206,MERCH-0048,viagens,1709.54,PIX,internet_banking,FP-997726,17.244.xxx.xxx,aprovada,0,,43,SP
TXN-000507,2024-02-07 10:36:45,CUST-00505,MERCH-0163,e-commerce,3412.78,PIX,caixa_eletronico,FP-205330,220.136.xxx.xxx,pendente,0,,90,ES
TXN-000508,2024-02-21 18:32:29,CUST-00594,MERCH-0184,restaurantes,366.01,cartao_debito,app_mobile,FP-509772,97.188.xxx.xxx,recusada,0,,188,RJ
TXN-000509,2024-01-14 10:24:56,CUST-00097,MERCH-0084,postos,1424.46,PIX,internet_banking,FP-556293,161.4.xxx.xxx,aprovada,0,,121,DF
TXN-000510,2024-02-29 22:30:44,CUST-00147,MERCH-0125,farmacias,49.37,cartao_debito,API,,201.234.xxx.xxx,aprovada,0,,816,MG
TXN-000511,2024-02-09 09:10:55,CUST-00292,MERCH-0106,marketplace,383.52,boleto,app_mobile,FP-580599,133.175.xxx.xxx,aprovada,0,,167,SP
TXN-000512,2024-01-31 16:25:11,CUST-00297,MERCH-0044,e-commerce,257.29,cartao_debito,internet_banking,FP-132924,42.204.xxx.xxx,aprovada,0,,310,RO
TXN-000513,2024-02-22 20:27:37,CUST-00019,MERCH-0139,e-commerce,0.0,cartao_debito,app_mobile,FP-798063,206.21.xxx.xxx,aprovada,0,,275,RJ
TXN-000514,2024-01-11 06:57:57,CUST-00269,MERCH-0001,supermercados,205.8,TED,API,,185.199.xxx.xxx,aprovada,0,,181,MG
TXN-000515,2024-02-07 14:42:48,CUST-00367,MERCH-0076,marketplace,79.02,cartao_debito,caixa_eletronico,FP-627070,195.245.xxx.xxx,aprovada,0,,186,ES
TXN-000516,2024-01-12 22:19:12,CUST-00382,MERCH-0012,e-commerce,843.66,PIX,app_mobile,FP-459602,245.216.xxx.xxx,aprovada,0,,67,MG
TXN-000517,2024-01-12 08:13:53,CUST-00130,MERCH-0197,postos,594.6,TED,internet_banking,FP-289582,32.4.xxx.xxx,aprovada,0,,38,PR
TXN-000518,2024-02-18 10:31:49,CUST-00265,MERCH-0058,marketplace,32.17,boleto,app_mobile,FP-201071,218.118.xxx.xxx,aprovada,0,,366,CE
TXN-000519,2024-02-03 18:11:43,CUST-00747,MERCH-0024,marketplace,555.18,PIX,caixa_eletronico,FP-851966,200.241.xxx.xxx,pendente,0,,165,ES
TXN-000520,2024-02-29 22:50:43,CUST-00253,MERCH-0079,postos,279.9,TED,internet_banking,FP-246740,183.160.xxx.xxx,aprovada,0,,121,ES
TXN-000521,2024-01-06 07:33:05,CUST-00069,MERCH-0115,postos,63.55,PIX,API,,59.187.xxx.xxx,aprovada,0,,295,ES
TXN-000522,2024-01-12 13:28:56,CUST-00473,MERCH-0155,postos,293.76,TED,caixa_eletronico,FP-612051,131.15.xxx.xxx,aprovada,0,,159,SP
TXN-000523,2024-02-11 11:16:15,CUST-00187,MERCH-0140,outros,293.15,cartao_debito,internet_banking,,212.222.xxx.xxx,aprovada,0,,133,CE
TXN-000524,2024-01-21 15:38:34,CUST-00335,MERCH-0145,utilidades,888.51,cartao_credito,internet_banking,FP-818860,123.96.xxx.xxx,recusada,0,,132,PR
TXN-000525,2024-02-27 12:36:05,CUST-00167,MERCH-0151,servicos_digitais,149.3,cartao_debito,app_mobile,FP-494338,162.220.xxx.xxx,aprovada,0,0,198,SP
TXN-000526,2024-02-27 19:47:45,CUST-00546,MERCH-0182,supermercados,266.16,cartao_debito,internet_banking,FP-189112,139.209.xxx.xxx,aprovada,0,,83,MG
TXN-000527,2024-02-20 04:00:17,CUST-00527,MERCH-0144,marketplace,2066.33,cartao_credito,API,,199.251.xxx.xxx,pendente,0,,1222,PR
TXN-000528,2024-01-18 09:27:00,CUST-00053,MERCH-0162,e-commerce,826.77,TED,internet_banking,FP-413775,136.96.xxx.xxx,recusada,0,,73,CE
TXN-000529,2024-02-26 08:53:41,CUST-00769,MERCH-0053,supermercados,165.46,boleto,app_mobile,FP-267642,134.200.xxx.xxx,aprovada,0,,188,RJ
TXN-000530,2024-02-03 04:15:46,CUST-00515,MERCH-0138,servicos_digitais,232.87,cartao_credito,app_mobile,FP-452908,148.5.xxx.xxx,aprovada,0,,338,MA
TXN-000531,2024-01-05 13:30:14,CUST-00591,MERCH-0096,postos,2012.9,PIX,API,FP-629103,138.10.xxx.xxx,aprovada,0,,41,MT
TXN-000532,2024-01-12 19:12:13,CUST-00021,MERCH-0079,e-commerce,386.28,PIX,internet_banking,FP-466542,32.124.xxx.xxx,aprovada,0,0,89,PR
TXN-000533,2024-02-18 18:25:01,CUST-00104,MERCH-0053,viagens,745.82,PIX,app_mobile,FP-831025,204.254.xxx.xxx,aprovada,0,,153,ES
TXN-000534,2024-01-24 19:41:51,CUST-00582,MERCH-0193,marketplace,754.85,PIX,internet_banking,FP-484531,163.149.xxx.xxx,recusada,0,,264,RN
TXN-000535,2024-02-25 03:46:06,CUST-00500,MERCH-0011,marketplace,160.84,TED,API,FP-594442,125.93.xxx.xxx,aprovada,0,,122,RN
TXN-000536,2024-01-29 15:21:55,CUST-00256,MERCH-0020,e-commerce,15.8,PIX,caixa_eletronico,FP-830404,119.165.xxx.xxx,aprovada,0,,125,MG
TXN-000537,2024-01-13 01:57:56,CUST-00383,MERCH-0131,e-commerce,183.81,cartao_credito,internet_banking,FP-371752,174.138.xxx.xxx,recusada,0,,189,MG
TXN-000538,2024-02-10 14:55:02,CUST-00046,MERCH-0045,supermercados,0.0,PIX,caixa_eletronico,FP-999883,72.232.xxx.xxx,aprovada,0,,240,RJ
TXN-000539,2024-02-17 16:01:10,CUST-00140,MERCH-0144,e-commerce,406.48,PIX,app_mobile,FP-894358,99.138.xxx.xxx,estornada,0,0,664,MG
TXN-000540,2024-02-20 18:01:11,CUST-00779,MERCH-0132,utilidades,204.78,cartao_debito,app_mobile,FP-524361,73.243.xxx.xxx,aprovada,0,0,97,AP
TXN-000541,2024-02-10 16:38:46,CUST-00653,MERCH-0011,outros,87.66,PIX,app_mobile,FP-988544,44.119.xxx.xxx,pendente,0,,137,MG
TXN-000542,2024-01-28 03:16:43,CUST-00275,MERCH-0041,e-commerce,4455.89,PIX,internet_banking,FP-351865,216.38.xxx.xxx,aprovada,0,0,75,MA
TXN-000543,2024-01-03 17:37:13,CUST-00477,MERCH-0046,supermercados,1433.55,cartao_credito,internet_banking,FP-982882,77.73.xxx.xxx,aprovada,0,,90,PB
TXN-000544,2024-01-06 00:16:40,CUST-00547,MERCH-0004,e-commerce,64.46,TED,internet_banking,FP-828192,168.86.xxx.xxx,aprovada,0,0,245,SC
TXN-000545,2024-01-14 03:50:08,CUST-00425,MERCH-0081,e-commerce,539.27,TED,app_mobile,FP-355218,35.170.xxx.xxx,aprovada,0,0,72,ES
TXN-000546,2024-01-04 08:38:26,CUST-00195,MERCH-0020,restaurantes,416.61,PIX,app_mobile,FP-294655,31.12.xxx.xxx,aprovada,0,,741,MG
TXN-000547,2024-01-11 18:33:14,CUST-00508,MERCH-0038,supermercados,213.96,cartao_debito,API,FP-924724,239.67.xxx.xxx,recusada,0,,81,SP
TXN-000548,2024-01-27 04:51:41,CUST-00602,MERCH-0122,servicos_digitais,856.63,PIX,internet_banking,FP-123701,54.93.xxx.xxx,pendente,0,,444,RJ
TXN-000549,2024-02-15 04:58:12,CUST-00081,MERCH-0090,restaurantes,301.77,TED,internet_banking,,28.54.xxx.xxx,aprovada,0,,67,SP
TXN-000550,2024-01-28 17:20:47,CUST-00415,MERCH-0132,viagens,78.68,cartao_credito,API,,119.194.xxx.xxx,aprovada,0,,104,MG
TXN-000551,2024-01-23 09:37:10,CUST-00524,MERCH-0034,farmacias,62.9,cartao_credito,API,,13.206.xxx.xxx,aprovada,0,,417,RJ
TXN-000552,2024-01-23 09:00:48,CUST-00334,MERCH-0031,marketplace,29.29,PIX,app_mobile,FP-530145,82.140.xxx.xxx,aprovada,1,,286,MA
TXN-000553,2024-01-15 09:45:38,CUST-00761,MERCH-0191,utilidades,287.26,TED,app_mobile,FP-350895,152.56.xxx.xxx,aprovada,0,1,78,SP
TXN-000554,2024-01-14 11:34:33,CUST-00241,MERCH-0148,restaurantes,1977.63,PIX,internet_banking,FP-747785,12.198.xxx.xxx,aprovada,0,,168,PR
TXN-000555,2024-02-07 17:17:20,CUST-00265,MERCH-0031,marketplace,269.92,PIX,API,FP-567318,22.49.xxx.xxx,pendente,0,0,285,AL
TXN-000556,2024-02-18 15:59:37,CUST-00338,MERCH-0018,e-commerce,1026.95,cartao_debito,caixa_eletronico,FP-350791,72.211.xxx.xxx,aprovada,0,,88,MG
TXN-000557,2024-01-15 09:29:37,CUST-00453,MERCH-0036,viagens,63.61,PIX,internet_banking,FP-196051,177.77.xxx.xxx,aprovada,0,,335,PR
TXN-000558,2024-01-15 11:52:30,CUST-00002,MERCH-0177,outros,14.88,TED,app_mobile,FP-338447,203.183.xxx.xxx,aprovada,0,,100,GO
TXN-000559,2024-01-29 14:36:20,CUST-00009,MERCH-0028,e-commerce,282.47,cartao_debito,API,,241.35.xxx.xxx,aprovada,0,,168,PI
TXN-000560,2024-01-12 02:37:23,CUST-00408,MERCH-0033,utilidades,235.47,PIX,internet_banking,FP-580542,23.15.xxx.xxx,aprovada,0,,178,RJ
TXN-000561,2024-01-13 03:29:19,CUST-00092,MERCH-0198,e-commerce,1147.23,boleto,API,FP-427215,98.23.xxx.xxx,pendente,0,,459,RJ
TXN-000562,2024-01-30 02:41:28,CUST-00225,MERCH-0161,postos,165.11,boleto,app_mobile,FP-424143,126.76.xxx.xxx,estornada,1,,145,SP
TXN-000563,2024-01-16 20:14:28,CUST-00174,MERCH-0101,outros,59.03,cartao_credito,internet_banking,,101.214.xxx.xxx,aprovada,1,1,106,ES
TXN-000564,2024-02-09 16:30:09,CUST-00453,MERCH-0021,utilidades,69.4,TED,API,,164.106.xxx.xxx,aprovada,0,,271,RS
TXN-000565,2024-02-16 22:20:23,CUST-00580,MERCH-0014,outros,144.3,boleto,app_mobile,FP-874814,193.193.xxx.xxx,aprovada,0,,299,PI
TXN-000566,2024-02-28 16:49:22,CUST-00259,MERCH-0169,viagens,294.73,TED,app_mobile,FP-774043,210.45.xxx.xxx,aprovada,0,,340,SC
TXN-000567,2024-02-21 13:46:38,CUST-00083,MERCH-0151,e-commerce,198.2,PIX,API,,222.91.xxx.xxx,recusada,0,,56,ES
TXN-000568,2024-02-03 17:18:23,CUST-00019,MERCH-0080,servicos_digitais,112.07,cartao_credito,API,FP-861483,48.126.xxx.xxx,aprovada,0,,82,MG
TXN-000569,2024-02-18 05:19:40,CUST-00246,MERCH-0042,e-commerce,247.49,cartao_credito,internet_banking,FP-210136,153.228.xxx.xxx,aprovada,0,,261,BA
TXN-000570,2024-02-18 04:39:13,CUST-00769,MERCH-0162,viagens,1116.67,cartao_debito,internet_banking,FP-263145,195.181.xxx.xxx,aprovada,0,,223,SP
TXN-000571,2024-01-28 15:51:15,CUST-00596,MERCH-0031,servicos_digitais,140.44,cartao_debito,caixa_eletronico,FP-457277,58.172.xxx.xxx,aprovada,0,,153,ES
TXN-000572,2024-02-15 10:28:37,CUST-00141,MERCH-0142,restaurantes,62.38,PIX,app_mobile,FP-745471,121.79.xxx.xxx,aprovada,0,,75,ES
TXN-000573,2024-02-21 23:44:40,CUST-00124,MERCH-0002,marketplace,203.08,TED,app_mobile,FP-115649,173.187.xxx.xxx,aprovada,0,,206,DF
TXN-000574,2024-01-14 02:27:51,CUST-00787,MERCH-0098,marketplace,1167.02,TED,app_mobile,FP-372191,102.241.xxx.xxx,aprovada,0,,178,RN
TXN-000575,2024-02-05 09:45:33,CUST-00592,MERCH-0038,viagens,64.45,boleto,API,,238.4.xxx.xxx,aprovada,0,,281,MT
TXN-000576,2024-01-11 22:09:30,CUST-00217,MERCH-0057,restaurantes,12.09,cartao_credito,internet_banking,FP-212341,190.217.xxx.xxx,aprovada,0,,81,MG
TXN-000577,2024-02-23 09:42:29,CUST-00782,MERCH-0158,outros,537.88,cartao_credito,app_mobile,FP-676665,24.47.xxx.xxx,recusada,0,,393,PE
TXN-000578,2024-01-16 02:16:00,CUST-00788,MERCH-0087,supermercados,10.77,cartao_credito,internet_banking,FP-216567,36.39.xxx.xxx,aprovada,0,,43,RS
TXN-000579,2024-02-24 15:23:21,CUST-00784,MERCH-0119,supermercados,819.53,PIX,app_mobile,FP-119776,40.151.xxx.xxx,aprovada,0,,283,MG
TXN-000580,2024-02-15 11:49:58,CUST-00474,MERCH-0068,e-commerce,858.52,TED,app_mobile,FP-772365,193.117.xxx.xxx,aprovada,0,,178,RR
TXN-000581,2024-01-29 18:54:39,CUST-00453,MERCH-0013,servicos_digitais,125.39,cartao_credito,internet_banking,FP-372168,198.201.xxx.xxx,aprovada,0,,60,SC
TXN-000582,2024-01-05 10:28:22,CUST-00308,MERCH-0037,farmacias,85.98,TED,app_mobile,FP-975387,181.105.xxx.xxx,aprovada,0,,133,ES
TXN-000583,2024-02-28 14:49:15,CUST-00367,MERCH-0172,e-commerce,248.51,cartao_credito,app_mobile,FP-642126,236.201.xxx.xxx,aprovada,0,0,835,MG
TXN-000584,2024-01-01 14:02:33,CUST-00266,MERCH-0084,postos,215.84,PIX,internet_banking,FP-369874,199.4.xxx.xxx,aprovada,0,,114,ES
TXN-000585,2024-02-27 19:19:58,CUST-00513,MERCH-0181,utilidades,99.89,cartao_debito,app_mobile,FP-919206,135.132.xxx.xxx,recusada,0,,220,RR
TXN-000586,2024-01-21 00:34:43,CUST-00747,MERCH-0020,marketplace,432.82,cartao_credito,app_mobile,FP-782883,228.250.xxx.xxx,recusada,0,,115,ES
TXN-000587,2024-02-09 05:44:01,CUST-00566,MERCH-0047,supermercados,601.25,PIX,app_mobile,FP-696261,204.7.xxx.xxx,aprovada,0,,23,ES
TXN-000588,2024-02-11 00:02:13,CUST-00063,MERCH-0176,supermercados,147.64,cartao_credito,internet_banking,,150.101.xxx.xxx,aprovada,0,,371,PE
TXN-000589,2024-01-11 23:37:03,CUST-00230,MERCH-0143,utilidades,682.78,TED,internet_banking,FP-690161,9.203.xxx.xxx,aprovada,0,0,223,RO
TXN-000590,2024-02-01 13:25:16,CUST-00564,MERCH-0195,e-commerce,85.39,cartao_debito,internet_banking,FP-191233,41.60.xxx.xxx,aprovada,0,,132,MG
TXN-000591,2024-02-10 18:09:40,CUST-00441,MERCH-0092,farmacias,218.22,cartao_debito,caixa_eletronico,FP-377636,160.191.xxx.xxx,estornada,0,,313,MG
TXN-000592,2024-02-05 06:45:18,CUST-00508,MERCH-0044,servicos_digitais,400.73,cartao_credito,app_mobile,FP-909130,20.190.xxx.xxx,aprovada,0,,186,RJ
TXN-000593,2024-02-25 13:50:26,CUST-00556,MERCH-0063,utilidades,130.4,cartao_debito,app_mobile,,208.191.xxx.xxx,aprovada,0,,84,DF
TXN-000594,2024-01-04 05:48:17,CUST-00337,MERCH-0054,marketplace,315.64,TED,internet_banking,FP-357533,50.83.xxx.xxx,aprovada,0,,134,PR
TXN-000595,2024-01-03 14:06:15,CUST-00551,MERCH-0069,postos,343.92,cartao_credito,internet_banking,FP-707951,15.227.xxx.xxx,aprovada,0,,73,RJ
TXN-000596,2024-01-08 07:21:15,CUST-00203,MERCH-0165,supermercados,135.58,TED,app_mobile,FP-569905,88.50.xxx.xxx,aprovada,0,,72,PR
TXN-000597,2024-02-08 21:53:25,CUST-00238,MERCH-0162,e-commerce,229.43,TED,API,,27.72.xxx.xxx,pendente,0,,257,ES
TXN-000598,2024-02-25 10:43:02,CUST-00005,MERCH-0016,restaurantes,820.58,cartao_credito,API,,17.181.xxx.xxx,aprovada,0,,73,MG
TXN-000599,2024-01-14 13:13:51,CUST-00791,MERCH-0125,e-commerce,350.69,cartao_debito,app_mobile,FP-246441,67.238.xxx.xxx,pendente,0,,265,MG
TXN-000600,2024-02-18 17:05:18,CUST-00096,MERCH-0029,supermercados,604.03,cartao_credito,app_mobile,FP-107784,78.247.xxx.xxx,aprovada,0,,87,PR
TXN-000601,2024-01-17 12:29:28,CUST-00241,MERCH-0111,supermercados,211.16,boleto,app_mobile,FP-449745,163.183.xxx.xxx,aprovada,0,,382,PR
TXN-000602,2024-01-14 02:30:58,CUST-00490,MERCH-0093,farmacias,240.19,PIX,internet_banking,FP-918035,164.163.xxx.xxx,aprovada,0,,162,RJ
TXN-000603,2024-01-01 20:05:33,CUST-00359,MERCH-0115,servicos_digitais,110.13,cartao_debito,app_mobile,FP-717592,195.128.xxx.xxx,aprovada,0,0,252,RS
TXN-000604,2024-01-09 11:09:58,CUST-00281,MERCH-0101,marketplace,1100.08,cartao_debito,internet_banking,FP-141688,35.209.xxx.xxx,aprovada,0,,180,PI
TXN-000605,2024-01-07 11:32:47,CUST-00190,MERCH-0195,supermercados,780.42,PIX,app_mobile,FP-488744,196.102.xxx.xxx,aprovada,0,,235,ES
TXN-000606,2024-02-21 08:22:18,CUST-00022,MERCH-0192,e-commerce,173.59,cartao_debito,app_mobile,FP-597026,250.223.xxx.xxx,aprovada,0,,94,MG
TXN-000607,2024-02-11 03:11:51,CUST-00278,MERCH-0051,e-commerce,3869.02,cartao_credito,internet_banking,FP-774144,240.132.xxx.xxx,recusada,1,1,120,RJ
TXN-000608,2024-01-20 02:10:30,CUST-00120,MERCH-0193,farmacias,499.49,cartao_debito,internet_banking,FP-318552,203.128.xxx.xxx,aprovada,0,,114,SC
TXN-000609,2024-02-19 16:06:27,CUST-00103,MERCH-0045,supermercados,1594.51,PIX,app_mobile,FP-276894,74.112.xxx.xxx,aprovada,0,,79,SC
TXN-000610,2024-02-02 13:10:06,CUST-00439,MERCH-0043,servicos_digitais,75.86,cartao_debito,app_mobile,FP-662106,95.115.xxx.xxx,aprovada,0,,58,AC
TXN-000611,2024-01-26 20:20:18,CUST-00752,MERCH-0161,e-commerce,315.67,PIX,API,,242.137.xxx.xxx,pendente,0,,310,SP
TXN-000612,2024-01-26 10:09:19,CUST-00080,MERCH-0057,restaurantes,409.65,PIX,internet_banking,FP-647933,68.141.xxx.xxx,aprovada,0,,164,RS
TXN-000613,2024-02-04 02:49:39,CUST-00668,MERCH-0142,utilidades,413.01,PIX,app_mobile,FP-920142,18.188.xxx.xxx,pendente,0,0,823,SC
TXN-000614,2024-01-04 06:11:45,CUST-00585,MERCH-0199,outros,634.28,PIX,internet_banking,FP-831386,117.197.xxx.xxx,aprovada,0,,90,SC
TXN-000615,2024-02-11 05:52:09,CUST-00274,MERCH-0104,restaurantes,229.91,PIX,app_mobile,FP-226083,141.69.xxx.xxx,aprovada,0,,719,MS
TXN-000616,2024-01-08 21:24:05,CUST-00795,MERCH-0195,restaurantes,416.51,cartao_credito,internet_banking,FP-966597,12.198.xxx.xxx,aprovada,0,,199,SC
TXN-000617,2024-02-29 23:51:06,CUST-00528,MERCH-0164,utilidades,110.04,cartao_debito,internet_banking,,172.154.xxx.xxx,aprovada,0,,211,ES
TXN-000618,2024-01-08 13:10:10,CUST-00784,MERCH-0016,supermercados,49.95,TED,internet_banking,FP-270770,148.7.xxx.xxx,aprovada,0,,312,RJ
TXN-000619,2024-01-08 18:37:41,CUST-00631,MERCH-0180,restaurantes,110.39,cartao_debito,internet_banking,FP-313986,198.119.xxx.xxx,aprovada,0,,192,SP
TXN-000620,2024-02-29 07:08:28,CUST-00316,MERCH-0023,marketplace,446.22,TED,app_mobile,FP-442711,78.9.xxx.xxx,aprovada,1,1,618,RR
TXN-000621,2024-01-01 04:38:28,CUST-00195,MERCH-0199,postos,2094.48,boleto,internet_banking,FP-951153,14.75.xxx.xxx,aprovada,0,,134,SP
TXN-000622,2024-02-15 18:37:07,CUST-00425,MERCH-0174,supermercados,120.82,boleto,app_mobile,FP-653337,149.26.xxx.xxx,aprovada,0,,729,RJ
TXN-000623,2024-02-01 21:37:04,CUST-00096,MERCH-0011,e-commerce,311.59,boleto,caixa_eletronico,,8.16.xxx.xxx,aprovada,0,,133,RS
TXN-000624,2024-01-17 01:53:10,CUST-00542,MERCH-0135,restaurantes,722.18,TED,app_mobile,FP-792598,218.9.xxx.xxx,aprovada,0,,256,MG
TXN-000625,2024-01-08 07:22:23,CUST-00091,MERCH-0099,farmacias,952.94,PIX,API,,121.207.xxx.xxx,recusada,0,0,274,RJ
TXN-000626,2024-02-14 07:13:53,CUST-00123,MERCH-0068,e-commerce,721.11,cartao_credito,app_mobile,FP-942078,153.195.xxx.xxx,aprovada,1,1,82,MS
TXN-000627,2024-02-09 14:17:37,CUST-00221,MERCH-0003,restaurantes,98.43,cartao_debito,API,FP-524745,211.30.xxx.xxx,aprovada,0,,88,SP
TXN-000628,2024-01-30 22:28:52,CUST-00784,MERCH-0137,e-commerce,179.48,TED,internet_banking,FP-916719,242.142.xxx.xxx,recusada,0,,159,MG
TXN-000629,2024-02-25 08:05:33,CUST-00735,MERCH-0051,farmacias,49.42,cartao_debito,internet_banking,FP-140307,98.206.xxx.xxx,estornada,0,,107,ES
TXN-000630,2024-02-26 10:56:21,CUST-00382,MERCH-0192,marketplace,2194.76,cartao_credito,API,,155.198.xxx.xxx,aprovada,0,,46,RJ
TXN-000631,2024-02-14 01:12:32,CUST-00075,MERCH-0152,outros,92.14,cartao_debito,app_mobile,FP-789233,211.79.xxx.xxx,pendente,0,,161,PR
TXN-000632,2024-02-23 16:13:28,CUST-00770,MERCH-0048,viagens,271.75,cartao_credito,app_mobile,FP-112957,78.62.xxx.xxx,aprovada,0,0,74,SC
TXN-000633,2024-01-19 09:47:54,CUST-00541,MERCH-0120,outros,73.76,cartao_debito,app_mobile,FP-746908,186.34.xxx.xxx,pendente,0,,307,RJ
TXN-000634,2024-01-30 04:15:36,CUST-00223,MERCH-0034,e-commerce,594.09,PIX,caixa_eletronico,FP-555898,165.167.xxx.xxx,aprovada,0,,262,GO
TXN-000635,2024-01-06 09:35:00,CUST-00155,MERCH-0027,supermercados,1444.93,PIX,caixa_eletronico,FP-750579,103.64.xxx.xxx,aprovada,0,,622,SP
TXN-000636,2024-02-21 20:11:21,CUST-00412,MERCH-0158,e-commerce,0.0,PIX,internet_banking,FP-651752,111.170.xxx.xxx,aprovada,0,,146,MG
TXN-000637,2024-01-31 20:57:53,CUST-00168,MERCH-0004,marketplace,396.55,PIX,app_mobile,FP-305992,165.86.xxx.xxx,aprovada,0,,654,RS
TXN-000638,2024-01-05 08:49:50,CUST-00184,MERCH-0051,e-commerce,1363.94,TED,internet_banking,FP-581948,11.97.xxx.xxx,aprovada,0,,84,MG
TXN-000639,2024-02-29 02:55:06,CUST-00564,MERCH-0058,e-commerce,31.62,PIX,app_mobile,FP-105387,178.240.xxx.xxx,aprovada,0,,429,SP
TXN-000640,2024-02-24 02:45:00,CUST-00705,MERCH-0099,utilidades,111.78,boleto,app_mobile,FP-734407,209.37.xxx.xxx,aprovada,1,1,158,MG
TXN-000641,2024-02-01 03:53:35,CUST-00098,MERCH-0030,utilidades,1388.81,cartao_debito,app_mobile,,126.242.xxx.xxx,pendente,1,1,1872,TO
TXN-000642,2024-01-27 19:48:20,CUST-00553,MERCH-0101,outros,315.99,boleto,app_mobile,FP-874284,188.20.xxx.xxx,aprovada,0,,210,ES
TXN-000643,2024-01-03 01:01:51,CUST-00711,MERCH-0024,restaurantes,187.82,cartao_debito,app_mobile,FP-825666,112.105.xxx.xxx,estornada,0,,23,RR
TXN-000644,2024-02-19 05:55:43,CUST-00516,MERCH-0143,utilidades,232.17,cartao_credito,caixa_eletronico,FP-725560,44.21.xxx.xxx,aprovada,0,,181,CE
TXN-000645,2024-01-28 09:27:04,CUST-00710,MERCH-0026,utilidades,576.98,PIX,app_mobile,FP-680433,87.24.xxx.xxx,aprovada,0,,31,SP
TXN-000646,2024-01-29 16:01:32,CUST-00034,MERCH-0094,outros,492.67,cartao_credito,internet_banking,FP-861695,179.29.xxx.xxx,aprovada,0,,47,PA
TXN-000647,2024-02-25 13:32:37,CUST-00633,MERCH-0105,postos,1104.65,PIX,app_mobile,FP-360253,84.192.xxx.xxx,aprovada,0,,214,PA
TXN-000648,2024-01-30 05:51:46,CUST-00548,MERCH-0014,e-commerce,1385.53,TED,caixa_eletronico,,102.122.xxx.xxx,aprovada,0,1,50,DF
TXN-000649,2024-02-11 15:29:25,CUST-00663,MERCH-0016,marketplace,379.01,PIX,internet_banking,FP-130212,37.186.xxx.xxx,recusada,0,,292,GO
TXN-000650,2024-02-25 04:31:23,CUST-00380,MERCH-0013,farmacias,44.7,cartao_debito,app_mobile,FP-145086,35.237.xxx.xxx,aprovada,0,,200,MG
TXN-000651,2024-02-27 08:02:53,CUST-00280,MERCH-0085,outros,329.05,PIX,app_mobile,FP-684516,5.61.xxx.xxx,aprovada,0,,157,PI
TXN-000652,2024-02-02 01:21:17,CUST-00290,MERCH-0127,postos,462.37,TED,API,,180.208.xxx.xxx,aprovada,0,,94,CE
TXN-000653,2024-01-02 00:25:54,CUST-00459,MERCH-0051,marketplace,31.31,cartao_credito,app_mobile,FP-483749,130.186.xxx.xxx,aprovada,1,1,68,SP
TXN-000654,2024-02-11 02:02:07,CUST-00093,MERCH-0066,supermercados,221.95,PIX,app_mobile,FP-719425,84.157.xxx.xxx,aprovada,0,,245,MG
TXN-000655,2024-02-01 01:21:37,CUST-00100,MERCH-0148,viagens,21.71,boleto,internet_banking,FP-879715,240.153.xxx.xxx,aprovada,0,,124,MG
TXN-000656,2024-01-19 21:56:10,CUST-00241,MERCH-0002,utilidades,443.44,cartao_credito,internet_banking,FP-909497,48.124.xxx.xxx,aprovada,0,,68,PR
TXN-000657,2024-01-10 17:37:35,CUST-00007,MERCH-0037,supermercados,203.7,PIX,internet_banking,FP-602328,55.68.xxx.xxx,aprovada,0,,348,MG
TXN-000658,2024-01-16 21:50:04,CUST-00782,MERCH-0048,servicos_digitais,197.52,boleto,API,,236.121.xxx.xxx,aprovada,0,,631,AL
TXN-000659,2024-01-14 06:26:32,CUST-00048,MERCH-0045,marketplace,23.67,PIX,internet_banking,FP-322736,247.152.xxx.xxx,aprovada,0,,211,MA
TXN-000660,2024-01-09 03:58:33,CUST-00329,MERCH-0018,postos,2104.87,PIX,app_mobile,FP-230355,8.1.xxx.xxx,aprovada,0,,24,RJ
TXN-000661,2024-01-15 14:48:06,CUST-00641,MERCH-0009,utilidades,128.4,cartao_debito,internet_banking,FP-413249,187.244.xxx.xxx,pendente,0,0,55,MG
TXN-000662,2024-02-02 12:44:30,CUST-00036,MERCH-0010,restaurantes,82.29,PIX,internet_banking,FP-411963,187.27.xxx.xxx,aprovada,0,0,127,ES
TXN-000663,2024-01-17 05:08:55,CUST-00519,MERCH-0063,farmacias,205.97,TED,app_mobile,FP-633050,170.182.xxx.xxx,aprovada,0,,86,SC
TXN-000664,2024-02-27 18:28:47,CUST-00323,MERCH-0148,supermercados,635.4,cartao_debito,app_mobile,FP-983020,154.39.xxx.xxx,recusada,0,,204,SP
TXN-000665,2024-01-31 10:42:02,CUST-00323,MERCH-0112,e-commerce,360.94,PIX,internet_banking,FP-881505,57.131.xxx.xxx,aprovada,0,,1727,SP
TXN-000666,2024-02-29 19:11:33,CUST-00338,MERCH-0042,marketplace,74.48,boleto,app_mobile,FP-720314,249.155.xxx.xxx,aprovada,0,,68,RJ
TXN-000667,2024-02-18 22:26:30,CUST-00765,MERCH-0053,viagens,245.39,PIX,internet_banking,FP-780454,124.29.xxx.xxx,aprovada,0,,126,SP
TXN-000668,2024-01-08 11:30:16,CUST-00715,MERCH-0192,outros,313.2,PIX,internet_banking,FP-384183,101.12.xxx.xxx,estornada,0,,219,ES
TXN-000669,2024-01-19 17:15:04,CUST-00397,MERCH-0013,utilidades,212.23,cartao_debito,API,,226.72.xxx.xxx,recusada,0,,124,DF
TXN-000670,2024-02-13 15:41:14,CUST-00327,MERCH-0083,restaurantes,239.67,TED,app_mobile,FP-617506,91.51.xxx.xxx,aprovada,0,,155,PE
TXN-000671,2024-02-21 13:12:49,CUST-00425,MERCH-0028,utilidades,58.59,PIX,app_mobile,FP-417232,67.35.xxx.xxx,aprovada,0,,263,MG
TXN-000672,2024-02-21 21:16:01,CUST-00417,MERCH-0012,outros,23.57,PIX,caixa_eletronico,FP-380788,40.108.xxx.xxx,pendente,0,,296,MG
TXN-000673,2024-02-21 21:52:51,CUST-00754,MERCH-0149,marketplace,149.75,boleto,caixa_eletronico,FP-768960,17.243.xxx.xxx,aprovada,0,,270,PR
TXN-000674,2024-02-02 16:25:02,CUST-00280,MERCH-0077,outros,118.6,cartao_debito,app_mobile,,53.181.xxx.xxx,aprovada,0,,55,PE
TXN-000675,2024-01-22 15:05:47,CUST-00656,MERCH-0036,supermercados,390.5,cartao_credito,API,,44.128.xxx.xxx,aprovada,0,,96,BA
TXN-000676,2024-01-14 14:01:07,CUST-00782,MERCH-0191,postos,163.51,PIX,caixa_eletronico,FP-399581,137.223.xxx.xxx,aprovada,0,,186,CE
TXN-000677,2024-01-26 22:51:55,CUST-00436,MERCH-0034,outros,71.43,cartao_credito,internet_banking,FP-772543,134.202.xxx.xxx,recusada,0,,39,ES
TXN-000678,2024-01-17 08:12:10,CUST-00226,MERCH-0194,outros,129.57,TED,internet_banking,FP-979381,124.149.xxx.xxx,aprovada,0,,63,SE
TXN-000679,2024-01-09 09:26:49,CUST-00219,MERCH-0038,postos,215.1,boleto,internet_banking,FP-961617,88.159.xxx.xxx,pendente,0,,319,MS
TXN-000680,2024-01-15 00:30:13,CUST-00472,MERCH-0044,marketplace,247.81,cartao_debito,internet_banking,FP-701053,15.18.xxx.xxx,aprovada,0,,327,RO
TXN-000681,2024-01-06 09:37:28,CUST-00459,MERCH-0108,restaurantes,383.85,cartao_debito,caixa_eletronico,FP-722170,135.39.xxx.xxx,aprovada,0,,967,SP
TXN-000682,2024-02-19 22:08:44,CUST-00474,MERCH-0131,e-commerce,394.39,cartao_debito,app_mobile,FP-757653,100.85.xxx.xxx,estornada,0,,152,AC
TXN-000683,2024-01-03 05:15:14,CUST-00538,MERCH-0175,utilidades,191.36,boleto,internet_banking,FP-762277,202.14.xxx.xxx,aprovada,0,0,230,AL
TXN-000684,2024-02-07 13:41:50,CUST-00660,MERCH-0126,servicos_digitais,1779.87,cartao_credito,app_mobile,FP-850013,195.18.xxx.xxx,aprovada,0,,143,RJ
TXN-000685,2024-01-14 23:29:39,CUST-00569,MERCH-0112,postos,50.47,cartao_debito,app_mobile,FP-576180,236.23.xxx.xxx,aprovada,0,,128,SC
TXN-000686,2024-01-22 20:57:19,CUST-00532,MERCH-0190,outros,140.34,PIX,app_mobile,FP-944514,169.111.xxx.xxx,aprovada,0,,62,MG
TXN-000687,2024-01-13 07:52:51,CUST-00367,MERCH-0182,restaurantes,977.57,cartao_debito,internet_banking,FP-426295,95.107.xxx.xxx,recusada,0,0,453,ES
TXN-000688,2024-02-01 07:57:18,CUST-00233,MERCH-0199,utilidades,206.29,PIX,internet_banking,FP-139294,150.224.xxx.xxx,aprovada,0,,269,SP
TXN-000689,2024-01-30 08:59:59,CUST-00655,MERCH-0148,servicos_digitais,253.31,cartao_debito,app_mobile,,195.118.xxx.xxx,recusada,0,,94,RO
TXN-000690,2024-02-16 13:56:07,CUST-00327,MERCH-0094,marketplace,793.61,cartao_debito,internet_banking,FP-730634,233.75.xxx.xxx,aprovada,0,,238,AL
TXN-000691,2024-01-14 06:32:45,CUST-00039,MERCH-0189,supermercados,123.74,PIX,internet_banking,FP-757277,190.130.xxx.xxx,aprovada,0,,38,BA
TXN-000692,2024-01-25 17:16:47,CUST-00483,MERCH-0022,postos,373.55,cartao_credito,app_mobile,FP-876705,239.58.xxx.xxx,pendente,0,,216,MA
TXN-000693,2024-01-07 23:19:06,CUST-00566,MERCH-0179,restaurantes,138.78,boleto,API,,66.104.xxx.xxx,pendente,0,,232,RJ
TXN-000694,2024-02-22 01:00:15,CUST-00129,MERCH-0048,farmacias,378.69,cartao_credito,API,FP-574396,118.63.xxx.xxx,aprovada,0,,326,SC
TXN-000695,2024-01-14 01:14:17,CUST-00033,MERCH-0140,servicos_digitais,413.72,cartao_credito,app_mobile,FP-318897,186.224.xxx.xxx,aprovada,0,,70,RR
TXN-000696,2024-02-16 01:19:21,CUST-00097,MERCH-0071,utilidades,359.89,cartao_debito,app_mobile,FP-321552,63.179.xxx.xxx,aprovada,0,,130,MT
TXN-000697,2024-01-06 02:26:32,CUST-00386,MERCH-0092,e-commerce,216.18,TED,internet_banking,FP-742085,163.171.xxx.xxx,aprovada,0,,223,ES
TXN-000698,2024-01-09 23:57:49,CUST-00270,MERCH-0191,marketplace,636.78,PIX,app_mobile,FP-864000,185.106.xxx.xxx,recusada,0,,325,RO
TXN-000699,2024-02-08 18:30:24,CUST-00563,MERCH-0065,supermercados,224.85,PIX,API,,188.42.xxx.xxx,pendente,0,,32,RJ
TXN-000700,2024-02-21 01:37:46,CUST-00469,MERCH-0112,supermercados,150.81,cartao_debito,app_mobile,FP-154282,179.191.xxx.xxx,aprovada,0,,143,AL
TXN-000701,2024-01-21 00:19:07,CUST-00320,MERCH-0044,supermercados,98.76,TED,API,,205.39.xxx.xxx,aprovada,0,,193,RN
TXN-000702,2024-01-13 12:17:52,CUST-00309,MERCH-0110,postos,0.0,cartao_debito,app_mobile,FP-356262,237.36.xxx.xxx,recusada,0,,449,RS
TXN-000703,2024-02-02 12:55:34,CUST-00344,MERCH-0025,utilidades,555.05,PIX,app_mobile,FP-523326,105.245.xxx.xxx,aprovada,0,,42,MA
TXN-000704,2024-02-20 10:04:21,CUST-00211,MERCH-0097,e-commerce,25.29,PIX,app_mobile,,246.23.xxx.xxx,aprovada,0,,105,PR
TXN-000705,2024-01-19 16:25:29,CUST-00104,MERCH-0066,marketplace,505.46,PIX,app_mobile,FP-812271,73.170.xxx.xxx,aprovada,0,,252,MG
TXN-000706,2024-02-11 13:46:15,CUST-00454,MERCH-0014,servicos_digitais,204.69,PIX,internet_banking,FP-473931,64.223.xxx.xxx,aprovada,0,,72,RJ
TXN-000707,2024-02-05 00:04:47,CUST-00653,MERCH-0046,e-commerce,102.62,cartao_debito,app_mobile,FP-523922,95.170.xxx.xxx,estornada,0,,404,ES
TXN-000708,2024-02-19 14:28:34,CUST-00253,MERCH-0057,e-commerce,52.39,boleto,app_mobile,FP-831873,95.81.xxx.xxx,aprovada,0,,387,MG
TXN-000709,2024-01-31 20:28:58,CUST-00737,MERCH-0196,restaurantes,955.73,TED,internet_banking,FP-678231,228.173.xxx.xxx,aprovada,0,,262,AP
TXN-000710,2024-01-15 15:14:13,CUST-00607,MERCH-0108,marketplace,2047.59,TED,app_mobile,FP-673625,239.114.xxx.xxx,pendente,0,,169,ES
TXN-000711,2024-01-24 22:02:22,CUST-00440,MERCH-0121,restaurantes,152.04,PIX,caixa_eletronico,FP-737973,193.39.xxx.xxx,aprovada,0,,152,SP
TXN-000712,2024-01-09 13:57:02,CUST-00473,MERCH-0043,e-commerce,224.46,PIX,caixa_eletronico,FP-200053,71.216.xxx.xxx,aprovada,0,,162,SP
TXN-000713,2024-01-27 17:01:33,CUST-00750,MERCH-0197,supermercados,1259.92,PIX,API,FP-439020,165.142.xxx.xxx,aprovada,0,,289,SC
TXN-000714,2024-02-09 08:47:20,CUST-00769,MERCH-0151,marketplace,176.49,cartao_credito,internet_banking,FP-325686,102.134.xxx.xxx,aprovada,0,,70,SP
TXN-000715,2024-01-29 08:42:57,CUST-00393,MERCH-0057,supermercados,563.17,PIX,app_mobile,,245.199.xxx.xxx,aprovada,0,,62,SP
TXN-000716,2024-02-26 19:23:04,CUST-00749,MERCH-0176,e-commerce,177.53,cartao_credito,app_mobile,FP-395118,12.135.xxx.xxx,aprovada,1,1,401,RN
TXN-000717,2024-01-09 20:22:25,CUST-00558,MERCH-0198,e-commerce,531.72,PIX,app_mobile,FP-788030,231.82.xxx.xxx,aprovada,0,,111,ES
TXN-000718,2024-01-08 00:35:46,CUST-00034,MERCH-0085,utilidades,517.03,cartao_debito,app_mobile,FP-263511,16.107.xxx.xxx,aprovada,0,0,195,RR
TXN-000719,2024-02-27 10:42:37,CUST-00498,MERCH-0035,e-commerce,45.25,boleto,app_mobile,FP-814966,80.8.xxx.xxx,recusada,0,,185,SP
TXN-000720,2024-01-09 22:24:43,CUST-00297,MERCH-0179,e-commerce,364.28,cartao_credito,internet_banking,FP-323479,249.223.xxx.xxx,aprovada,0,,272,RO
TXN-000721,2024-01-24 04:32:32,CUST-00074,MERCH-0098,supermercados,1083.69,boleto,app_mobile,FP-400173,44.127.xxx.xxx,aprovada,0,,69,BA
TXN-000722,2024-01-22 03:29:56,CUST-00344,MERCH-0083,postos,92.48,TED,internet_banking,FP-875520,80.38.xxx.xxx,aprovada,0,,453,CE
TXN-000723,2024-02-27 23:36:06,CUST-00556,MERCH-0130,viagens,1063.8,PIX,internet_banking,FP-331636,252.29.xxx.xxx,aprovada,0,,128,MT
TXN-000724,2024-02-09 00:28:21,CUST-00680,MERCH-0040,marketplace,40.59,TED,internet_banking,FP-785150,93.207.xxx.xxx,aprovada,0,,92,SC
TXN-000725,2024-01-18 11:30:23,CUST-00432,MERCH-0164,marketplace,463.04,cartao_credito,internet_banking,FP-667799,154.30.xxx.xxx,estornada,0,,142,SP
TXN-000726,2024-02-15 19:10:10,CUST-00008,MERCH-0038,farmacias,358.54,PIX,internet_banking,FP-397699,4.142.xxx.xxx,aprovada,0,,170,MG
TXN-000727,2024-01-23 03:40:54,CUST-00119,MERCH-0199,postos,1494.22,cartao_credito,internet_banking,FP-917646,242.226.xxx.xxx,aprovada,0,,340,MA
TXN-000728,2024-02-04 21:25:33,CUST-00655,MERCH-0139,outros,750.94,cartao_debito,app_mobile,FP-414679,27.147.xxx.xxx,aprovada,0,,62,RO
TXN-000729,2024-01-13 06:10:42,CUST-00778,MERCH-0105,servicos_digitais,812.45,cartao_debito,API,,227.65.xxx.xxx,recusada,0,,196,RJ
TXN-000730,2024-01-23 01:45:03,CUST-00026,MERCH-0186,farmacias,95.89,cartao_debito,app_mobile,FP-351187,211.206.xxx.xxx,pendente,0,,102,AL
TXN-000731,2024-02-06 03:00:45,CUST-00505,MERCH-0108,restaurantes,657.13,TED,caixa_eletronico,FP-768606,13.152.xxx.xxx,aprovada,0,,58,ES
TXN-000732,2024-01-24 08:37:18,CUST-00471,MERCH-0058,marketplace,124.86,cartao_credito,app_mobile,FP-413357,151.29.xxx.xxx,aprovada,0,0,32,PE
TXN-000733,2024-02-29 14:12:44,CUST-00631,MERCH-0047,e-commerce,101.59,cartao_debito,app_mobile,FP-109594,137.144.xxx.xxx,aprovada,0,,78,MG
TXN-000734,2024-01-04 02:21:18,CUST-00005,MERCH-0154,marketplace,138.06,cartao_debito,app_mobile,FP-430642,118.144.xxx.xxx,aprovada,0,0,423,RJ
TXN-000735,2024-01-02 10:49:38,CUST-00388,MERCH-0037,e-commerce,25.42,PIX,internet_banking,FP-728918,75.183.xxx.xxx,aprovada,0,0,126,AL
TXN-000736,2024-01-14 13:48:27,CUST-00021,MERCH-0026,restaurantes,651.25,TED,API,FP-969500,34.13.xxx.xxx,aprovada,0,,353,RS
TXN-000737,2024-02-27 07:35:33,CUST-00247,MERCH-0056,e-commerce,74.22,TED,internet_banking,FP-264512,129.23.xxx.xxx,aprovada,0,,38,SP
TXN-000738,2024-02-25 23:14:08,CUST-00109,MERCH-0016,marketplace,58.75,PIX,app_mobile,FP-292735,182.174.xxx.xxx,aprovada,1,1,281,MG
TXN-000739,2024-02-05 18:35:18,CUST-00527,MERCH-0200,postos,0.0,cartao_debito,app_mobile,FP-327745,35.119.xxx.xxx,aprovada,1,0,506,SC
TXN-000740,2024-01-28 15:46:50,CUST-00078,MERCH-0031,postos,854.78,PIX,internet_banking,FP-469878,51.53.xxx.xxx,aprovada,0,,106,SC
TXN-000741,2024-02-15 17:20:58,CUST-00675,MERCH-0123,restaurantes,454.74,cartao_credito,app_mobile,FP-177782,205.30.xxx.xxx,aprovada,0,,139,ES
TXN-000742,2024-01-03 08:01:05,CUST-00453,MERCH-0176,postos,109.19,cartao_credito,internet_banking,FP-714228,40.36.xxx.xxx,aprovada,0,,80,PR
TXN-000743,2024-01-22 10:11:56,CUST-00425,MERCH-0008,utilidades,86.49,PIX,app_mobile,FP-970504,87.125.xxx.xxx,pendente,0,,834,RJ
TXN-000744,2024-01-21 02:45:44,CUST-00075,MERCH-0123,e-commerce,2918.62,TED,internet_banking,FP-370380,27.251.xxx.xxx,aprovada,0,,117,SC
TXN-000745,2024-01-21 10:03:22,CUST-00350,MERCH-0100,utilidades,1374.71,PIX,app_mobile,FP-548759,101.149.xxx.xxx,recusada,0,,332,RS
TXN-000746,2024-02-17 08:46:37,CUST-00148,MERCH-0094,marketplace,12.27,PIX,API,,193.197.xxx.xxx,aprovada,0,,154,MS
TXN-000747,2024-01-16 23:44:52,CUST-00164,MERCH-0161,marketplace,179.5,cartao_credito,app_mobile,,106.66.xxx.xxx,aprovada,0,,263,MG
TXN-000748,2024-01-06 06:22:49,CUST-00689,MERCH-0150,utilidades,1282.68,cartao_credito,caixa_eletronico,FP-382371,222.70.xxx.xxx,aprovada,0,,291,MT
TXN-000749,2024-01-29 10:03:27,CUST-00201,MERCH-0179,utilidades,3583.47,cartao_debito,API,FP-858161,146.237.xxx.xxx,aprovada,0,,64,AC
TXN-000750,2024-01-03 08:27:13,CUST-00470,MERCH-0037,marketplace,53.05,cartao_debito,internet_banking,FP-776444,188.79.xxx.xxx,aprovada,0,,60,MG
TXN-000751,2024-02-17 09:40:34,CUST-00405,MERCH-0134,farmacias,45.34,cartao_credito,app_mobile,,18.70.xxx.xxx,aprovada,0,0,155,BA
TXN-000752,2024-01-13 06:46:00,CUST-00275,MERCH-0109,postos,273.59,PIX,API,,98.11.xxx.xxx,recusada,0,,147,RN
TXN-000753,2024-01-21 01:59:05,CUST-00088,MERCH-0108,postos,301.77,cartao_credito,internet_banking,FP-154524,30.96.xxx.xxx,aprovada,0,,55,AM
TXN-000754,2024-01-08 12:27:38,CUST-00001,MERCH-0177,e-commerce,192.51,TED,app_mobile,FP-667167,225.24.xxx.xxx,pendente,0,,65,BA
TXN-000755,2024-01-28 08:44:51,CUST-00063,MERCH-0055,e-commerce,151.06,PIX,app_mobile,FP-765117,168.52.xxx.xxx,recusada,0,,89,SE
TXN-000756,2024-01-05 02:00:48,CUST-00202,MERCH-0116,restaurantes,494.23,PIX,API,,247.19.xxx.xxx,aprovada,0,,314,AL
TXN-000757,2024-02-16 23:10:45,CUST-00210,MERCH-0133,viagens,258.21,TED,app_mobile,FP-696377,147.240.xxx.xxx,estornada,0,,89,AL
TXN-000758,2024-01-07 09:01:44,CUST-00424,MERCH-0165,supermercados,275.77,PIX,app_mobile,FP-542480,84.225.xxx.xxx,aprovada,0,,253,GO
TXN-000759,2024-01-28 09:46:48,CUST-00168,MERCH-0144,e-commerce,182.37,TED,app_mobile,FP-665629,209.137.xxx.xxx,aprovada,0,,91,RS
TXN-000760,2024-02-03 02:31:23,CUST-00528,MERCH-0057,marketplace,544.87,boleto,internet_banking,FP-488995,208.31.xxx.xxx,aprovada,1,1,104,MG
TXN-000761,2024-01-17 04:56:43,CUST-00733,MERCH-0168,outros,415.37,cartao_credito,internet_banking,FP-101149,200.31.xxx.xxx,aprovada,0,0,223,PA
TXN-000762,2024-01-29 15:52:24,CUST-00199,MERCH-0178,restaurantes,1061.91,cartao_debito,API,FP-749114,214.218.xxx.xxx,aprovada,0,,63,MS
TXN-000763,2024-02-12 04:27:51,CUST-00625,MERCH-0135,postos,483.55,TED,caixa_eletronico,FP-916818,69.8.xxx.xxx,recusada,0,,83,PE
TXN-000764,2024-02-14 13:17:53,CUST-00201,MERCH-0063,restaurantes,1278.61,boleto,app_mobile,FP-580934,6.185.xxx.xxx,estornada,0,,254,AM
TXN-000765,2024-02-26 23:12:44,CUST-00656,MERCH-0182,e-commerce,427.75,boleto,app_mobile,FP-109346,8.16.xxx.xxx,recusada,0,,663,PB
TXN-000766,2024-02-28 01:08:45,CUST-00345,MERCH-0053,farmacias,108.98,cartao_debito,API,FP-213033,73.206.xxx.xxx,aprovada,0,,119,RJ
TXN-000767,2024-01-16 02:57:42,CUST-00246,MERCH-0037,e-commerce,1509.06,PIX,API,,68.85.xxx.xxx,aprovada,0,,741,BA
TXN-000768,2024-01-03 00:26:48,CUST-00145,MERCH-0023,supermercados,424.24,cartao_credito,app_mobile,FP-454335,72.106.xxx.xxx,aprovada,0,,207,RJ
TXN-000769,2024-02-01 02:16:44,CUST-00241,MERCH-0004,utilidades,287.47,cartao_credito,API,,185.19.xxx.xxx,aprovada,0,,50,RS
TXN-000770,2024-01-01 08:16:32,CUST-00117,MERCH-0194,servicos_digitais,34.29,TED,caixa_eletronico,FP-751834,190.117.xxx.xxx,aprovada,0,,131,ES
TXN-000771,2024-02-10 12:48:31,CUST-00789,MERCH-0036,postos,278.35,cartao_debito,internet_banking,FP-170023,90.155.xxx.xxx,aprovada,0,,306,SC
TXN-000772,2024-01-04 12:40:07,CUST-00091,MERCH-0157,outros,981.82,cartao_credito,API,FP-748789,129.148.xxx.xxx,aprovada,0,,220,SP
TXN-000773,2024-02-28 21:01:26,CUST-00433,MERCH-0104,marketplace,180.32,boleto,internet_banking,FP-823600,222.50.xxx.xxx,recusada,0,,238,PA
TXN-000774,2024-02-09 17:25:41,CUST-00222,MERCH-0168,utilidades,414.91,TED,internet_banking,FP-770963,42.235.xxx.xxx,aprovada,0,,125,RN
TXN-000775,2024-02-19 23:45:15,CUST-00708,MERCH-0084,e-commerce,338.07,cartao_credito,app_mobile,FP-771952,155.0.xxx.xxx,aprovada,0,,164,PI
TXN-000776,2024-02-03 03:30:57,CUST-00332,MERCH-0141,restaurantes,218.84,cartao_debito,app_mobile,FP-487299,246.12.xxx.xxx,recusada,0,,59,MG
TXN-000777,2024-02-07 15:00:50,CUST-00800,MERCH-0102,postos,3571.59,cartao_debito,app_mobile,FP-658761,113.41.xxx.xxx,aprovada,0,,121,RR
TXN-000778,2024-02-28 14:11:05,CUST-00736,MERCH-0119,marketplace,760.94,PIX,internet_banking,FP-773773,5.72.xxx.xxx,estornada,0,,205,RJ
TXN-000779,2024-01-04 12:11:11,CUST-00641,MERCH-0059,supermercados,312.23,PIX,caixa_eletronico,FP-321061,211.60.xxx.xxx,recusada,0,,180,SP
TXN-000780,2024-01-26 09:45:24,CUST-00140,MERCH-0116,servicos_digitais,197.8,boleto,internet_banking,FP-931106,189.147.xxx.xxx,aprovada,0,,874,SP
TXN-000781,2024-02-07 23:09:42,CUST-00313,MERCH-0013,outros,104.68,boleto,app_mobile,FP-616892,202.106.xxx.xxx,aprovada,0,,43,RS
TXN-000782,2024-02-06 23:22:06,CUST-00288,MERCH-0132,restaurantes,435.36,cartao_credito,API,FP-307931,202.151.xxx.xxx,aprovada,0,,506,MG
TXN-000783,2024-01-21 22:55:49,CUST-00507,MERCH-0118,farmacias,155.29,TED,app_mobile,FP-104797,237.148.xxx.xxx,aprovada,0,,383,TO
TXN-000784,2024-01-25 10:47:18,CUST-00673,MERCH-0185,marketplace,33.18,cartao_credito,internet_banking,FP-382213,103.237.xxx.xxx,aprovada,0,,336,RJ
TXN-000785,2024-02-15 09:12:55,CUST-00714,MERCH-0171,farmacias,86.08,boleto,internet_banking,FP-353429,144.14.xxx.xxx,aprovada,0,,28,RO
TXN-000786,2024-01-30 02:48:41,CUST-00005,MERCH-0036,outros,594.12,PIX,app_mobile,FP-909268,176.119.xxx.xxx,pendente,0,,209,MG
TXN-000787,2024-01-24 04:54:42,CUST-00146,MERCH-0068,restaurantes,1545.48,cartao_debito,app_mobile,FP-808464,98.93.xxx.xxx,aprovada,0,,116,AL
TXN-000788,2024-02-23 18:55:49,CUST-00198,MERCH-0011,viagens,865.91,TED,app_mobile,FP-756208,21.118.xxx.xxx,recusada,0,,106,SC
TXN-000789,2024-01-22 08:26:58,CUST-00774,MERCH-0028,restaurantes,177.44,cartao_credito,API,,114.128.xxx.xxx,aprovada,0,,577,AM
TXN-000790,2024-02-11 02:04:37,CUST-00384,MERCH-0008,viagens,833.6,cartao_credito,internet_banking,FP-635994,250.226.xxx.xxx,aprovada,0,,129,SP
TXN-000791,2024-02-11 21:26:18,CUST-00618,MERCH-0191,marketplace,353.29,cartao_credito,app_mobile,FP-451888,9.168.xxx.xxx,aprovada,0,,128,RJ
TXN-000792,2024-01-17 19:41:10,CUST-00103,MERCH-0010,outros,1031.56,PIX,caixa_eletronico,FP-194845,169.149.xxx.xxx,aprovada,0,,119,RS
TXN-000793,2024-01-15 01:17:53,CUST-00696,MERCH-0095,supermercados,134.02,cartao_credito,app_mobile,FP-735833,157.32.xxx.xxx,aprovada,1,1,99,PR
TXN-000794,2024-01-20 17:18:41,CUST-00534,MERCH-0010,restaurantes,11.02,PIX,API,FP-713685,124.247.xxx.xxx,aprovada,0,,46,ES
TXN-000795,2024-02-15 09:49:07,CUST-00690,MERCH-0042,restaurantes,171.99,TED,caixa_eletronico,FP-248116,176.42.xxx.xxx,aprovada,0,,46,RJ
TXN-000796,2024-02-08 13:14:26,CUST-00253,MERCH-0030,supermercados,83.37,PIX,app_mobile,FP-692319,132.231.xxx.xxx,aprovada,0,,119,SP
TXN-000797,2024-01-27 14:50:54,CUST-00261,MERCH-0127,marketplace,66.13,PIX,API,,55.158.xxx.xxx,aprovada,0,,149,SC
TXN-000798,2024-01-05 14:03:21,CUST-00407,MERCH-0105,marketplace,526.23,cartao_credito,app_mobile,FP-464889,77.35.xxx.xxx,aprovada,0,,158,ES
TXN-000799,2024-01-24 15:35:55,CUST-00078,MERCH-0016,servicos_digitais,147.31,cartao_credito,app_mobile,FP-256130,1.50.xxx.xxx,aprovada,0,,422,RS
TXN-000800,2024-02-07 13:09:33,CUST-00079,MERCH-0023,supermercados,70.6,cartao_credito,internet_banking,FP-357460,189.194.xxx.xxx,aprovada,0,,211,MG
TXN-000801,2024-01-05 11:35:27,CUST-00189,MERCH-0122,e-commerce,385.47,TED,app_mobile,FP-554769,62.137.xxx.xxx,pendente,0,0,74,MT
TXN-000802,2024-02-21 08:51:37,CUST-00007,MERCH-0165,postos,295.41,cartao_credito,API,,94.215.xxx.xxx,aprovada,0,,125,MG
TXN-000803,2024-02-14 00:46:37,CUST-00191,MERCH-0173,farmacias,3137.3,PIX,app_mobile,FP-248233,217.217.xxx.xxx,aprovada,0,,267,ES
TXN-000804,2024-02-12 18:43:02,CUST-00795,MERCH-0135,supermercados,239.55,boleto,app_mobile,FP-148798,43.71.xxx.xxx,aprovada,0,,41,SC
TXN-000805,2024-01-18 01:53:49,CUST-00391,MERCH-0118,supermercados,66.24,PIX,app_mobile,FP-412675,45.52.xxx.xxx,aprovada,0,,90,ES
TXN-000806,2024-02-24 21:25:22,CUST-00552,MERCH-0060,postos,50.35,cartao_debito,internet_banking,FP-330570,125.116.xxx.xxx,aprovada,0,,220,TO
TXN-000807,2024-02-27 15:47:31,CUST-00724,MERCH-0017,e-commerce,62.88,cartao_debito,internet_banking,FP-495439,191.74.xxx.xxx,aprovada,0,,152,RJ
TXN-000808,2024-02-20 08:24:40,CUST-00128,MERCH-0167,marketplace,1450.57,PIX,app_mobile,FP-450922,174.229.xxx.xxx,aprovada,0,,534,PR
TXN-000809,2024-01-28 15:46:14,CUST-00489,MERCH-0140,supermercados,55.98,TED,internet_banking,FP-537789,92.48.xxx.xxx,recusada,0,,123,DF
TXN-000810,2024-01-31 10:14:07,CUST-00648,MERCH-0094,farmacias,123.78,PIX,API,,46.212.xxx.xxx,recusada,0,,337,SP
TXN-000811,2024-01-06 04:47:06,CUST-00600,MERCH-0057,postos,134.98,boleto,app_mobile,FP-542070,236.61.xxx.xxx,recusada,0,,296,MG
TXN-000812,2024-01-06 11:08:50,CUST-00617,MERCH-0129,marketplace,554.51,cartao_credito,internet_banking,FP-960177,223.120.xxx.xxx,aprovada,0,,183,RS
TXN-000813,2024-02-03 04:58:39,CUST-00330,MERCH-0018,e-commerce,1072.52,cartao_credito,app_mobile,FP-971862,66.252.xxx.xxx,aprovada,0,,239,SP
TXN-000814,2024-01-12 19:08:55,CUST-00039,MERCH-0186,viagens,126.1,TED,internet_banking,FP-345109,25.160.xxx.xxx,aprovada,0,,196,BA
TXN-000815,2024-02-02 18:50:22,CUST-00755,MERCH-0149,servicos_digitais,158.53,cartao_debito,internet_banking,FP-391048,235.16.xxx.xxx,aprovada,0,,248,RJ
TXN-000816,2024-01-19 06:29:49,CUST-00652,MERCH-0053,postos,173.99,boleto,API,,50.219.xxx.xxx,aprovada,0,,309,MS
TXN-000817,2024-01-18 12:02:07,CUST-00012,MERCH-0185,marketplace,27.65,cartao_credito,internet_banking,FP-531798,173.125.xxx.xxx,aprovada,0,,43,DF
TXN-000818,2024-01-31 02:21:41,CUST-00665,MERCH-0008,marketplace,887.62,PIX,caixa_eletronico,FP-947784,215.188.xxx.xxx,aprovada,0,,133,DF
TXN-000819,2024-02-10 10:34:53,CUST-00345,MERCH-0159,outros,128.97,PIX,caixa_eletronico,FP-301872,120.19.xxx.xxx,aprovada,0,,209,MG
TXN-000820,2024-02-07 10:22:53,CUST-00184,MERCH-0192,utilidades,141.22,cartao_credito,caixa_eletronico,FP-136944,163.89.xxx.xxx,aprovada,0,,273,ES
TXN-000821,2024-02-03 16:30:29,CUST-00584,MERCH-0139,marketplace,10.87,cartao_debito,app_mobile,FP-809683,5.118.xxx.xxx,recusada,0,,94,GO
TXN-000822,2024-01-18 06:00:43,CUST-00690,MERCH-0155,supermercados,101.74,PIX,app_mobile,FP-318824,121.189.xxx.xxx,aprovada,0,,311,ES
TXN-000823,2024-02-19 07:05:50,CUST-00039,MERCH-0099,farmacias,100.58,cartao_credito,caixa_eletronico,FP-681419,85.175.xxx.xxx,pendente,0,,174,BA
TXN-000824,2024-02-24 07:35:42,CUST-00778,MERCH-0109,restaurantes,99.23,boleto,caixa_eletronico,FP-730130,25.240.xxx.xxx,aprovada,0,,275,RJ
TXN-000825,2024-02-23 10:42:30,CUST-00140,MERCH-0112,supermercados,357.97,cartao_debito,API,,157.132.xxx.xxx,aprovada,0,,134,SP
TXN-000826,2024-02-12 18:00:27,CUST-00268,MERCH-0184,utilidades,71.38,PIX,API,,87.200.xxx.xxx,pendente,0,,167,MG
TXN-000827,2024-01-10 07:30:51,CUST-00021,MERCH-0178,postos,2835.18,cartao_credito,app_mobile,FP-740361,228.222.xxx.xxx,aprovada,0,,370,SC
TXN-000828,2024-02-25 23:36:30,CUST-00419,MERCH-0144,servicos_digitais,491.68,PIX,app_mobile,FP-837157,138.85.xxx.xxx,aprovada,0,,206,RJ
TXN-000829,2024-02-17 14:57:11,CUST-00332,MERCH-0162,farmacias,994.47,PIX,app_mobile,FP-642430,166.147.xxx.xxx,aprovada,0,,198,SP
TXN-000830,2024-02-04 01:24:33,CUST-00525,MERCH-0086,marketplace,47.55,cartao_credito,app_mobile,FP-780024,54.0.xxx.xxx,aprovada,0,,251,MG
TXN-000831,2024-02-06 12:15:17,CUST-00537,MERCH-0192,servicos_digitais,161.41,PIX,app_mobile,FP-813034,73.108.xxx.xxx,aprovada,0,,495,ES
TXN-000832,2024-01-11 04:33:17,CUST-00239,MERCH-0191,supermercados,188.12,cartao_credito,app_mobile,FP-330519,215.63.xxx.xxx,pendente,0,,135,SE
TXN-000833,2024-02-10 03:28:11,CUST-00692,MERCH-0142,utilidades,323.57,TED,API,,209.253.xxx.xxx,pendente,0,,242,MG
TXN-000834,2024-01-24 05:54:19,CUST-00666,MERCH-0192,outros,77.26,cartao_credito,internet_banking,FP-965942,223.14.xxx.xxx,aprovada,0,,120,SE
TXN-000835,2024-01-26 17:49:02,CUST-00026,MERCH-0114,utilidades,190.33,PIX,API,,20.162.xxx.xxx,aprovada,0,,34,PB
TXN-000836,2024-01-05 12:22:45,CUST-00034,MERCH-0039,supermercados,179.24,PIX,app_mobile,FP-376186,88.125.xxx.xxx,aprovada,0,,128,AP
TXN-000837,2024-01-20 10:41:50,CUST-00185,MERCH-0093,utilidades,1166.68,PIX,app_mobile,FP-729152,177.204.xxx.xxx,recusada,0,0,214,SP
TXN-000838,2024-02-13 11:30:03,CUST-00221,MERCH-0024,servicos_digitais,140.03,PIX,app_mobile,FP-528199,131.249.xxx.xxx,aprovada,0,,100,ES
TXN-000839,2024-02-23 03:54:26,CUST-00393,MERCH-0151,utilidades,381.05,cartao_credito,app_mobile,FP-748884,18.141.xxx.xxx,aprovada,0,,311,SP
TXN-000840,2024-02-18 04:38:53,CUST-00191,MERCH-0045,farmacias,189.09,PIX,app_mobile,FP-157456,91.34.xxx.xxx,pendente,0,,101,SP
TXN-000841,2024-01-21 16:49:28,CUST-00250,MERCH-0117,supermercados,639.66,cartao_credito,app_mobile,FP-234429,1.96.xxx.xxx,aprovada,0,,310,RJ
TXN-000842,2024-02-16 16:27:49,CUST-00517,MERCH-0105,restaurantes,331.67,cartao_credito,API,FP-602337,78.48.xxx.xxx,aprovada,0,,149,SP
TXN-000843,2024-02-04 12:00:20,CUST-00145,MERCH-0160,supermercados,264.3,PIX,API,FP-275937,178.60.xxx.xxx,pendente,0,,360,SP
TXN-000844,2024-01-08 09:02:14,CUST-00723,MERCH-0029,utilidades,163.64,boleto,internet_banking,FP-750991,46.110.xxx.xxx,aprovada,0,0,49,PB
TXN-000845,2024-01-09 21:40:34,CUST-00586,MERCH-0049,supermercados,355.71,cartao_credito,app_mobile,FP-956089,45.159.xxx.xxx,aprovada,0,,221,MG
TXN-000846,2024-01-06 01:13:13,CUST-00248,MERCH-0050,servicos_digitais,65.94,cartao_credito,app_mobile,FP-410087,186.205.xxx.xxx,aprovada,0,,42,MG
TXN-000847,2024-02-01 03:20:59,CUST-00065,MERCH-0026,marketplace,263.07,PIX,caixa_eletronico,FP-876367,105.184.xxx.xxx,pendente,0,,117,MG
TXN-000848,2024-02-11 23:00:11,CUST-00725,MERCH-0026,marketplace,23803.16,cartao_credito,app_mobile,FP-999349,232.136.xxx.xxx,aprovada,0,,96,DF
TXN-000849,2024-01-06 17:11:06,CUST-00018,MERCH-0065,utilidades,883.38,cartao_credito,caixa_eletronico,FP-524146,138.72.xxx.xxx,aprovada,0,,213,SP
TXN-000850,2024-02-09 00:58:50,CUST-00654,MERCH-0136,e-commerce,307.33,cartao_credito,caixa_eletronico,FP-700766,205.44.xxx.xxx,aprovada,0,,272,PA
TXN-000851,2024-02-04 03:30:31,CUST-00649,MERCH-0166,supermercados,312.84,cartao_credito,internet_banking,FP-380317,144.173.xxx.xxx,aprovada,0,,532,RJ
TXN-000852,2024-02-29 05:32:36,CUST-00149,MERCH-0132,postos,390.76,PIX,app_mobile,FP-124188,181.75.xxx.xxx,pendente,0,,36,ES
TXN-000853,2024-01-18 15:55:29,CUST-00178,MERCH-0103,marketplace,111.53,TED,app_mobile,FP-457632,11.11.xxx.xxx,aprovada,0,,13,MG
TXN-000854,2024-01-20 19:54:30,CUST-00266,MERCH-0132,e-commerce,841.03,boleto,app_mobile,FP-635246,114.195.xxx.xxx,aprovada,0,,56,RJ
TXN-000855,2024-02-10 10:57:32,CUST-00054,MERCH-0187,restaurantes,1255.62,cartao_credito,app_mobile,FP-109564,237.143.xxx.xxx,recusada,0,,165,MS
TXN-000856,2024-01-02 14:51:31,CUST-00522,MERCH-0184,marketplace,150.79,PIX,internet_banking,FP-717738,183.62.xxx.xxx,aprovada,0,,77,MG
TXN-000857,2024-01-24 05:46:08,CUST-00575,MERCH-0145,supermercados,192.66,cartao_credito,API,,169.201.xxx.xxx,aprovada,0,,371,ES
TXN-000858,2024-02-10 04:23:25,CUST-00789,MERCH-0041,servicos_digitais,271.35,TED,internet_banking,FP-662583,231.0.xxx.xxx,aprovada,0,,123,RS
TXN-000859,2024-02-19 22:15:51,CUST-00523,MERCH-0164,postos,1182.97,cartao_debito,app_mobile,,243.204.xxx.xxx,aprovada,0,,315,SC
TXN-000860,2024-02-16 02:41:58,CUST-00589,MERCH-0161,postos,375.49,PIX,app_mobile,FP-752898,126.140.xxx.xxx,aprovada,0,,424,AP
TXN-000861,2024-02-11 14:34:33,CUST-00161,MERCH-0109,farmacias,1084.17,cartao_credito,caixa_eletronico,FP-742911,105.182.xxx.xxx,aprovada,0,,110,RN
TXN-000862,2024-02-12 18:40:18,CUST-00413,MERCH-0048,supermercados,290.19,TED,API,,201.98.xxx.xxx,aprovada,0,,190,SE
TXN-000863,2024-01-15 00:54:14,CUST-00288,MERCH-0043,e-commerce,505.9,PIX,internet_banking,FP-151191,146.130.xxx.xxx,aprovada,0,,33,SP
TXN-000864,2024-01-30 03:04:43,CUST-00202,MERCH-0135,supermercados,1773.6,PIX,API,FP-462723,84.133.xxx.xxx,aprovada,0,,144,RN
TXN-000865,2024-02-09 02:49:35,CUST-00766,MERCH-0077,restaurantes,1478.99,PIX,app_mobile,FP-728412,177.78.xxx.xxx,aprovada,0,,57,SC
TXN-000866,2024-01-05 03:12:14,CUST-00756,MERCH-0169,e-commerce,449.29,PIX,API,,6.254.xxx.xxx,aprovada,0,,374,SP
TXN-000867,2024-01-26 05:25:41,CUST-00427,MERCH-0001,marketplace,363.93,cartao_debito,app_mobile,FP-972620,6.246.xxx.xxx,aprovada,0,,173,SP
TXN-000868,2024-02-06 08:59:04,CUST-00495,MERCH-0200,postos,147.37,PIX,internet_banking,FP-205182,110.141.xxx.xxx,aprovada,1,0,158,RS
TXN-000869,2024-02-25 09:02:44,CUST-00679,MERCH-0124,supermercados,169.83,TED,app_mobile,FP-860515,157.134.xxx.xxx,aprovada,0,,29,MG
TXN-000870,2024-02-15 16:55:42,CUST-00550,MERCH-0001,restaurantes,518.06,PIX,API,,157.27.xxx.xxx,recusada,0,,319,MG
TXN-000871,2024-02-27 15:31:11,CUST-00369,MERCH-0059,farmacias,154.52,PIX,app_mobile,FP-375597,62.36.xxx.xxx,aprovada,0,,68,SE
TXN-000872,2024-02-15 11:12:51,CUST-00375,MERCH-0163,outros,112.07,TED,app_mobile,FP-659905,85.191.xxx.xxx,aprovada,0,,431,PB
TXN-000873,2024-02-03 22:26:10,CUST-00382,MERCH-0125,supermercados,68.82,cartao_credito,internet_banking,FP-785371,105.206.xxx.xxx,aprovada,0,,181,MG
TXN-000874,2024-02-09 20:38:17,CUST-00199,MERCH-0077,e-commerce,1252.7,PIX,internet_banking,FP-519899,207.227.xxx.xxx,aprovada,0,,233,MS
TXN-000875,2024-01-24 20:11:20,CUST-00711,MERCH-0183,outros,139.28,PIX,app_mobile,FP-490975,183.206.xxx.xxx,aprovada,0,,126,TO
TXN-000876,2024-02-03 18:44:47,CUST-00472,MERCH-0099,restaurantes,629.89,PIX,caixa_eletronico,FP-382811,148.17.xxx.xxx,aprovada,0,,66,AC
TXN-000877,2024-01-16 03:43:46,CUST-00408,MERCH-0109,e-commerce,3637.17,cartao_credito,internet_banking,FP-470085,51.219.xxx.xxx,aprovada,0,,295,MG
TXN-000878,2024-02-17 11:34:06,CUST-00047,MERCH-0060,e-commerce,17.09,PIX,internet_banking,FP-889872,50.3.xxx.xxx,recusada,1,1,42,MG
TXN-000879,2024-02-11 23:07:47,CUST-00233,MERCH-0114,farmacias,203.88,cartao_credito,app_mobile,FP-828240,69.11.xxx.xxx,aprovada,0,,202,SP
TXN-000880,2024-02-12 10:10:26,CUST-00373,MERCH-0088,servicos_digitais,965.85,cartao_debito,app_mobile,FP-535243,61.241.xxx.xxx,aprovada,0,,156,RJ
TXN-000881,2024-01-11 01:36:23,CUST-00598,MERCH-0041,e-commerce,23.57,PIX,app_mobile,FP-213461,150.250.xxx.xxx,recusada,0,,339,PA
TXN-000882,2024-01-31 22:05:46,CUST-00777,MERCH-0096,farmacias,163.76,PIX,internet_banking,FP-400322,237.39.xxx.xxx,aprovada,0,,59,MG
TXN-000883,2024-01-19 05:05:37,CUST-00461,MERCH-0139,supermercados,32.0,PIX,app_mobile,FP-566154,215.219.xxx.xxx,aprovada,0,,54,PE
TXN-000884,2024-01-03 17:00:52,CUST-00170,MERCH-0025,outros,97.69,PIX,internet_banking,FP-668016,54.199.xxx.xxx,aprovada,0,1,1653,ES
TXN-000885,2024-02-25 15:12:35,CUST-00048,MERCH-0155,e-commerce,89.02,TED,internet_banking,FP-785984,124.33.xxx.xxx,aprovada,0,0,37,MA
TXN-000886,2024-02-08 07:50:18,CUST-00529,MERCH-0172,supermercados,143.7,cartao_credito,app_mobile,FP-786126,85.205.xxx.xxx,aprovada,0,,121,SP
TXN-000887,2024-01-23 09:32:56,CUST-00702,MERCH-0145,restaurantes,19.28,PIX,caixa_eletronico,FP-776512,4.117.xxx.xxx,aprovada,0,,298,CE
TXN-000888,2024-01-06 03:41:09,CUST-00700,MERCH-0149,e-commerce,586.4,PIX,API,FP-283659,31.170.xxx.xxx,aprovada,0,,621,ES
TXN-000889,2024-01-17 16:29:29,CUST-00350,MERCH-0141,farmacias,135.01,PIX,app_mobile,FP-931171,71.5.xxx.xxx,aprovada,0,,268,RS
TXN-000890,2024-02-18 21:12:23,CUST-00237,MERCH-0022,servicos_digitais,168.47,PIX,caixa_eletronico,FP-366045,97.111.xxx.xxx,aprovada,0,,235,MA
TXN-000891,2024-01-09 14:03:00,CUST-00784,MERCH-0150,e-commerce,308.68,cartao_debito,app_mobile,FP-112514,239.112.xxx.xxx,aprovada,0,,145,SP
TXN-000892,2024-01-03 14:30:30,CUST-00498,MERCH-0179,marketplace,153.73,TED,internet_banking,FP-511209,65.118.xxx.xxx,aprovada,0,,82,RJ
TXN-000893,2024-01-12 04:40:34,CUST-00266,MERCH-0100,servicos_digitais,274.73,cartao_debito,caixa_eletronico,FP-787923,216.232.xxx.xxx,aprovada,0,,213,SP
TXN-000894,2024-01-05 07:56:32,CUST-00243,MERCH-0086,marketplace,93.77,PIX,internet_banking,FP-376852,223.174.xxx.xxx,pendente,1,1,220,DF
TXN-000895,2024-01-22 02:09:04,CUST-00743,MERCH-0014,servicos_digitais,133.99,cartao_debito,API,FP-477360,210.153.xxx.xxx,aprovada,0,,176,SP
TXN-000896,2024-02-05 03:39:17,CUST-00461,MERCH-0100,marketplace,558.25,cartao_credito,app_mobile,FP-631533,87.137.xxx.xxx,aprovada,0,,181,BA
TXN-000897,2024-02-06 21:59:23,CUST-00702,MERCH-0153,supermercados,762.41,TED,app_mobile,FP-781526,184.208.xxx.xxx,aprovada,0,,136,AL
TXN-000898,2024-02-12 18:55:20,CUST-00454,MERCH-0097,utilidades,932.82,TED,app_mobile,FP-292662,226.227.xxx.xxx,aprovada,0,0,46,ES
TXN-000899,2024-01-17 17:42:02,CUST-00430,MERCH-0176,marketplace,103.92,cartao_credito,app_mobile,FP-926061,37.110.xxx.xxx,pendente,0,,49,ES
TXN-000900,2024-01-03 16:08:57,CUST-00726,MERCH-0088,servicos_digitais,178.15,boleto,app_mobile,FP-438814,200.71.xxx.xxx,aprovada,0,,128,RS
TXN-000901,2024-02-07 03:22:59,CUST-00034,MERCH-0088,utilidades,1555.2,PIX,internet_banking,FP-706766,162.5.xxx.xxx,aprovada,0,,154,PA
TXN-000902,2024-02-13 02:44:58,CUST-00254,MERCH-0109,farmacias,134.88,boleto,API,,115.203.xxx.xxx,aprovada,1,1,102,PR
TXN-000903,2024-02-01 15:42:05,CUST-00096,MERCH-0135,supermercados,504.8,boleto,API,,227.254.xxx.xxx,aprovada,0,0,391,RS
TXN-000904,2024-01-17 20:42:23,CUST-00419,MERCH-0003,supermercados,308.26,PIX,API,FP-631164,2.241.xxx.xxx,aprovada,1,0,156,RJ
TXN-000905,2024-01-08 16:45:16,CUST-00702,MERCH-0186,e-commerce,0.0,PIX,internet_banking,FP-484380,243.139.xxx.xxx,pendente,1,1,1413,MA
TXN-000906,2024-02-10 07:08:32,CUST-00416,MERCH-0065,e-commerce,29.31,cartao_debito,internet_banking,FP-340975,223.203.xxx.xxx,aprovada,0,,56,AC
TXN-000907,2024-02-19 07:00:00,CUST-00382,MERCH-0003,outros,295.71,PIX,app_mobile,FP-372226,86.228.xxx.xxx,aprovada,0,,161,ES
TXN-000908,2024-02-14 16:35:04,CUST-00103,MERCH-0124,e-commerce,319.81,TED,internet_banking,,34.179.xxx.xxx,aprovada,1,1,70,PR
TXN-000909,2024-01-15 12:06:52,CUST-00722,MERCH-0123,outros,63.38,TED,app_mobile,FP-722214,233.52.xxx.xxx,aprovada,0,,478,MG
TXN-000910,2024-01-28 10:05:30,CUST-00086,MERCH-0179,restaurantes,163.19,boleto,API,FP-292433,77.239.xxx.xxx,recusada,0,,117,RJ
TXN-000911,2024-01-24 01:57:42,CUST-00559,MERCH-0193,viagens,128.66,PIX,internet_banking,FP-420567,51.175.xxx.xxx,aprovada,0,,107,ES
TXN-000912,2024-02-09 10:16:58,CUST-00346,MERCH-0041,servicos_digitais,275.3,cartao_credito,app_mobile,FP-899957,207.115.xxx.xxx,aprovada,0,0,56,RO
TXN-000913,2024-01-05 21:49:27,CUST-00429,MERCH-0033,restaurantes,540.39,cartao_credito,internet_banking,FP-500496,178.70.xxx.xxx,aprovada,0,,25,AM
TXN-000914,2024-01-06 03:37:06,CUST-00237,MERCH-0086,restaurantes,4075.38,PIX,API,,242.58.xxx.xxx,aprovada,0,,317,PE
TXN-000915,2024-02-10 21:14:37,CUST-00337,MERCH-0157,supermercados,435.86,cartao_credito,API,,85.139.xxx.xxx,recusada,0,,462,PR
TXN-000916,2024-02-01 08:44:32,CUST-00780,MERCH-0091,restaurantes,227.34,cartao_credito,API,,203.86.xxx.xxx,aprovada,0,,281,PR
TXN-000917,2024-01-05 03:30:44,CUST-00011,MERCH-0117,viagens,1007.81,PIX,internet_banking,FP-776248,80.154.xxx.xxx,aprovada,0,,71,MG
TXN-000918,2024-01-28 14:05:40,CUST-00054,MERCH-0016,e-commerce,240.44,PIX,app_mobile,FP-481351,208.137.xxx.xxx,aprovada,0,,226,GO
TXN-000919,2024-01-27 21:52:05,CUST-00020,MERCH-0089,marketplace,306.97,PIX,caixa_eletronico,FP-827620,57.171.xxx.xxx,aprovada,0,,73,PR
TXN-000920,2024-02-16 17:44:51,CUST-00021,MERCH-0059,marketplace,589.6,TED,internet_banking,FP-287394,40.150.xxx.xxx,aprovada,0,0,158,PR
TXN-000921,2024-01-16 06:29:41,CUST-00470,MERCH-0034,e-commerce,1018.67,PIX,app_mobile,FP-611153,182.45.xxx.xxx,aprovada,0,,33,ES
TXN-000922,2024-01-06 01:55:52,CUST-00274,MERCH-0079,marketplace,423.91,PIX,internet_banking,FP-263860,96.190.xxx.xxx,aprovada,0,,400,DF
TXN-000923,2024-02-03 21:55:11,CUST-00022,MERCH-0018,viagens,332.6,PIX,internet_banking,FP-215422,86.254.xxx.xxx,aprovada,0,,361,SP
TXN-000924,2024-01-17 20:41:53,CUST-00237,MERCH-0111,outros,133.35,cartao_debito,app_mobile,FP-986440,219.38.xxx.xxx,aprovada,0,,98,RN
TXN-000925,2024-01-01 01:48:28,CUST-00798,MERCH-0169,farmacias,154.6,boleto,app_mobile,FP-800076,167.215.xxx.xxx,aprovada,0,0,340,GO
TXN-000926,2024-01-03 07:52:27,CUST-00433,MERCH-0073,utilidades,303.27,cartao_debito,internet_banking,FP-200712,218.25.xxx.xxx,aprovada,0,,160,AC
TXN-000927,2024-02-27 15:52:47,CUST-00551,MERCH-0143,marketplace,189.8,PIX,API,,131.242.xxx.xxx,aprovada,0,0,56,MG
TXN-000928,2024-02-27 09:37:26,CUST-00037,MERCH-0135,postos,267.47,boleto,caixa_eletronico,FP-263664,183.249.xxx.xxx,aprovada,0,1,823,PR
TXN-000929,2024-01-19 18:05:05,CUST-00648,MERCH-0200,farmacias,223.67,TED,app_mobile,FP-152131,197.204.xxx.xxx,aprovada,0,,71,MG
TXN-000930,2024-02-28 23:43:43,CUST-00291,MERCH-0112,supermercados,94.56,TED,API,,107.230.xxx.xxx,aprovada,0,,92,ES
TXN-000931,2024-02-28 23:51:27,CUST-00360,MERCH-0038,servicos_digitais,388.23,cartao_credito,app_mobile,,90.177.xxx.xxx,aprovada,0,,254,SE
TXN-000932,2024-01-02 18:56:29,CUST-00248,MERCH-0107,restaurantes,279.24,PIX,internet_banking,FP-603826,173.78.xxx.xxx,aprovada,0,,67,SP
TXN-000933,2024-02-02 17:18:08,CUST-00298,MERCH-0145,postos,259.47,cartao_credito,API,,54.253.xxx.xxx,aprovada,0,,66,ES
TXN-000934,2024-01-21 19:56:58,CUST-00402,MERCH-0008,e-commerce,126.1,cartao_credito,caixa_eletronico,FP-334253,81.80.xxx.xxx,aprovada,0,,96,AM
TXN-000935,2024-01-11 07:49:43,CUST-00285,MERCH-0128,farmacias,182.85,cartao_debito,API,,134.193.xxx.xxx,aprovada,0,,179,SC
TXN-000936,2024-01-13 08:51:04,CUST-00170,MERCH-0116,marketplace,121.68,PIX,API,FP-476885,21.188.xxx.xxx,recusada,0,,55,SP
TXN-000937,2024-02-22 15:34:08,CUST-00045,MERCH-0071,servicos_digitais,48.24,cartao_credito,app_mobile,FP-712057,143.195.xxx.xxx,aprovada,0,,118,ES
TXN-000938,2024-01-28 08:45:14,CUST-00565,MERCH-0065,marketplace,562.25,PIX,app_mobile,FP-300689,186.36.xxx.xxx,aprovada,0,,98,SP
TXN-000939,2024-02-21 18:00:41,CUST-00113,MERCH-0032,e-commerce,1031.81,PIX,internet_banking,FP-701623,105.3.xxx.xxx,aprovada,0,,485,SP
TXN-000940,2024-01-13 01:16:05,CUST-00763,MERCH-0097,servicos_digitais,598.09,cartao_credito,caixa_eletronico,FP-249961,228.155.xxx.xxx,pendente,0,,97,RS
TXN-000941,2024-01-20 05:22:59,CUST-00096,MERCH-0088,servicos_digitais,364.84,cartao_debito,app_mobile,FP-342699,41.161.xxx.xxx,pendente,0,,92,RS
TXN-000942,2024-02-05 01:33:36,CUST-00515,MERCH-0129,farmacias,188.69,cartao_debito,app_mobile,FP-122838,51.53.xxx.xxx,aprovada,0,,81,RN
TXN-000943,2024-01-15 19:16:19,CUST-00783,MERCH-0007,farmacias,147.9,cartao_credito,internet_banking,FP-571579,68.132.xxx.xxx,aprovada,0,,124,AC
TXN-000944,2024-01-24 23:23:37,CUST-00236,MERCH-0099,restaurantes,0.0,cartao_credito,app_mobile,FP-895950,208.230.xxx.xxx,aprovada,0,,43,PR
TXN-000945,2024-01-24 10:35:11,CUST-00407,MERCH-0043,e-commerce,372.67,cartao_credito,app_mobile,FP-507369,239.147.xxx.xxx,aprovada,1,1,138,ES
TXN-000946,2024-02-26 16:32:05,CUST-00794,MERCH-0064,servicos_digitais,261.07,cartao_debito,internet_banking,FP-156158,236.233.xxx.xxx,aprovada,0,1,32,DF
TXN-000947,2024-02-16 15:34:47,CUST-00228,MERCH-0019,marketplace,1221.96,boleto,internet_banking,FP-895753,109.26.xxx.xxx,aprovada,0,0,94,CE
TXN-000948,2024-02-02 10:42:48,CUST-00366,MERCH-0170,servicos_digitais,47.11,TED,app_mobile,FP-835397,237.175.xxx.xxx,aprovada,0,,136,SP
TXN-000949,2024-01-23 17:34:54,CUST-00217,MERCH-0150,postos,527.63,boleto,API,,104.178.xxx.xxx,aprovada,0,,215,ES
TXN-000950,2024-02-14 02:53:54,CUST-00107,MERCH-0186,marketplace,84.12,cartao_debito,app_mobile,FP-931289,192.178.xxx.xxx,aprovada,0,,255,PB
TXN-000951,2024-02-07 16:09:10,CUST-00491,MERCH-0196,supermercados,69.62,cartao_credito,app_mobile,FP-561707,240.17.xxx.xxx,aprovada,0,,142,SP
TXN-000952,2024-02-14 21:43:14,CUST-00328,MERCH-0151,restaurantes,172.95,PIX,internet_banking,FP-489015,193.134.xxx.xxx,aprovada,0,,270,ES
TXN-000953,2024-02-05 00:18:13,CUST-00336,MERCH-0179,supermercados,444.53,cartao_credito,app_mobile,FP-667286,253.202.xxx.xxx,recusada,0,,80,SC
TXN-000954,2024-01-06 07:36:03,CUST-00665,MERCH-0029,postos,1197.67,cartao_debito,app_mobile,FP-187203,210.167.xxx.xxx,aprovada,0,,84,MS
TXN-000955,2024-02-19 22:20:09,CUST-00259,MERCH-0136,e-commerce,279.82,boleto,API,,97.26.xxx.xxx,recusada,0,,142,PR
TXN-000956,2024-01-08 03:26:43,CUST-00224,MERCH-0063,e-commerce,647.38,cartao_credito,internet_banking,FP-480424,249.162.xxx.xxx,aprovada,0,,328,SP
TXN-000957,2024-01-14 13:32:45,CUST-00140,MERCH-0124,e-commerce,531.97,PIX,app_mobile,FP-757853,250.114.xxx.xxx,aprovada,0,,235,SP
TXN-000958,2024-02-11 02:58:03,CUST-00245,MERCH-0063,supermercados,739.04,TED,internet_banking,FP-798797,18.116.xxx.xxx,aprovada,0,,632,RJ
TXN-000959,2024-02-14 02:23:42,CUST-00412,MERCH-0083,utilidades,163.45,PIX,API,,48.160.xxx.xxx,recusada,0,,238,MG
TXN-000960,2024-02-11 16:07:09,CUST-00765,MERCH-0057,servicos_digitais,77.96,cartao_credito,app_mobile,FP-734388,182.12.xxx.xxx,aprovada,0,0,101,MG
TXN-000961,2024-01-06 09:59:29,CUST-00692,MERCH-0157,servicos_digitais,65.2,boleto,internet_banking,FP-705161,26.77.xxx.xxx,aprovada,0,,141,RJ
TXN-000962,2024-02-08 12:41:49,CUST-00183,MERCH-0002,postos,146.15,PIX,app_mobile,FP-789851,159.250.xxx.xxx,aprovada,0,,184,PB
TXN-000963,2024-02-26 04:51:45,CUST-00501,MERCH-0022,marketplace,892.13,TED,internet_banking,FP-327091,253.200.xxx.xxx,aprovada,0,,10,AC
TXN-000964,2024-02-14 22:54:23,CUST-00403,MERCH-0053,utilidades,899.86,PIX,app_mobile,FP-669419,11.185.xxx.xxx,aprovada,0,,168,RJ
TXN-000965,2024-02-24 05:40:39,CUST-00259,MERCH-0121,e-commerce,567.38,cartao_debito,API,,52.42.xxx.xxx,aprovada,0,,159,SC
TXN-000966,2024-02-15 19:41:28,CUST-00003,MERCH-0065,e-commerce,60.69,PIX,app_mobile,FP-815001,184.82.xxx.xxx,recusada,0,,193,PB
TXN-000967,2024-02-01 18:31:09,CUST-00161,MERCH-0132,postos,51.54,PIX,internet_banking,FP-663888,197.131.xxx.xxx,aprovada,0,,76,PB
TXN-000968,2024-01-15 21:46:33,CUST-00040,MERCH-0164,viagens,1707.96,cartao_debito,app_mobile,FP-446967,207.104.xxx.xxx,aprovada,0,,441,RJ
TXN-000969,2024-01-11 20:38:46,CUST-00621,MERCH-0099,utilidades,49.26,cartao_credito,app_mobile,FP-808901,79.4.xxx.xxx,recusada,0,,103,MG
TXN-000970,2024-01-03 23:22:03,CUST-00005,MERCH-0168,restaurantes,171.21,PIX,caixa_eletronico,FP-249633,149.211.xxx.xxx,aprovada,0,0,107,RJ
TXN-000971,2024-01-31 20:38:48,CUST-00007,MERCH-0026,servicos_digitais,156.97,cartao_credito,API,FP-977089,42.169.xxx.xxx,aprovada,0,,359,RJ
TXN-000972,2024-01-19 17:58:15,CUST-00562,MERCH-0045,outros,692.83,cartao_debito,internet_banking,FP-809217,51.186.xxx.xxx,pendente,0,,1179,MG
TXN-000973,2024-02-19 04:19:45,CUST-00328,MERCH-0022,restaurantes,1104.23,cartao_credito,internet_banking,FP-716102,5.121.xxx.xxx,estornada,0,,297,SP
TXN-000974,2024-02-22 18:36:23,CUST-00121,MERCH-0188,farmacias,77.72,cartao_credito,caixa_eletronico,FP-147390,84.180.xxx.xxx,aprovada,0,,76,SP
TXN-000975,2024-02-27 12:25:30,CUST-00460,MERCH-0114,servicos_digitais,665.25,PIX,internet_banking,FP-815997,27.44.xxx.xxx,recusada,0,1,82,MG
TXN-000976,2024-02-06 12:03:09,CUST-00610,MERCH-0172,e-commerce,187.25,boleto,app_mobile,FP-641290,151.116.xxx.xxx,aprovada,0,,548,RS
TXN-000977,2024-02-25 13:25:38,CUST-00749,MERCH-0163,restaurantes,1523.38,cartao_debito,internet_banking,FP-513083,240.24.xxx.xxx,pendente,0,,388,AL
TXN-000978,2024-02-04 06:00:14,CUST-00532,MERCH-0027,utilidades,1121.33,PIX,app_mobile,FP-913634,61.239.xxx.xxx,aprovada,0,,216,SP
TXN-000979,2024-02-27 00:42:26,CUST-00509,MERCH-0071,marketplace,2082.95,cartao_debito,internet_banking,FP-773783,169.129.xxx.xxx,aprovada,0,,126,SP
TXN-000980,2024-02-11 08:45:09,CUST-00175,MERCH-0091,e-commerce,137.41,cartao_debito,API,,101.15.xxx.xxx,estornada,0,,489,GO
TXN-000981,2024-02-25 02:49:03,CUST-00642,MERCH-0173,viagens,76.99,cartao_debito,internet_banking,FP-936101,142.36.xxx.xxx,aprovada,0,,105,RS
TXN-000982,2024-01-06 12:19:42,CUST-00216,MERCH-0025,outros,502.57,cartao_credito,app_mobile,FP-302695,81.13.xxx.xxx,pendente,0,1,510,RJ
TXN-000983,2024-02-01 05:15:30,CUST-00514,MERCH-0142,marketplace,374.07,PIX,app_mobile,FP-863410,48.114.xxx.xxx,aprovada,0,,123,TO
TXN-000984,2024-01-24 02:19:50,CUST-00470,MERCH-0014,marketplace,52.92,cartao_credito,app_mobile,FP-357600,69.246.xxx.xxx,aprovada,0,,532,MG
TXN-000985,2024-02-04 15:43:06,CUST-00728,MERCH-0080,marketplace,84.53,TED,internet_banking,FP-477960,145.140.xxx.xxx,aprovada,0,,43,RJ
TXN-000986,2024-02-27 23:15:47,CUST-00679,MERCH-0084,e-commerce,2281.63,cartao_debito,internet_banking,FP-208389,232.78.xxx.xxx,aprovada,0,,265,RJ
TXN-000987,2024-02-07 11:55:08,CUST-00374,MERCH-0088,marketplace,110.52,TED,internet_banking,FP-527703,55.170.xxx.xxx,aprovada,0,,311,MG
TXN-000988,2024-01-14 06:59:47,CUST-00662,MERCH-0106,supermercados,399.28,cartao_credito,app_mobile,FP-828006,190.125.xxx.xxx,aprovada,0,,431,RS
TXN-000989,2024-01-02 16:28:46,CUST-00577,MERCH-0006,marketplace,302.3,cartao_credito,app_mobile,FP-734904,10.221.xxx.xxx,aprovada,0,0,171,SP
TXN-000990,2024-02-29 09:08:04,CUST-00317,MERCH-0019,e-commerce,111.93,TED,internet_banking,FP-349215,194.118.xxx.xxx,aprovada,0,,176,MA
TXN-000991,2024-02-29 04:00:19,CUST-00665,MERCH-0033,e-commerce,215.71,PIX,app_mobile,FP-784057,119.227.xxx.xxx,pendente,0,,76,MT
TXN-000992,2024-02-22 13:43:30,CUST-00503,MERCH-0039,supermercados,274.35,TED,app_mobile,FP-970941,178.13.xxx.xxx,aprovada,0,,312,SP
TXN-000993,2024-02-10 16:32:30,CUST-00721,MERCH-0146,postos,1142.88,cartao_debito,app_mobile,FP-120397,166.218.xxx.xxx,aprovada,0,,65,MT
TXN-000994,2024-02-23 09:51:16,CUST-00464,MERCH-0179,farmacias,758.38,PIX,internet_banking,FP-433531,123.239.xxx.xxx,aprovada,0,,41,CE
TXN-000995,2024-02-28 21:37:43,CUST-00513,MERCH-0035,farmacias,55.31,boleto,internet_banking,FP-520535,176.36.xxx.xxx,aprovada,0,,55,RR
TXN-000996,2024-01-08 05:40:18,CUST-00505,MERCH-0003,restaurantes,107.63,boleto,app_mobile,FP-980101,247.205.xxx.xxx,recusada,0,,184,MG
TXN-000997,2024-02-20 20:18:06,CUST-00597,MERCH-0093,marketplace,508.09,PIX,app_mobile,FP-818980,70.42.xxx.xxx,aprovada,0,0,45,SP
TXN-000998,2024-02-15 18:09:52,CUST-00122,MERCH-0044,e-commerce,49.16,cartao_debito,internet_banking,FP-208486,186.28.xxx.xxx,aprovada,0,,118,PB
TXN-000999,2024-02-12 23:24:47,CUST-00382,MERCH-0084,restaurantes,1036.06,cartao_debito,app_mobile,FP-968931,147.0.xxx.xxx,estornada,0,,167,ES
TXN-001000,2024-01-18 03:31:56,CUST-00744,MERCH-0059,e-commerce,271.24,PIX,app_mobile,FP-134364,21.6.xxx.xxx,aprovada,0,,90,ES
TXN-001001,2024-02-15 23:02:03,CUST-00618,MERCH-0153,marketplace,2177.74,cartao_debito,internet_banking,FP-884509,80.130.xxx.xxx,recusada,0,,195,MG
TXN-001002,2024-01-09 02:17:27,CUST-00289,MERCH-0094,farmacias,307.76,PIX,caixa_eletronico,FP-296769,62.234.xxx.xxx,aprovada,0,,1042,ES
TXN-001003,2024-02-25 16:11:08,CUST-00405,MERCH-0197,servicos_digitais,320.38,cartao_credito,app_mobile,FP-435786,88.254.xxx.xxx,pendente,0,,350,BA
TXN-001004,2024-02-07 23:03:43,CUST-00631,MERCH-0087,supermercados,394.28,PIX,app_mobile,FP-870149,12.182.xxx.xxx,aprovada,0,0,86,ES
TXN-001005,2024-01-24 15:21:52,CUST-00784,MERCH-0019,marketplace,1416.39,boleto,internet_banking,FP-810334,109.164.xxx.xxx,estornada,0,0,318,MG
TXN-001006,2024-01-21 08:30:26,CUST-00513,MERCH-0137,e-commerce,103.97,cartao_credito,internet_banking,FP-263784,38.214.xxx.xxx,aprovada,0,,192,RR
TXN-001007,2024-02-02 05:20:30,CUST-00343,MERCH-0141,marketplace,331.43,cartao_credito,caixa_eletronico,FP-247750,248.32.xxx.xxx,recusada,0,,205,MG
TXN-001008,2024-01-30 14:48:40,CUST-00458,MERCH-0122,postos,225.22,PIX,internet_banking,FP-184519,68.220.xxx.xxx,estornada,1,1,1272,RS
TXN-001009,2024-02-11 03:34:47,CUST-00186,MERCH-0139,farmacias,3570.4,boleto,app_mobile,FP-446704,76.142.xxx.xxx,aprovada,0,,462,SC
TXN-001010,2024-02-01 20:58:43,CUST-00004,MERCH-0072,outros,253.08,TED,internet_banking,FP-925885,76.245.xxx.xxx,recusada,0,,29,MG
TXN-001011,2024-02-04 23:11:24,CUST-00072,MERCH-0086,farmacias,1341.35,cartao_credito,app_mobile,FP-431426,248.118.xxx.xxx,aprovada,0,,193,SE
TXN-001012,2024-01-06 03:10:01,CUST-00255,MERCH-0117,marketplace,132.44,TED,internet_banking,FP-297187,221.32.xxx.xxx,recusada,0,,157,RJ
TXN-001013,2024-01-19 01:25:48,CUST-00558,MERCH-0179,supermercados,52.46,cartao_debito,caixa_eletronico,FP-635462,85.205.xxx.xxx,pendente,0,,200,MG
TXN-001014,2024-01-08 09:09:16,CUST-00143,MERCH-0081,outros,283.23,boleto,internet_banking,FP-509063,151.158.xxx.xxx,recusada,0,,138,MG
TXN-001015,2024-01-05 07:35:24,CUST-00158,MERCH-0118,marketplace,41.0,cartao_credito,caixa_eletronico,FP-275727,54.81.xxx.xxx,aprovada,0,,726,ES
TXN-001016,2024-02-12 23:07:56,CUST-00130,MERCH-0037,utilidades,1596.19,cartao_credito,internet_banking,FP-130471,185.124.xxx.xxx,aprovada,0,,243,SC
TXN-001017,2024-01-08 18:23:54,CUST-00449,MERCH-0163,outros,376.84,PIX,app_mobile,FP-893505,251.188.xxx.xxx,aprovada,0,,148,PB
TXN-001018,2024-01-06 10:20:14,CUST-00038,MERCH-0033,marketplace,543.91,PIX,internet_banking,FP-766924,172.64.xxx.xxx,aprovada,0,,577,ES
TXN-001019,2024-01-15 19:06:05,CUST-00043,MERCH-0058,postos,287.03,TED,API,FP-580408,167.19.xxx.xxx,estornada,0,,93,SP
TXN-001020,2024-01-28 17:14:16,CUST-00653,MERCH-0098,postos,85.4,cartao_debito,app_mobile,FP-392067,132.135.xxx.xxx,aprovada,0,,88,RJ
TXN-001021,2024-01-16 19:53:55,CUST-00073,MERCH-0169,marketplace,194.34,cartao_debito,app_mobile,FP-350768,174.134.xxx.xxx,recusada,0,,441,MG
TXN-001022,2024-02-17 09:33:52,CUST-00033,MERCH-0013,farmacias,126.36,cartao_debito,internet_banking,FP-703896,131.14.xxx.xxx,aprovada,0,,79,RR
TXN-001023,2024-02-11 04:41:12,CUST-00365,MERCH-0051,supermercados,1906.99,PIX,API,,34.230.xxx.xxx,aprovada,0,,373,MG
TXN-001024,2024-02-05 17:42:50,CUST-00442,MERCH-0095,farmacias,148.48,boleto,internet_banking,FP-780041,62.198.xxx.xxx,aprovada,0,0,96,SP
TXN-001025,2024-01-08 05:08:49,CUST-00294,MERCH-0094,supermercados,383.5,cartao_debito,API,FP-801219,199.83.xxx.xxx,aprovada,0,,553,CE
TXN-001026,2024-01-18 23:01:14,CUST-00727,MERCH-0053,e-commerce,134.54,cartao_credito,app_mobile,FP-242088,122.197.xxx.xxx,aprovada,0,0,30,AL
TXN-001027,2024-01-24 11:50:11,CUST-00700,MERCH-0003,e-commerce,485.07,boleto,caixa_eletronico,FP-310003,198.223.xxx.xxx,aprovada,0,,166,SP
TXN-001028,2024-01-09 14:19:46,CUST-00734,MERCH-0082,servicos_digitais,552.51,boleto,app_mobile,FP-128216,73.244.xxx.xxx,aprovada,0,,96,PR
TXN-001029,2024-02-09 11:31:52,CUST-00310,MERCH-0060,e-commerce,102.11,cartao_debito,internet_banking,FP-484711,122.35.xxx.xxx,aprovada,0,,125,ES
TXN-001030,2024-02-17 22:05:55,CUST-00191,MERCH-0058,marketplace,405.97,cartao_credito,app_mobile,FP-420146,144.17.xxx.xxx,aprovada,0,,207,SP
TXN-001031,2024-02-04 23:56:28,CUST-00310,MERCH-0040,e-commerce,3883.19,PIX,internet_banking,FP-436523,101.105.xxx.xxx,aprovada,0,,24,ES
TXN-001032,2024-01-07 17:15:31,CUST-00729,MERCH-0159,utilidades,67.66,PIX,API,,196.245.xxx.xxx,aprovada,0,,94,SP
TXN-001033,2024-01-03 05:25:19,CUST-00163,MERCH-0127,servicos_digitais,1108.02,boleto,app_mobile,FP-597810,198.200.xxx.xxx,aprovada,0,,222,MG
TXN-001034,2024-02-14 14:05:02,CUST-00725,MERCH-0051,e-commerce,434.79,PIX,app_mobile,FP-628302,187.39.xxx.xxx,aprovada,0,,15,DF
TXN-001035,2024-02-12 16:05:29,CUST-00774,MERCH-0198,outros,856.61,boleto,API,,223.236.xxx.xxx,aprovada,1,1,430,RR
TXN-001036,2024-01-14 07:03:28,CUST-00733,MERCH-0082,outros,40.85,PIX,internet_banking,,7.253.xxx.xxx,aprovada,0,,128,AC
TXN-001037,2024-01-29 22:57:36,CUST-00222,MERCH-0074,marketplace,119.34,PIX,caixa_eletronico,FP-651690,142.98.xxx.xxx,pendente,0,,169,PI
TXN-001038,2024-02-01 13:21:26,CUST-00538,MERCH-0029,utilidades,531.6,cartao_credito,app_mobile,FP-704093,245.215.xxx.xxx,aprovada,0,,72,AL
TXN-001039,2024-01-21 00:27:41,CUST-00575,MERCH-0062,supermercados,348.26,cartao_debito,app_mobile,,178.120.xxx.xxx,aprovada,0,,86,ES
TXN-001040,2024-02-11 19:40:04,CUST-00530,MERCH-0010,viagens,158.66,boleto,app_mobile,FP-449088,89.86.xxx.xxx,aprovada,0,0,112,MG
TXN-001041,2024-01-11 01:01:45,CUST-00526,MERCH-0181,e-commerce,52.23,cartao_credito,app_mobile,FP-497666,229.35.xxx.xxx,aprovada,0,,44,BA
TXN-001042,2024-02-08 19:17:43,CUST-00171,MERCH-0090,viagens,100.2,PIX,app_mobile,FP-517581,129.126.xxx.xxx,pendente,0,,148,RJ
TXN-001043,2024-01-03 15:37:10,CUST-00274,MERCH-0146,marketplace,363.66,cartao_credito,internet_banking,FP-544587,8.4.xxx.xxx,aprovada,0,1,186,DF
TXN-001044,2024-01-22 09:54:38,CUST-00154,MERCH-0197,outros,754.11,TED,internet_banking,FP-317746,100.118.xxx.xxx,aprovada,0,,521,MG
TXN-001045,2024-02-26 20:15:36,CUST-00022,MERCH-0093,marketplace,315.83,PIX,internet_banking,FP-298155,106.132.xxx.xxx,aprovada,0,,77,RJ
TXN-001046,2024-02-24 13:29:30,CUST-00258,MERCH-0147,marketplace,393.61,cartao_credito,API,,86.63.xxx.xxx,aprovada,1,,45,MG
TXN-001047,2024-02-25 22:21:30,CUST-00439,MERCH-0179,postos,1263.62,PIX,app_mobile,FP-236766,122.175.xxx.xxx,estornada,0,1,723,AM
TXN-001048,2024-01-28 15:05:14,CUST-00679,MERCH-0055,viagens,158.2,TED,app_mobile,FP-543089,72.249.xxx.xxx,aprovada,0,,49,SP
TXN-001049,2024-02-24 00:00:23,CUST-00477,MERCH-0104,outros,490.74,PIX,internet_banking,FP-351037,11.138.xxx.xxx,pendente,0,,162,PE
TXN-001050,2024-01-17 20:49:14,CUST-00296,MERCH-0039,restaurantes,602.27,cartao_credito,caixa_eletronico,FP-668141,52.109.xxx.xxx,recusada,0,,629,MG
TXN-001051,2024-02-23 20:45:58,CUST-00588,MERCH-0117,e-commerce,188.51,PIX,API,,212.42.xxx.xxx,pendente,0,,245,SP
TXN-001052,2024-01-27 22:50:37,CUST-00609,MERCH-0031,e-commerce,417.06,cartao_credito,app_mobile,FP-370317,66.195.xxx.xxx,aprovada,0,,35,RJ
TXN-001053,2024-01-30 11:02:45,CUST-00372,MERCH-0172,e-commerce,143.07,cartao_credito,API,,167.172.xxx.xxx,aprovada,0,,246,AP
TXN-001054,2024-02-18 02:46:41,CUST-00746,MERCH-0025,farmacias,4309.63,PIX,internet_banking,FP-862392,198.15.xxx.xxx,aprovada,0,,188,RR
TXN-001055,2024-02-09 17:16:15,CUST-00630,MERCH-0053,restaurantes,279.35,TED,app_mobile,FP-698832,166.184.xxx.xxx,aprovada,0,,193,TO
TXN-001056,2024-01-01 02:42:43,CUST-00112,MERCH-0006,servicos_digitais,457.77,PIX,API,FP-914441,16.213.xxx.xxx,aprovada,0,,59,RJ
TXN-001057,2024-01-04 09:50:32,CUST-00771,MERCH-0178,supermercados,128.84,cartao_credito,internet_banking,FP-419258,139.225.xxx.xxx,aprovada,0,,35,SC
TXN-001058,2024-01-27 02:51:55,CUST-00294,MERCH-0154,servicos_digitais,480.22,TED,app_mobile,FP-568449,151.138.xxx.xxx,aprovada,0,0,78,BA
TXN-001059,2024-01-15 11:34:50,CUST-00136,MERCH-0089,e-commerce,1082.38,TED,app_mobile,FP-564835,58.123.xxx.xxx,aprovada,0,,1025,RR
TXN-001060,2024-01-04 19:23:41,CUST-00795,MERCH-0120,viagens,253.67,PIX,app_mobile,FP-228106,33.175.xxx.xxx,aprovada,0,,169,PR
TXN-001061,2024-02-04 18:34:31,CUST-00738,MERCH-0050,servicos_digitais,1070.02,cartao_credito,app_mobile,FP-327645,67.66.xxx.xxx,aprovada,0,,762,RJ
TXN-001062,2024-02-15 04:21:04,CUST-00237,MERCH-0054,e-commerce,73.82,cartao_credito,API,,59.241.xxx.xxx,aprovada,0,,70,BA
TXN-001063,2024-01-04 07:17:38,CUST-00258,MERCH-0132,marketplace,119.98,TED,app_mobile,FP-517987,163.42.xxx.xxx,aprovada,0,,98,SP
TXN-001064,2024-02-27 12:29:22,CUST-00104,MERCH-0108,supermercados,1290.45,cartao_credito,internet_banking,FP-117367,229.197.xxx.xxx,aprovada,0,,408,MG
TXN-001065,2024-02-05 16:41:04,CUST-00099,MERCH-0008,supermercados,195.12,cartao_credito,caixa_eletronico,FP-759804,211.230.xxx.xxx,aprovada,0,,155,ES
TXN-001066,2024-01-26 13:00:24,CUST-00210,MERCH-0155,viagens,12.28,PIX,API,FP-809821,173.111.xxx.xxx,aprovada,0,,47,PB
TXN-001067,2024-02-26 11:21:08,CUST-00384,MERCH-0008,servicos_digitais,179.97,TED,app_mobile,,112.222.xxx.xxx,aprovada,0,,116,SP
TXN-001068,2024-02-17 23:35:53,CUST-00305,MERCH-0037,farmacias,378.8,PIX,app_mobile,FP-745543,23.0.xxx.xxx,aprovada,0,,122,ES
TXN-001069,2024-02-04 05:18:49,CUST-00334,MERCH-0107,supermercados,210.41,TED,API,,158.172.xxx.xxx,aprovada,1,1,56,PI
TXN-001070,2024-02-05 17:30:17,CUST-00446,MERCH-0189,marketplace,419.8,cartao_debito,internet_banking,FP-313934,98.192.xxx.xxx,recusada,0,,71,PR
TXN-001071,2024-01-19 01:08:57,CUST-00210,MERCH-0017,e-commerce,248.15,cartao_credito,app_mobile,FP-935660,25.63.xxx.xxx,aprovada,1,1,45,RN
TXN-001072,2024-01-15 23:25:58,CUST-00764,MERCH-0177,farmacias,873.91,TED,caixa_eletronico,FP-474765,158.185.xxx.xxx,aprovada,0,,991,SC
TXN-001073,2024-01-03 06:04:50,CUST-00632,MERCH-0144,restaurantes,864.19,cartao_debito,API,,193.251.xxx.xxx,aprovada,0,,76,MG
TXN-001074,2024-01-23 16:48:54,CUST-00219,MERCH-0084,supermercados,2574.27,cartao_credito,API,,85.199.xxx.xxx,aprovada,0,0,100,GO
TXN-001075,2024-02-13 15:05:04,CUST-00311,MERCH-0063,farmacias,272.37,cartao_debito,API,,156.206.xxx.xxx,recusada,0,,74,RN
TXN-001076,2024-01-24 06:38:35,CUST-00154,MERCH-0156,e-commerce,741.87,cartao_credito,internet_banking,FP-333089,77.118.xxx.xxx,pendente,0,,63,RJ
TXN-001077,2024-01-23 19:54:11,CUST-00033,MERCH-0160,supermercados,60.45,PIX,internet_banking,FP-414210,151.30.xxx.xxx,aprovada,0,,48,RR
TXN-001078,2024-01-08 22:53:02,CUST-00126,MERCH-0179,farmacias,68.79,PIX,app_mobile,FP-926960,105.35.xxx.xxx,aprovada,0,0,50,MG
TXN-001079,2024-01-21 20:39:13,CUST-00227,MERCH-0058,marketplace,0.0,PIX,internet_banking,FP-100339,197.13.xxx.xxx,aprovada,0,,44,GO
TXN-001080,2024-02-24 06:24:59,CUST-00384,MERCH-0149,e-commerce,74.01,cartao_credito,internet_banking,FP-755855,201.191.xxx.xxx,aprovada,1,1,367,SP
TXN-001081,2024-02-09 23:31:36,CUST-00591,MERCH-0003,supermercados,349.8,PIX,app_mobile,FP-254773,153.104.xxx.xxx,aprovada,0,,296,MT
TXN-001082,2024-01-15 22:08:34,CUST-00086,MERCH-0042,outros,82.4,PIX,caixa_eletronico,,224.135.xxx.xxx,estornada,0,,135,RJ
TXN-001083,2024-02-18 03:49:33,CUST-00483,MERCH-0018,postos,671.88,cartao_debito,app_mobile,FP-290120,232.212.xxx.xxx,aprovada,0,,311,PB
TXN-001084,2024-02-11 16:24:09,CUST-00076,MERCH-0017,marketplace,61.31,cartao_credito,app_mobile,FP-799636,187.67.xxx.xxx,aprovada,0,,89,RJ
TXN-001085,2024-02-26 16:09:28,CUST-00366,MERCH-0039,utilidades,413.85,cartao_debito,internet_banking,FP-955631,170.174.xxx.xxx,aprovada,0,,318,SP
TXN-001086,2024-02-09 06:41:46,CUST-00585,MERCH-0143,utilidades,3389.18,PIX,app_mobile,FP-883444,204.208.xxx.xxx,aprovada,0,,766,PR
TXN-001087,2024-01-04 16:52:30,CUST-00263,MERCH-0091,servicos_digitais,194.53,cartao_debito,app_mobile,FP-719312,175.170.xxx.xxx,aprovada,0,0,241,MA
TXN-001088,2024-02-08 16:16:49,CUST-00349,MERCH-0168,farmacias,6747.96,cartao_debito,internet_banking,FP-737941,252.140.xxx.xxx,aprovada,0,,94,BA
TXN-001089,2024-02-13 00:24:38,CUST-00667,MERCH-0104,utilidades,641.14,PIX,caixa_eletronico,FP-729743,207.176.xxx.xxx,aprovada,0,,146,PE
TXN-001090,2024-02-08 22:03:28,CUST-00646,MERCH-0004,e-commerce,143.55,boleto,internet_banking,FP-819723,100.66.xxx.xxx,aprovada,0,,264,SP
TXN-001091,2024-02-22 10:37:30,CUST-00788,MERCH-0103,postos,307.45,PIX,app_mobile,FP-761993,202.211.xxx.xxx,recusada,0,,58,SC
TXN-001092,2024-01-29 16:13:15,CUST-00503,MERCH-0038,e-commerce,28.93,PIX,app_mobile,FP-456728,39.174.xxx.xxx,aprovada,0,0,300,MG
TXN-001093,2024-01-30 23:47:19,CUST-00635,MERCH-0059,restaurantes,50.31,cartao_credito,internet_banking,FP-297570,185.60.xxx.xxx,aprovada,0,,367,PI
TXN-001094,2024-01-28 23:26:59,CUST-00236,MERCH-0038,restaurantes,408.16,PIX,app_mobile,FP-370682,228.115.xxx.xxx,pendente,0,,182,PR
TXN-001095,2024-02-22 06:12:35,CUST-00032,MERCH-0163,utilidades,1821.36,cartao_debito,app_mobile,FP-720485,196.77.xxx.xxx,aprovada,0,,413,RS
TXN-001096,2024-01-15 07:10:10,CUST-00544,MERCH-0021,marketplace,374.49,PIX,internet_banking,FP-144705,206.196.xxx.xxx,aprovada,0,,337,PI
TXN-001097,2024-02-02 06:46:19,CUST-00223,MERCH-0077,postos,893.71,cartao_debito,API,FP-885368,194.252.xxx.xxx,aprovada,0,,69,GO
TXN-001098,2024-01-12 08:03:32,CUST-00335,MERCH-0012,e-commerce,282.73,cartao_debito,internet_banking,FP-483279,59.95.xxx.xxx,estornada,0,0,127,SC
TXN-001099,2024-02-06 18:48:58,CUST-00389,MERCH-0129,viagens,972.94,cartao_debito,internet_banking,FP-235666,15.241.xxx.xxx,aprovada,0,,241,RJ
TXN-001100,2024-02-28 15:50:06,CUST-00369,MERCH-0009,marketplace,103.64,TED,caixa_eletronico,FP-186192,66.134.xxx.xxx,aprovada,0,,91,RN
TXN-001101,2024-02-07 02:00:39,CUST-00612,MERCH-0123,outros,217.04,TED,internet_banking,FP-992645,93.116.xxx.xxx,aprovada,0,,65,ES
TXN-001102,2024-02-15 09:07:42,CUST-00631,MERCH-0078,e-commerce,47.0,PIX,app_mobile,FP-874785,183.182.xxx.xxx,aprovada,0,,359,SP
TXN-001103,2024-01-06 05:06:02,CUST-00414,MERCH-0128,outros,73.75,boleto,caixa_eletronico,FP-558337,251.112.xxx.xxx,aprovada,0,,79,BA
TXN-001104,2024-02-28 10:57:09,CUST-00235,MERCH-0031,postos,205.02,cartao_debito,API,FP-650880,56.202.xxx.xxx,estornada,0,,79,ES
TXN-001105,2024-02-09 02:20:02,CUST-00227,MERCH-0141,postos,1371.07,cartao_credito,API,,248.92.xxx.xxx,recusada,0,,399,GO
TXN-001106,2024-01-17 00:33:17,CUST-00551,MERCH-0154,supermercados,88.14,cartao_credito,caixa_eletronico,FP-413906,185.184.xxx.xxx,aprovada,0,,187,RJ
TXN-001107,2024-02-08 22:08:01,CUST-00412,MERCH-0068,restaurantes,85.92,TED,API,,208.141.xxx.xxx,aprovada,0,0,116,MG
TXN-001108,2024-01-18 14:29:45,CUST-00268,MERCH-0182,e-commerce,198.47,cartao_credito,internet_banking,FP-861096,241.115.xxx.xxx,aprovada,0,,56,SP
TXN-001109,2024-02-26 06:03:46,CUST-00347,MERCH-0067,postos,326.51,TED,API,,128.101.xxx.xxx,aprovada,0,,375,RJ
TXN-001110,2024-02-18 05:01:59,CUST-00591,MERCH-0093,e-commerce,237.3,TED,app_mobile,FP-318752,214.158.xxx.xxx,recusada,1,1,18,MT
TXN-001111,2024-02-22 20:35:26,CUST-00561,MERCH-0004,servicos_digitais,604.48,PIX,caixa_eletronico,FP-525766,30.186.xxx.xxx,aprovada,0,0,186,PB
TXN-001112,2024-01-01 00:31:07,CUST-00539,MERCH-0020,marketplace,1703.17,PIX,app_mobile,FP-113386,23.1.xxx.xxx,aprovada,0,,78,ES
TXN-001113,2024-01-02 19:13:13,CUST-00621,MERCH-0170,marketplace,7.87,cartao_debito,caixa_eletronico,FP-742878,241.195.xxx.xxx,pendente,0,,179,SP
TXN-001114,2024-01-18 14:17:09,CUST-00047,MERCH-0100,servicos_digitais,122.96,cartao_debito,app_mobile,FP-265917,230.136.xxx.xxx,aprovada,0,,81,MG
TXN-001115,2024-01-19 23:28:34,CUST-00633,MERCH-0159,e-commerce,20.82,cartao_credito,internet_banking,FP-808761,128.105.xxx.xxx,aprovada,0,,126,RR
TXN-001116,2024-02-23 13:50:40,CUST-00521,MERCH-0135,restaurantes,205.3,cartao_credito,internet_banking,FP-310204,242.177.xxx.xxx,aprovada,0,,125,MG
TXN-001117,2024-01-05 22:58:45,CUST-00509,MERCH-0196,e-commerce,1888.71,PIX,internet_banking,FP-947747,224.135.xxx.xxx,recusada,0,,119,ES
TXN-001118,2024-01-26 17:40:33,CUST-00598,MERCH-0007,outros,716.65,cartao_credito,app_mobile,FP-619207,44.2.xxx.xxx,aprovada,0,,185,AC
TXN-001119,2024-01-26 02:48:38,CUST-00233,MERCH-0124,postos,1684.51,PIX,app_mobile,FP-657942,56.101.xxx.xxx,aprovada,0,,49,RJ
TXN-001120,2024-02-09 12:34:09,CUST-00254,MERCH-0071,restaurantes,118.5,TED,internet_banking,,226.197.xxx.xxx,aprovada,0,,113,RS
TXN-001121,2024-01-14 16:54:31,CUST-00756,MERCH-0075,farmacias,193.2,cartao_debito,API,,166.218.xxx.xxx,pendente,0,,21,ES
TXN-001122,2024-02-16 01:45:05,CUST-00635,MERCH-0023,marketplace,575.65,TED,app_mobile,FP-557400,12.247.xxx.xxx,aprovada,0,,69,PI
TXN-001123,2024-01-26 11:22:05,CUST-00531,MERCH-0006,restaurantes,214.63,cartao_debito,internet_banking,FP-325404,228.164.xxx.xxx,aprovada,0,,155,SC
TXN-001124,2024-01-03 05:25:24,CUST-00350,MERCH-0048,outros,1425.1,boleto,internet_banking,,104.240.xxx.xxx,aprovada,0,0,1321,RS
TXN-001125,2024-01-12 15:02:16,CUST-00555,MERCH-0126,outros,1389.02,cartao_debito,app_mobile,FP-775920,151.152.xxx.xxx,aprovada,0,,313,RJ
TXN-001126,2024-02-18 14:21:46,CUST-00422,MERCH-0193,farmacias,478.92,TED,internet_banking,FP-224891,227.15.xxx.xxx,aprovada,0,,174,MS
TXN-001127,2024-01-30 06:17:28,CUST-00698,MERCH-0055,farmacias,10.08,cartao_credito,internet_banking,FP-791991,73.3.xxx.xxx,aprovada,0,,89,ES
TXN-001128,2024-01-24 18:33:38,CUST-00519,MERCH-0127,servicos_digitais,35.71,cartao_credito,caixa_eletronico,FP-754494,129.136.xxx.xxx,aprovada,0,,171,PR
TXN-001129,2024-02-27 01:15:44,CUST-00761,MERCH-0112,marketplace,395.41,PIX,app_mobile,FP-458904,40.216.xxx.xxx,aprovada,0,,1122,MG
TXN-001130,2024-02-28 01:42:45,CUST-00622,MERCH-0071,restaurantes,400.24,TED,app_mobile,FP-943380,47.237.xxx.xxx,recusada,0,,61,MT
TXN-001131,2024-01-01 10:12:15,CUST-00335,MERCH-0009,e-commerce,9.35,PIX,app_mobile,FP-158631,233.177.xxx.xxx,aprovada,0,,67,PR
TXN-001132,2024-02-28 06:06:30,CUST-00498,MERCH-0061,farmacias,676.12,PIX,caixa_eletronico,FP-999700,22.80.xxx.xxx,aprovada,0,,131,RJ
TXN-001133,2024-02-26 23:31:59,CUST-00135,MERCH-0176,postos,88.41,boleto,internet_banking,FP-651497,170.40.xxx.xxx,aprovada,0,0,100,SP
TXN-001134,2024-02-01 21:05:55,CUST-00636,MERCH-0182,servicos_digitais,120.07,PIX,internet_banking,FP-395409,150.58.xxx.xxx,aprovada,0,,199,RJ
TXN-001135,2024-01-29 04:52:09,CUST-00729,MERCH-0091,e-commerce,3231.9,boleto,app_mobile,FP-320547,95.170.xxx.xxx,aprovada,0,0,222,RJ
TXN-001136,2024-02-02 00:20:20,CUST-00795,MERCH-0047,marketplace,241.39,cartao_credito,internet_banking,FP-223178,33.111.xxx.xxx,aprovada,0,,262,PR
TXN-001137,2024-02-15 15:01:58,CUST-00611,MERCH-0073,restaurantes,126.29,PIX,app_mobile,FP-821408,189.213.xxx.xxx,aprovada,0,,134,DF
TXN-001138,2024-02-24 17:22:33,CUST-00695,MERCH-0088,postos,75.54,TED,caixa_eletronico,FP-914243,116.220.xxx.xxx,pendente,0,,42,ES
TXN-001139,2024-01-15 20:37:01,CUST-00795,MERCH-0161,supermercados,120.72,cartao_credito,app_mobile,FP-767910,210.25.xxx.xxx,aprovada,0,,89,PR
TXN-001140,2024-02-02 15:25:49,CUST-00365,MERCH-0170,utilidades,117.45,TED,app_mobile,FP-789991,124.212.xxx.xxx,aprovada,0,,246,MG
TXN-001141,2024-02-26 08:43:51,CUST-00762,MERCH-0121,e-commerce,224.49,cartao_debito,caixa_eletronico,FP-198031,161.233.xxx.xxx,aprovada,0,,401,SP
TXN-001142,2024-01-07 15:46:22,CUST-00249,MERCH-0095,restaurantes,333.14,TED,internet_banking,FP-306468,153.40.xxx.xxx,aprovada,0,,77,SP
TXN-001143,2024-02-29 07:56:27,CUST-00034,MERCH-0001,viagens,186.05,cartao_credito,internet_banking,FP-669736,144.229.xxx.xxx,aprovada,0,,183,AM
TXN-001144,2024-01-29 20:25:10,CUST-00541,MERCH-0104,marketplace,592.89,boleto,internet_banking,FP-984288,206.69.xxx.xxx,aprovada,0,,87,SP
TXN-001145,2024-02-09 07:09:12,CUST-00785,MERCH-0066,farmacias,625.88,cartao_debito,app_mobile,FP-903729,176.85.xxx.xxx,aprovada,0,,102,PB
TXN-001146,2024-02-20 07:41:14,CUST-00336,MERCH-0044,e-commerce,638.04,cartao_credito,internet_banking,FP-795993,23.156.xxx.xxx,aprovada,0,,215,RS
TXN-001147,2024-02-02 01:36:39,CUST-00335,MERCH-0161,servicos_digitais,102.7,TED,internet_banking,FP-895873,3.192.xxx.xxx,aprovada,0,,491,SC
TXN-001148,2024-01-12 19:39:48,CUST-00066,MERCH-0198,restaurantes,519.42,cartao_debito,caixa_eletronico,FP-776962,35.136.xxx.xxx,aprovada,0,,92,RS
TXN-001149,2024-02-24 04:13:39,CUST-00498,MERCH-0181,servicos_digitais,898.33,PIX,app_mobile,FP-442655,127.125.xxx.xxx,pendente,1,1,51,ES
TXN-001150,2024-02-06 02:26:59,CUST-00668,MERCH-0189,servicos_digitais,729.74,cartao_debito,app_mobile,FP-884975,123.217.xxx.xxx,aprovada,0,,125,RS
TXN-001151,2024-02-04 11:31:00,CUST-00445,MERCH-0176,marketplace,64.68,PIX,app_mobile,FP-578059,184.51.xxx.xxx,aprovada,1,1,181,DF
TXN-001152,2024-01-03 02:34:10,CUST-00356,MERCH-0140,servicos_digitais,306.4,TED,internet_banking,FP-296646,234.95.xxx.xxx,aprovada,0,,375,ES
TXN-001153,2024-01-19 01:48:00,CUST-00210,MERCH-0141,utilidades,67.23,cartao_credito,internet_banking,FP-880124,205.39.xxx.xxx,aprovada,0,0,82,MA
TXN-001154,2024-01-29 16:29:59,CUST-00671,MERCH-0005,supermercados,331.84,cartao_credito,app_mobile,FP-750574,110.48.xxx.xxx,aprovada,0,,136,AL
TXN-001155,2024-02-05 13:29:42,CUST-00760,MERCH-0036,e-commerce,308.51,PIX,app_mobile,FP-577914,74.173.xxx.xxx,aprovada,0,,60,SC
TXN-001156,2024-01-28 09:06:59,CUST-00455,MERCH-0057,marketplace,180.62,PIX,app_mobile,FP-533923,248.182.xxx.xxx,aprovada,0,,134,MG
TXN-001157,2024-02-10 20:58:09,CUST-00154,MERCH-0015,farmacias,58.44,PIX,app_mobile,FP-218210,2.3.xxx.xxx,aprovada,0,,159,ES
TXN-001158,2024-01-01 06:23:07,CUST-00593,MERCH-0177,marketplace,333.03,boleto,caixa_eletronico,FP-352631,94.96.xxx.xxx,aprovada,0,,96,RJ
TXN-001159,2024-02-01 00:53:21,CUST-00597,MERCH-0076,outros,230.74,cartao_credito,app_mobile,FP-840571,136.116.xxx.xxx,aprovada,0,,114,MG
TXN-001160,2024-02-02 03:05:38,CUST-00343,MERCH-0026,viagens,326.93,cartao_debito,app_mobile,FP-398249,101.186.xxx.xxx,aprovada,0,,515,RJ
TXN-001161,2024-02-15 04:36:20,CUST-00199,MERCH-0060,viagens,579.02,PIX,internet_banking,FP-770865,166.75.xxx.xxx,aprovada,0,,71,MS
TXN-001162,2024-01-17 11:14:10,CUST-00638,MERCH-0115,supermercados,447.8,cartao_credito,caixa_eletronico,FP-492284,98.55.xxx.xxx,aprovada,0,,196,MG
TXN-001163,2024-01-23 23:40:42,CUST-00758,MERCH-0089,outros,438.22,cartao_credito,app_mobile,FP-718305,22.193.xxx.xxx,aprovada,0,,145,SP
TXN-001164,2024-01-28 21:58:32,CUST-00385,MERCH-0090,restaurantes,2566.77,PIX,internet_banking,FP-410394,238.181.xxx.xxx,aprovada,0,,379,RJ
TXN-001165,2024-02-18 07:10:21,CUST-00022,MERCH-0168,utilidades,305.57,boleto,API,,29.81.xxx.xxx,pendente,0,,38,ES
TXN-001166,2024-01-02 22:31:38,CUST-00525,MERCH-0151,viagens,780.41,PIX,internet_banking,FP-985330,147.1.xxx.xxx,aprovada,0,,148,SP
TXN-001167,2024-02-21 04:53:18,CUST-00173,MERCH-0127,e-commerce,1106.83,boleto,caixa_eletronico,FP-803620,151.237.xxx.xxx,recusada,1,1,65,DF
TXN-001168,2024-02-28 05:51:49,CUST-00792,MERCH-0153,utilidades,238.99,TED,app_mobile,FP-690275,176.57.xxx.xxx,aprovada,0,,77,SC
TXN-001169,2024-01-24 07:36:32,CUST-00411,MERCH-0136,utilidades,607.04,cartao_credito,internet_banking,FP-468790,12.24.xxx.xxx,recusada,0,,119,SC
TXN-001170,2024-02-22 13:24:48,CUST-00372,MERCH-0073,e-commerce,460.89,PIX,app_mobile,FP-491974,222.170.xxx.xxx,aprovada,0,,102,RO
TXN-001171,2024-01-13 01:23:49,CUST-00481,MERCH-0066,e-commerce,83.07,PIX,app_mobile,FP-255927,98.251.xxx.xxx,aprovada,1,1,341,RJ
TXN-001172,2024-02-23 21:30:25,CUST-00252,MERCH-0186,supermercados,189.96,PIX,app_mobile,FP-346857,85.169.xxx.xxx,recusada,0,0,75,MG
TXN-001173,2024-01-19 02:06:08,CUST-00117,MERCH-0147,supermercados,650.65,TED,API,FP-331764,22.225.xxx.xxx,estornada,0,,376,SP
TXN-001174,2024-02-12 15:49:22,CUST-00284,MERCH-0145,postos,536.76,cartao_credito,internet_banking,FP-177766,235.64.xxx.xxx,aprovada,0,,98,RJ
TXN-001175,2024-01-08 10:14:16,CUST-00713,MERCH-0041,e-commerce,575.6,TED,app_mobile,FP-136322,188.96.xxx.xxx,aprovada,0,,179,MG
TXN-001176,2024-01-10 17:59:43,CUST-00591,MERCH-0081,farmacias,225.55,TED,caixa_eletronico,FP-895887,70.116.xxx.xxx,aprovada,0,,57,MT
TXN-001177,2024-02-27 13:48:03,CUST-00767,MERCH-0001,supermercados,559.65,cartao_debito,app_mobile,FP-174452,130.212.xxx.xxx,aprovada,0,,494,RS
TXN-001178,2024-02-13 12:36:37,CUST-00379,MERCH-0118,outros,388.93,TED,internet_banking,FP-197002,223.210.xxx.xxx,aprovada,0,,106,ES
TXN-001179,2024-01-16 19:02:24,CUST-00427,MERCH-0160,e-commerce,36.35,PIX,app_mobile,FP-795846,64.145.xxx.xxx,aprovada,0,,81,MG
TXN-001180,2024-02-03 01:28:16,CUST-00064,MERCH-0064,servicos_digitais,394.91,PIX,internet_banking,FP-180731,14.226.xxx.xxx,pendente,0,,116,RJ
TXN-001181,2024-01-09 07:00:51,CUST-00648,MERCH-0018,viagens,151.19,PIX,app_mobile,,156.172.xxx.xxx,aprovada,0,,100,MG
TXN-001182,2024-01-20 03:10:49,CUST-00691,MERCH-0018,farmacias,231.83,TED,caixa_eletronico,FP-895887,226.163.xxx.xxx,aprovada,0,,296,PI
TXN-001183,2024-01-06 18:44:55,CUST-00580,MERCH-0030,viagens,307.92,PIX,caixa_eletronico,FP-396894,41.138.xxx.xxx,aprovada,0,,66,CE
TXN-001184,2024-02-08 12:32:40,CUST-00371,MERCH-0002,utilidades,143.53,cartao_debito,internet_banking,FP-960661,182.15.xxx.xxx,pendente,0,0,206,SP
TXN-001185,2024-01-30 19:52:58,CUST-00310,MERCH-0140,farmacias,262.69,boleto,internet_banking,FP-585858,48.63.xxx.xxx,aprovada,0,,338,MG
TXN-001186,2024-02-25 23:50:28,CUST-00280,MERCH-0007,e-commerce,2143.65,boleto,app_mobile,FP-164630,133.161.xxx.xxx,pendente,0,,95,AL
TXN-001187,2024-01-02 04:49:25,CUST-00257,MERCH-0021,viagens,822.2,PIX,internet_banking,FP-265778,3.71.xxx.xxx,aprovada,0,,80,RS
TXN-001188,2024-02-13 12:21:18,CUST-00041,MERCH-0163,supermercados,610.22,PIX,caixa_eletronico,FP-887789,138.252.xxx.xxx,pendente,0,,332,RN
TXN-001189,2024-02-18 11:14:09,CUST-00553,MERCH-0177,supermercados,356.6,PIX,app_mobile,FP-329284,179.18.xxx.xxx,aprovada,0,0,74,ES
TXN-001190,2024-02-03 15:03:58,CUST-00443,MERCH-0152,marketplace,508.69,PIX,internet_banking,FP-555503,193.119.xxx.xxx,aprovada,0,,449,PR
TXN-001191,2024-02-19 15:23:25,CUST-00174,MERCH-0133,supermercados,702.83,boleto,internet_banking,FP-873423,236.20.xxx.xxx,aprovada,0,,241,ES
TXN-001192,2024-02-29 15:10:49,CUST-00534,MERCH-0048,restaurantes,54.33,cartao_debito,app_mobile,FP-434232,64.159.xxx.xxx,aprovada,0,,193,ES
TXN-001193,2024-02-29 09:57:38,CUST-00625,MERCH-0107,servicos_digitais,203.86,TED,caixa_eletronico,FP-673397,240.5.xxx.xxx,aprovada,0,,195,PE
TXN-001194,2024-01-17 15:11:33,CUST-00285,MERCH-0157,e-commerce,2410.03,TED,app_mobile,FP-710098,106.106.xxx.xxx,aprovada,0,,193,PR
TXN-001195,2024-01-11 09:55:17,CUST-00351,MERCH-0155,restaurantes,191.57,boleto,caixa_eletronico,FP-869628,8.128.xxx.xxx,aprovada,0,,76,RJ
TXN-001196,2024-02-17 06:28:34,CUST-00430,MERCH-0140,servicos_digitais,550.68,cartao_credito,internet_banking,FP-562787,17.117.xxx.xxx,aprovada,0,,131,MG
TXN-001197,2024-02-11 01:55:17,CUST-00596,MERCH-0053,marketplace,129.34,cartao_credito,API,FP-661029,129.206.xxx.xxx,aprovada,1,,373,MG
TXN-001198,2024-01-03 13:23:34,CUST-00266,MERCH-0077,e-commerce,249.58,cartao_credito,internet_banking,FP-197181,174.19.xxx.xxx,aprovada,0,,68,MG
TXN-001199,2024-01-09 11:17:34,CUST-00558,MERCH-0137,farmacias,185.54,PIX,app_mobile,FP-300865,48.32.xxx.xxx,aprovada,0,,93,SP
TXN-001200,2024-01-28 04:41:25,CUST-00022,MERCH-0106,marketplace,227.92,TED,internet_banking,FP-943883,6.150.xxx.xxx,aprovada,0,1,544,SP
TXN-001201,2024-02-14 04:43:40,CUST-00342,MERCH-0109,supermercados,699.21,PIX,internet_banking,FP-586804,34.43.xxx.xxx,aprovada,0,0,354,MS
TXN-001202,2024-02-12 12:30:27,CUST-00488,MERCH-0055,utilidades,217.57,cartao_credito,app_mobile,FP-701631,58.233.xxx.xxx,aprovada,0,0,143,AL
TXN-001203,2024-01-12 08:25:04,CUST-00370,MERCH-0166,supermercados,167.6,TED,internet_banking,FP-859369,58.143.xxx.xxx,aprovada,0,,605,ES
TXN-001204,2024-01-25 01:49:25,CUST-00042,MERCH-0050,restaurantes,233.46,cartao_credito,app_mobile,FP-665531,164.166.xxx.xxx,pendente,0,,269,MG
TXN-001205,2024-01-18 17:43:20,CUST-00598,MERCH-0108,farmacias,47.57,cartao_credito,app_mobile,,251.27.xxx.xxx,pendente,0,0,57,RO
TXN-001206,2024-01-19 01:12:17,CUST-00286,MERCH-0173,e-commerce,728.27,cartao_credito,app_mobile,FP-896205,218.18.xxx.xxx,aprovada,0,,121,ES
TXN-001207,2024-02-21 00:48:51,CUST-00516,MERCH-0028,supermercados,21.57,cartao_credito,API,,10.233.xxx.xxx,aprovada,0,0,50,PE
TXN-001208,2024-01-13 02:47:38,CUST-00070,MERCH-0072,servicos_digitais,397.46,PIX,app_mobile,FP-827770,253.159.xxx.xxx,aprovada,0,0,93,ES
TXN-001209,2024-01-13 05:47:40,CUST-00444,MERCH-0107,servicos_digitais,240.69,TED,API,,5.60.xxx.xxx,aprovada,0,0,61,PB
TXN-001210,2024-01-28 16:43:01,CUST-00049,MERCH-0169,restaurantes,224.39,PIX,caixa_eletronico,FP-743368,224.247.xxx.xxx,aprovada,0,,391,DF
TXN-001211,2024-01-26 07:39:58,CUST-00059,MERCH-0190,servicos_digitais,748.25,PIX,API,,37.133.xxx.xxx,aprovada,0,,78,SP
TXN-001212,2024-01-19 14:34:30,CUST-00108,MERCH-0068,e-commerce,147.81,cartao_debito,caixa_eletronico,FP-955208,96.49.xxx.xxx,pendente,0,,66,AC
TXN-001213,2024-02-14 16:33:47,CUST-00248,MERCH-0177,marketplace,229.14,cartao_credito,app_mobile,FP-430513,24.79.xxx.xxx,aprovada,0,,183,SP
TXN-001214,2024-01-14 08:25:06,CUST-00028,MERCH-0009,e-commerce,984.85,PIX,app_mobile,FP-179049,251.158.xxx.xxx,aprovada,0,,253,ES
TXN-001215,2024-02-24 10:08:54,CUST-00205,MERCH-0160,marketplace,18.9,PIX,caixa_eletronico,FP-383256,189.72.xxx.xxx,aprovada,0,,285,TO
TXN-001216,2024-01-31 18:02:06,CUST-00450,MERCH-0028,supermercados,817.63,PIX,internet_banking,FP-956715,219.159.xxx.xxx,aprovada,0,,106,PB
TXN-001217,2024-02-03 18:27:46,CUST-00236,MERCH-0044,supermercados,909.18,cartao_credito,API,,8.253.xxx.xxx,aprovada,0,,287,PR
TXN-001218,2024-01-13 18:26:24,CUST-00302,MERCH-0071,postos,237.35,PIX,internet_banking,FP-715829,63.17.xxx.xxx,aprovada,0,0,106,SC
TXN-001219,2024-02-14 09:59:33,CUST-00129,MERCH-0144,postos,221.49,TED,app_mobile,FP-404352,168.194.xxx.xxx,aprovada,0,,54,SC
TXN-001220,2024-01-20 05:38:33,CUST-00363,MERCH-0037,restaurantes,627.84,PIX,caixa_eletronico,FP-800898,241.53.xxx.xxx,aprovada,0,,239,ES
TXN-001221,2024-01-06 16:49:17,CUST-00381,MERCH-0163,restaurantes,635.21,PIX,internet_banking,FP-371221,243.136.xxx.xxx,aprovada,0,,207,RJ
TXN-001222,2024-02-18 11:37:45,CUST-00093,MERCH-0183,restaurantes,65.15,PIX,app_mobile,FP-868654,130.59.xxx.xxx,aprovada,0,,222,ES
TXN-001223,2024-01-14 22:54:33,CUST-00746,MERCH-0100,farmacias,127.51,PIX,app_mobile,FP-955324,70.15.xxx.xxx,aprovada,0,0,355,AP
TXN-001224,2024-01-10 15:23:01,CUST-00376,MERCH-0123,e-commerce,16.51,cartao_debito,app_mobile,FP-767346,87.182.xxx.xxx,aprovada,0,,46,RJ
TXN-001225,2024-02-17 14:38:26,CUST-00431,MERCH-0193,supermercados,33.67,PIX,app_mobile,FP-578996,50.68.xxx.xxx,aprovada,0,,357,ES
TXN-001226,2024-02-03 11:14:18,CUST-00082,MERCH-0050,e-commerce,224.31,PIX,app_mobile,FP-830761,134.197.xxx.xxx,pendente,0,,68,MG
TXN-001227,2024-02-04 14:38:37,CUST-00370,MERCH-0017,supermercados,55.08,PIX,app_mobile,FP-797581,208.185.xxx.xxx,aprovada,0,,142,RJ
TXN-001228,2024-01-09 07:32:38,CUST-00282,MERCH-0156,viagens,801.72,cartao_debito,app_mobile,FP-128102,135.76.xxx.xxx,aprovada,0,0,141,DF
TXN-001229,2024-02-16 08:51:47,CUST-00575,MERCH-0089,e-commerce,329.85,PIX,caixa_eletronico,FP-774423,180.165.xxx.xxx,aprovada,0,,62,RJ
TXN-001230,2024-02-20 02:35:13,CUST-00636,MERCH-0004,viagens,96.8,boleto,app_mobile,FP-664583,15.222.xxx.xxx,recusada,0,,141,SP
TXN-001231,2024-01-28 03:41:30,CUST-00752,MERCH-0133,e-commerce,383.4,PIX,app_mobile,FP-457223,175.173.xxx.xxx,aprovada,0,1,479,MG
TXN-001232,2024-01-18 02:03:09,CUST-00449,MERCH-0087,utilidades,656.86,TED,internet_banking,FP-402024,197.68.xxx.xxx,aprovada,0,,254,PE
TXN-001233,2024-01-26 04:05:49,CUST-00048,MERCH-0052,utilidades,353.45,PIX,internet_banking,FP-211798,109.193.xxx.xxx,recusada,0,,321,AL
TXN-001234,2024-02-19 14:07:03,CUST-00578,MERCH-0070,viagens,720.82,cartao_credito,internet_banking,FP-190222,14.202.xxx.xxx,aprovada,0,,373,GO
TXN-001235,2024-02-18 22:24:49,CUST-00094,MERCH-0122,farmacias,507.27,PIX,internet_banking,FP-392279,148.108.xxx.xxx,aprovada,0,,270,MG
TXN-001236,2024-01-26 02:46:07,CUST-00151,MERCH-0151,outros,79.56,boleto,app_mobile,FP-940749,131.228.xxx.xxx,aprovada,0,,228,MS
TXN-001237,2024-02-07 19:20:58,CUST-00373,MERCH-0200,utilidades,94.84,boleto,API,,221.178.xxx.xxx,aprovada,1,1,42,MG
TXN-001238,2024-01-01 01:57:27,CUST-00553,MERCH-0179,utilidades,278.92,TED,internet_banking,,231.137.xxx.xxx,pendente,0,,112,ES
TXN-001239,2024-02-20 01:23:41,CUST-00603,MERCH-0114,postos,517.43,cartao_credito,internet_banking,FP-956022,248.14.xxx.xxx,recusada,0,,144,SP
TXN-001240,2024-01-27 23:46:43,CUST-00102,MERCH-0125,servicos_digitais,412.23,PIX,app_mobile,FP-397493,51.198.xxx.xxx,estornada,0,,138,ES
TXN-001241,2024-02-04 17:42:18,CUST-00082,MERCH-0096,utilidades,3370.19,cartao_credito,caixa_eletronico,FP-227862,135.76.xxx.xxx,recusada,0,,80,SP
TXN-001242,2024-01-23 16:56:55,CUST-00371,MERCH-0054,restaurantes,376.22,PIX,internet_banking,FP-280381,22.82.xxx.xxx,aprovada,0,,45,RJ
TXN-001243,2024-01-02 09:19:04,CUST-00025,MERCH-0108,farmacias,849.04,cartao_credito,app_mobile,FP-174523,94.136.xxx.xxx,aprovada,0,,119,ES
TXN-001244,2024-02-23 05:03:49,CUST-00428,MERCH-0126,supermercados,533.98,PIX,app_mobile,FP-571984,193.204.xxx.xxx,pendente,0,,123,MS
TXN-001245,2024-01-05 13:12:45,CUST-00404,MERCH-0151,supermercados,514.26,PIX,internet_banking,FP-436231,238.94.xxx.xxx,aprovada,0,,163,ES
TXN-001246,2024-02-17 08:18:29,CUST-00514,MERCH-0176,outros,140.66,cartao_debito,app_mobile,FP-142564,107.87.xxx.xxx,aprovada,0,,210,PA
TXN-001247,2024-01-27 18:15:45,CUST-00703,MERCH-0150,e-commerce,13.73,TED,internet_banking,FP-191981,66.126.xxx.xxx,aprovada,1,0,343,RJ
TXN-001248,2024-01-03 01:59:14,CUST-00685,MERCH-0179,farmacias,128.58,PIX,internet_banking,FP-511770,27.175.xxx.xxx,aprovada,0,,72,PE
TXN-001249,2024-01-21 11:56:50,CUST-00536,MERCH-0183,marketplace,649.84,boleto,API,,85.178.xxx.xxx,pendente,0,,200,ES
TXN-001250,2024-02-22 03:45:45,CUST-00364,MERCH-0012,farmacias,774.09,PIX,internet_banking,FP-886402,150.56.xxx.xxx,aprovada,0,,89,SC
TXN-001251,2024-01-17 07:44:58,CUST-00721,MERCH-0093,restaurantes,856.71,TED,API,,152.234.xxx.xxx,recusada,0,,350,DF
TXN-001252,2024-02-28 21:45:15,CUST-00079,MERCH-0033,servicos_digitais,61.7,cartao_credito,API,,245.232.xxx.xxx,recusada,0,,230,MG
TXN-001253,2024-01-27 14:30:14,CUST-00650,MERCH-0010,utilidades,538.07,cartao_credito,app_mobile,FP-527854,56.120.xxx.xxx,aprovada,0,,50,RJ
TXN-001254,2024-01-13 10:47:23,CUST-00393,MERCH-0081,postos,134.1,cartao_credito,app_mobile,FP-893475,135.145.xxx.xxx,aprovada,0,,454,RJ
TXN-001255,2024-02-03 15:27:43,CUST-00195,MERCH-0014,e-commerce,468.29,PIX,app_mobile,FP-692451,156.238.xxx.xxx,recusada,1,1,40,RJ
TXN-001256,2024-01-23 21:00:36,CUST-00179,MERCH-0112,restaurantes,230.13,cartao_credito,app_mobile,FP-517162,17.224.xxx.xxx,aprovada,0,,85,SC
TXN-001257,2024-01-28 23:19:22,CUST-00110,MERCH-0064,farmacias,197.21,PIX,API,FP-233732,156.136.xxx.xxx,aprovada,0,,265,DF
TXN-001258,2024-02-25 06:47:03,CUST-00256,MERCH-0074,e-commerce,381.05,PIX,internet_banking,FP-325672,181.35.xxx.xxx,recusada,0,,198,SP
TXN-001259,2024-02-03 15:43:25,CUST-00453,MERCH-0074,restaurantes,77.74,cartao_debito,caixa_eletronico,FP-875312,23.215.xxx.xxx,recusada,0,,96,PR
TXN-001260,2024-02-01 13:46:36,CUST-00690,MERCH-0056,restaurantes,571.83,PIX,internet_banking,FP-320479,211.82.xxx.xxx,aprovada,0,,99,SP
TXN-001261,2024-01-01 17:22:21,CUST-00779,MERCH-0119,restaurantes,160.73,cartao_debito,app_mobile,FP-631912,232.228.xxx.xxx,aprovada,0,,177,AM
TXN-001262,2024-02-06 03:07:57,CUST-00554,MERCH-0088,marketplace,5202.96,PIX,internet_banking,FP-776739,246.243.xxx.xxx,aprovada,0,,160,RO
TXN-001263,2024-02-23 15:58:39,CUST-00170,MERCH-0056,restaurantes,117.48,boleto,internet_banking,FP-959879,97.181.xxx.xxx,aprovada,0,,60,MG
TXN-001264,2024-01-20 11:39:20,CUST-00753,MERCH-0128,postos,67.06,cartao_debito,internet_banking,FP-476412,181.184.xxx.xxx,aprovada,0,,92,DF
TXN-001265,2024-01-31 13:28:58,CUST-00762,MERCH-0003,e-commerce,130.19,cartao_debito,app_mobile,FP-234094,84.47.xxx.xxx,aprovada,0,,265,MG
TXN-001266,2024-01-13 15:59:52,CUST-00657,MERCH-0121,marketplace,203.51,TED,app_mobile,FP-928453,125.79.xxx.xxx,aprovada,0,,67,PB
TXN-001267,2024-01-19 11:10:49,CUST-00319,MERCH-0067,restaurantes,126.41,PIX,internet_banking,FP-809750,166.168.xxx.xxx,aprovada,0,,280,RJ
TXN-001268,2024-02-18 10:21:06,CUST-00770,MERCH-0078,farmacias,1277.29,cartao_credito,app_mobile,FP-495612,156.158.xxx.xxx,aprovada,0,,261,RS
TXN-001269,2024-01-21 10:10:41,CUST-00317,MERCH-0086,supermercados,55.74,cartao_debito,API,,147.244.xxx.xxx,recusada,0,,61,MA
TXN-001270,2024-02-17 08:45:12,CUST-00163,MERCH-0015,marketplace,1301.24,boleto,internet_banking,FP-285425,50.123.xxx.xxx,aprovada,0,,130,ES
TXN-001271,2024-01-10 17:19:12,CUST-00362,MERCH-0132,outros,146.0,PIX,internet_banking,FP-675560,99.241.xxx.xxx,aprovada,0,,499,PE
TXN-001272,2024-02-04 23:23:19,CUST-00666,MERCH-0077,e-commerce,39.98,boleto,internet_banking,FP-666474,59.120.xxx.xxx,aprovada,0,,85,CE
TXN-001273,2024-02-15 12:39:12,CUST-00275,MERCH-0064,farmacias,238.75,PIX,app_mobile,FP-946256,1.46.xxx.xxx,aprovada,0,,124,CE
TXN-001274,2024-02-05 15:19:12,CUST-00783,MERCH-0050,marketplace,316.93,PIX,app_mobile,FP-768110,195.111.xxx.xxx,aprovada,0,0,87,AC
TXN-001275,2024-01-18 19:47:52,CUST-00047,MERCH-0160,marketplace,236.43,cartao_debito,API,,218.125.xxx.xxx,aprovada,0,,40,SP
TXN-001276,2024-01-08 16:30:30,CUST-00770,MERCH-0056,outros,1131.66,TED,app_mobile,FP-915915,124.58.xxx.xxx,recusada,0,,73,SC
TXN-001277,2024-02-15 03:59:07,CUST-00117,MERCH-0048,outros,606.94,PIX,internet_banking,FP-155814,12.121.xxx.xxx,pendente,0,,52,RJ
TXN-001278,2024-01-12 01:42:50,CUST-00657,MERCH-0046,e-commerce,128.31,PIX,app_mobile,FP-344775,36.179.xxx.xxx,aprovada,0,,57,BA
TXN-001279,2024-02-03 14:59:22,CUST-00578,MERCH-0174,viagens,448.58,PIX,API,FP-567595,130.56.xxx.xxx,aprovada,0,,93,MS
TXN-001280,2024-01-17 10:27:45,CUST-00263,MERCH-0124,farmacias,42.2,PIX,app_mobile,FP-454427,54.11.xxx.xxx,aprovada,0,,44,PB
TXN-001281,2024-01-08 05:02:17,CUST-00799,MERCH-0106,e-commerce,118.14,TED,app_mobile,FP-343987,201.254.xxx.xxx,pendente,0,,307,RS
TXN-001282,2024-01-23 01:27:54,CUST-00744,MERCH-0131,outros,1711.24,cartao_credito,app_mobile,FP-108156,22.254.xxx.xxx,aprovada,0,,41,ES
TXN-001283,2024-01-19 04:40:10,CUST-00562,MERCH-0066,supermercados,310.26,PIX,internet_banking,FP-991113,99.15.xxx.xxx,aprovada,0,0,59,MG
TXN-001284,2024-02-15 12:59:51,CUST-00068,MERCH-0013,restaurantes,231.22,cartao_credito,API,,91.225.xxx.xxx,aprovada,0,,180,RJ
TXN-001285,2024-01-06 10:30:49,CUST-00261,MERCH-0064,farmacias,448.95,cartao_credito,app_mobile,FP-226322,148.31.xxx.xxx,aprovada,0,,287,SC
TXN-001286,2024-02-18 12:43:45,CUST-00417,MERCH-0069,servicos_digitais,1793.99,TED,app_mobile,FP-201117,124.19.xxx.xxx,aprovada,0,,95,MG
TXN-001287,2024-01-04 21:29:27,CUST-00777,MERCH-0042,e-commerce,163.86,PIX,app_mobile,FP-438265,221.97.xxx.xxx,aprovada,0,,162,RJ
TXN-001288,2024-02-16 01:12:08,CUST-00569,MERCH-0156,servicos_digitais,71.02,TED,internet_banking,FP-759156,186.173.xxx.xxx,recusada,0,,214,RS
TXN-001289,2024-01-24 13:28:54,CUST-00628,MERCH-0099,supermercados,2209.2,TED,app_mobile,FP-241888,174.232.xxx.xxx,aprovada,0,,276,RN
TXN-001290,2024-01-24 06:38:56,CUST-00728,MERCH-0040,restaurantes,427.97,cartao_debito,internet_banking,FP-336713,213.120.xxx.xxx,aprovada,0,,129,RJ
TXN-001291,2024-01-06 17:42:52,CUST-00799,MERCH-0177,e-commerce,106.34,cartao_credito,app_mobile,FP-535790,55.205.xxx.xxx,estornada,0,,287,RS
TXN-001292,2024-01-04 02:55:31,CUST-00471,MERCH-0053,marketplace,3847.54,PIX,app_mobile,FP-254453,22.39.xxx.xxx,aprovada,1,,76,PE
TXN-001293,2024-01-29 00:59:48,CUST-00490,MERCH-0197,e-commerce,268.4,cartao_credito,internet_banking,FP-214987,231.187.xxx.xxx,aprovada,0,,390,MG
TXN-001294,2024-01-25 10:26:45,CUST-00178,MERCH-0055,restaurantes,73.54,PIX,internet_banking,FP-653975,226.253.xxx.xxx,aprovada,0,,115,MG
TXN-001295,2024-02-05 18:51:46,CUST-00268,MERCH-0046,outros,110.21,cartao_credito,caixa_eletronico,FP-151083,87.238.xxx.xxx,pendente,0,,149,RJ
TXN-001296,2024-01-30 02:43:28,CUST-00415,MERCH-0053,utilidades,2657.59,PIX,internet_banking,FP-766568,19.137.xxx.xxx,aprovada,0,,422,ES
TXN-001297,2024-01-24 12:42:21,CUST-00424,MERCH-0017,viagens,613.65,boleto,internet_banking,FP-834059,161.18.xxx.xxx,aprovada,0,1,1067,DF
TXN-001298,2024-01-11 10:26:56,CUST-00105,MERCH-0043,utilidades,474.59,TED,app_mobile,FP-667419,107.116.xxx.xxx,aprovada,0,,126,PR
TXN-001299,2024-02-29 21:56:43,CUST-00766,MERCH-0155,supermercados,215.08,PIX,app_mobile,FP-574646,130.133.xxx.xxx,recusada,0,,65,SC
TXN-001300,2024-02-16 04:25:40,CUST-00658,MERCH-0190,marketplace,760.68,cartao_debito,app_mobile,FP-386534,117.165.xxx.xxx,aprovada,0,,301,ES
TXN-001301,2024-02-27 13:52:04,CUST-00175,MERCH-0137,marketplace,384.86,TED,internet_banking,FP-565125,112.8.xxx.xxx,recusada,0,0,200,MT
TXN-001302,2024-02-21 23:46:17,CUST-00748,MERCH-0088,e-commerce,1287.4,PIX,app_mobile,FP-126651,224.68.xxx.xxx,estornada,0,,199,AC
TXN-001303,2024-01-02 11:08:06,CUST-00734,MERCH-0021,utilidades,22.95,TED,app_mobile,FP-192906,129.148.xxx.xxx,recusada,0,,284,SC
TXN-001304,2024-02-21 02:35:37,CUST-00107,MERCH-0156,e-commerce,351.13,cartao_credito,API,,96.123.xxx.xxx,aprovada,0,,39,SE
TXN-001305,2024-02-10 12:30:38,CUST-00741,MERCH-0065,utilidades,7.31,boleto,caixa_eletronico,FP-862049,91.79.xxx.xxx,aprovada,0,,163,PR
TXN-001306,2024-02-27 12:48:09,CUST-00469,MERCH-0123,servicos_digitais,3898.0,PIX,internet_banking,FP-283664,160.140.xxx.xxx,aprovada,0,,285,PI
TXN-001307,2024-02-08 14:01:44,CUST-00640,MERCH-0058,supermercados,1785.8,cartao_credito,internet_banking,FP-139895,113.0.xxx.xxx,aprovada,0,0,345,DF
TXN-001308,2024-02-24 18:45:20,CUST-00425,MERCH-0052,viagens,1118.75,cartao_debito,app_mobile,FP-605491,97.126.xxx.xxx,aprovada,0,,60,MG
TXN-001309,2024-01-03 02:43:02,CUST-00172,MERCH-0018,marketplace,350.88,cartao_debito,app_mobile,FP-620121,49.229.xxx.xxx,aprovada,1,1,85,MT
TXN-001310,2024-01-10 22:37:54,CUST-00294,MERCH-0189,viagens,71.37,cartao_debito,internet_banking,FP-629115,209.191.xxx.xxx,recusada,0,,84,PB
TXN-001311,2024-01-06 06:20:43,CUST-00441,MERCH-0041,restaurantes,214.3,cartao_credito,internet_banking,FP-708543,62.212.xxx.xxx,aprovada,0,,97,ES
TXN-001312,2024-02-14 06:53:01,CUST-00351,MERCH-0130,postos,316.33,TED,app_mobile,FP-829609,65.103.xxx.xxx,aprovada,0,,39,SP
TXN-001313,2024-01-31 14:18:56,CUST-00588,MERCH-0064,postos,650.81,PIX,app_mobile,FP-186240,53.186.xxx.xxx,aprovada,0,,52,MG
TXN-001314,2024-01-03 05:12:59,CUST-00476,MERCH-0073,e-commerce,713.78,PIX,app_mobile,FP-229285,192.152.xxx.xxx,aprovada,0,,127,SP
TXN-001315,2024-01-25 18:08:09,CUST-00251,MERCH-0150,restaurantes,1069.53,cartao_debito,API,,84.244.xxx.xxx,aprovada,0,,23,RJ
TXN-001316,2024-02-19 05:58:18,CUST-00370,MERCH-0136,restaurantes,52.52,cartao_debito,caixa_eletronico,FP-188743,152.153.xxx.xxx,estornada,0,0,178,MG
TXN-001317,2024-02-26 16:45:52,CUST-00724,MERCH-0150,marketplace,134.69,cartao_credito,app_mobile,FP-488393,44.155.xxx.xxx,aprovada,0,,146,ES
TXN-001318,2024-02-17 22:25:43,CUST-00262,MERCH-0196,utilidades,216.82,cartao_credito,internet_banking,FP-415895,97.231.xxx.xxx,aprovada,0,,131,RJ
TXN-001319,2024-02-03 08:54:26,CUST-00658,MERCH-0171,utilidades,376.79,cartao_credito,API,,183.16.xxx.xxx,aprovada,0,,64,ES
TXN-001320,2024-01-10 11:45:37,CUST-00424,MERCH-0023,marketplace,300.74,PIX,internet_banking,FP-604817,83.90.xxx.xxx,aprovada,0,,294,GO
TXN-001321,2024-02-02 20:38:46,CUST-00515,MERCH-0131,utilidades,61.91,boleto,internet_banking,FP-590834,29.166.xxx.xxx,aprovada,0,,173,RN
TXN-001322,2024-01-24 04:52:17,CUST-00765,MERCH-0019,postos,514.33,TED,app_mobile,FP-535500,252.96.xxx.xxx,aprovada,1,1,151,SP
TXN-001323,2024-02-27 14:51:34,CUST-00069,MERCH-0080,e-commerce,175.07,boleto,internet_banking,FP-506672,149.248.xxx.xxx,aprovada,0,,212,ES
TXN-001324,2024-01-22 19:02:44,CUST-00436,MERCH-0047,e-commerce,131.41,PIX,internet_banking,FP-690766,188.40.xxx.xxx,aprovada,0,0,73,SP
TXN-001325,2024-01-01 23:15:30,CUST-00601,MERCH-0109,e-commerce,433.97,TED,API,FP-977505,135.185.xxx.xxx,aprovada,0,,239,SC
TXN-001326,2024-02-10 02:53:27,CUST-00013,MERCH-0075,marketplace,1312.77,TED,app_mobile,FP-424416,205.33.xxx.xxx,aprovada,1,1,32,SP
TXN-001327,2024-01-22 03:58:49,CUST-00019,MERCH-0192,servicos_digitais,1156.39,TED,internet_banking,FP-859827,59.174.xxx.xxx,recusada,0,,345,RJ
TXN-001328,2024-02-19 02:04:37,CUST-00338,MERCH-0017,restaurantes,184.42,TED,app_mobile,FP-271525,129.40.xxx.xxx,aprovada,0,0,205,RJ
TXN-001329,2024-01-23 04:31:32,CUST-00403,MERCH-0084,postos,557.47,cartao_credito,internet_banking,FP-110664,50.102.xxx.xxx,aprovada,0,0,264,RJ
TXN-001330,2024-01-22 20:05:22,CUST-00032,MERCH-0040,supermercados,21.92,PIX,internet_banking,FP-232271,217.229.xxx.xxx,aprovada,0,,176,RS
TXN-001331,2024-01-25 05:26:06,CUST-00750,MERCH-0160,e-commerce,191.04,TED,internet_banking,FP-175758,129.182.xxx.xxx,aprovada,0,,42,PR
TXN-001332,2024-02-18 05:16:56,CUST-00453,MERCH-0106,farmacias,536.88,cartao_debito,app_mobile,FP-274612,246.68.xxx.xxx,recusada,0,,276,PR
TXN-001333,2024-02-24 17:10:29,CUST-00726,MERCH-0149,restaurantes,82.04,PIX,API,,219.131.xxx.xxx,aprovada,0,,162,SC
TXN-001334,2024-02-03 00:06:33,CUST-00641,MERCH-0185,e-commerce,2364.9,cartao_credito,API,,49.72.xxx.xxx,aprovada,0,,262,MG
TXN-001335,2024-01-12 08:40:54,CUST-00016,MERCH-0199,supermercados,212.32,PIX,app_mobile,FP-136005,181.252.xxx.xxx,aprovada,0,,188,SP
TXN-001336,2024-01-21 20:12:13,CUST-00229,MERCH-0110,supermercados,323.64,cartao_debito,API,,242.8.xxx.xxx,estornada,0,,209,MG
TXN-001337,2024-02-05 02:34:57,CUST-00385,MERCH-0084,farmacias,846.98,PIX,internet_banking,FP-987633,50.208.xxx.xxx,aprovada,0,,86,ES
TXN-001338,2024-01-25 09:28:21,CUST-00402,MERCH-0192,viagens,174.22,PIX,API,,13.181.xxx.xxx,estornada,0,,304,AM
TXN-001339,2024-01-14 06:17:50,CUST-00097,MERCH-0013,outros,96.59,cartao_credito,app_mobile,FP-640730,14.156.xxx.xxx,aprovada,0,,475,DF
TXN-001340,2024-01-02 06:16:59,CUST-00479,MERCH-0195,e-commerce,249.53,PIX,internet_banking,FP-863849,128.144.xxx.xxx,aprovada,0,,164,DF
TXN-001341,2024-01-11 10:03:22,CUST-00216,MERCH-0052,supermercados,242.39,TED,internet_banking,FP-231966,239.129.xxx.xxx,pendente,0,,167,SP
TXN-001342,2024-02-04 07:25:05,CUST-00774,MERCH-0047,restaurantes,69.74,cartao_credito,app_mobile,FP-755208,190.18.xxx.xxx,aprovada,0,,195,PA
TXN-001343,2024-02-10 15:43:46,CUST-00696,MERCH-0187,outros,1285.36,TED,app_mobile,FP-978214,19.103.xxx.xxx,aprovada,0,,338,PR
TXN-001344,2024-02-21 19:44:05,CUST-00224,MERCH-0105,farmacias,64.53,PIX,internet_banking,FP-696088,171.104.xxx.xxx,aprovada,0,,25,SP
TXN-001345,2024-02-19 11:55:07,CUST-00249,MERCH-0031,e-commerce,1852.48,PIX,app_mobile,FP-210561,20.240.xxx.xxx,aprovada,0,,117,ES
TXN-001346,2024-02-27 13:35:37,CUST-00074,MERCH-0009,e-commerce,522.62,cartao_credito,API,,40.227.xxx.xxx,recusada,0,0,949,AL
TXN-001347,2024-01-02 06:09:02,CUST-00244,MERCH-0044,marketplace,262.21,PIX,app_mobile,FP-794566,238.89.xxx.xxx,aprovada,0,,72,SP
TXN-001348,2024-02-10 05:10:21,CUST-00591,MERCH-0092,supermercados,436.7,PIX,app_mobile,FP-854110,77.152.xxx.xxx,aprovada,0,,395,GO
TXN-001349,2024-02-10 16:56:55,CUST-00738,MERCH-0027,restaurantes,556.1,boleto,internet_banking,FP-553803,122.127.xxx.xxx,recusada,0,,137,MG
TXN-001350,2024-02-18 00:08:28,CUST-00431,MERCH-0003,outros,65.21,cartao_debito,app_mobile,FP-628487,189.107.xxx.xxx,estornada,0,,114,ES
TXN-001351,2024-02-17 01:49:26,CUST-00778,MERCH-0089,postos,844.61,boleto,app_mobile,FP-995599,53.77.xxx.xxx,aprovada,0,,94,RJ
TXN-001352,2024-02-02 21:55:53,CUST-00055,MERCH-0164,e-commerce,5543.51,cartao_credito,API,,140.3.xxx.xxx,aprovada,0,,421,MG
TXN-001353,2024-01-11 16:33:19,CUST-00387,MERCH-0119,restaurantes,260.58,cartao_credito,app_mobile,FP-538269,186.92.xxx.xxx,pendente,0,,60,DF
TXN-001354,2024-01-28 02:22:17,CUST-00668,MERCH-0049,farmacias,797.48,cartao_credito,caixa_eletronico,FP-262547,46.143.xxx.xxx,pendente,0,,68,PR
TXN-001355,2024-01-01 02:16:30,CUST-00714,MERCH-0025,utilidades,247.13,cartao_credito,API,,88.188.xxx.xxx,pendente,0,,166,RO
TXN-001356,2024-01-09 07:19:06,CUST-00245,MERCH-0041,marketplace,163.07,PIX,API,,49.167.xxx.xxx,aprovada,0,0,231,ES
TXN-001357,2024-02-04 23:32:07,CUST-00390,MERCH-0050,farmacias,332.87,TED,caixa_eletronico,FP-484498,16.213.xxx.xxx,aprovada,0,,73,RO
TXN-001358,2024-02-20 20:39:45,CUST-00052,MERCH-0167,servicos_digitais,147.15,boleto,app_mobile,FP-796652,55.201.xxx.xxx,aprovada,0,,124,MG
TXN-001359,2024-02-08 06:23:34,CUST-00162,MERCH-0080,outros,123.13,PIX,caixa_eletronico,FP-949284,73.255.xxx.xxx,aprovada,0,0,56,GO
TXN-001360,2024-01-04 08:33:09,CUST-00228,MERCH-0097,marketplace,463.23,PIX,internet_banking,FP-250656,135.140.xxx.xxx,aprovada,0,0,158,BA
TXN-001361,2024-02-06 17:38:54,CUST-00631,MERCH-0080,e-commerce,0.0,cartao_credito,app_mobile,FP-501237,188.212.xxx.xxx,aprovada,0,,74,RJ
TXN-001362,2024-01-11 02:06:48,CUST-00653,MERCH-0098,farmacias,432.12,cartao_debito,app_mobile,FP-427432,72.37.xxx.xxx,pendente,0,,92,MG
TXN-001363,2024-01-15 07:42:10,CUST-00227,MERCH-0055,utilidades,30.11,TED,app_mobile,FP-463378,69.130.xxx.xxx,aprovada,0,0,180,DF
TXN-001364,2024-01-17 15:42:31,CUST-00476,MERCH-0192,restaurantes,343.98,TED,app_mobile,FP-566098,25.129.xxx.xxx,aprovada,0,,316,RJ
TXN-001365,2024-01-25 17:33:03,CUST-00083,MERCH-0142,farmacias,411.23,cartao_credito,app_mobile,FP-895278,149.91.xxx.xxx,aprovada,0,,84,SP
TXN-001366,2024-02-19 10:04:54,CUST-00049,MERCH-0001,supermercados,58.41,boleto,app_mobile,FP-537314,156.220.xxx.xxx,aprovada,0,,142,DF
TXN-001367,2024-01-14 04:36:08,CUST-00730,MERCH-0177,marketplace,1199.92,boleto,app_mobile,FP-877906,194.86.xxx.xxx,aprovada,0,,150,TO
TXN-001368,2024-01-23 12:31:33,CUST-00049,MERCH-0188,supermercados,397.37,TED,app_mobile,FP-650025,5.97.xxx.xxx,aprovada,0,,275,MT
TXN-001369,2024-01-24 20:44:12,CUST-00422,MERCH-0170,servicos_digitais,58.88,cartao_debito,app_mobile,FP-976890,81.60.xxx.xxx,aprovada,0,,36,GO
TXN-001370,2024-01-25 13:50:48,CUST-00495,MERCH-0125,marketplace,385.38,cartao_debito,internet_banking,FP-110365,8.102.xxx.xxx,pendente,1,1,157,PR
TXN-001371,2024-01-21 04:55:31,CUST-00773,MERCH-0097,supermercados,14.43,cartao_credito,internet_banking,FP-992549,226.240.xxx.xxx,aprovada,0,,62,SP
TXN-001372,2024-02-18 15:34:45,CUST-00216,MERCH-0073,restaurantes,1571.13,TED,API,,64.186.xxx.xxx,aprovada,0,,142,MG
TXN-001373,2024-02-11 19:16:29,CUST-00136,MERCH-0018,farmacias,87.53,PIX,internet_banking,FP-974750,166.34.xxx.xxx,aprovada,0,,329,RO
TXN-001374,2024-01-22 09:08:05,CUST-00628,MERCH-0179,e-commerce,117.89,boleto,caixa_eletronico,FP-647271,168.177.xxx.xxx,pendente,0,,309,SE
TXN-001375,2024-01-10 00:41:14,CUST-00031,MERCH-0070,e-commerce,661.14,cartao_debito,internet_banking,FP-785982,116.237.xxx.xxx,aprovada,0,0,139,MS
TXN-001376,2024-02-05 09:33:55,CUST-00318,MERCH-0099,servicos_digitais,3149.65,TED,API,FP-910879,176.128.xxx.xxx,aprovada,0,,210,TO
TXN-001377,2024-02-20 09:05:54,CUST-00053,MERCH-0110,utilidades,567.92,PIX,caixa_eletronico,FP-325000,9.242.xxx.xxx,aprovada,0,,231,AL
TXN-001378,2024-02-14 01:43:04,CUST-00678,MERCH-0130,servicos_digitais,1903.73,cartao_credito,app_mobile,FP-359257,79.35.xxx.xxx,aprovada,1,,28,ES
TXN-001379,2024-01-15 02:46:33,CUST-00114,MERCH-0151,postos,805.49,cartao_credito,internet_banking,FP-614372,195.187.xxx.xxx,recusada,0,,197,SP
TXN-001380,2024-02-21 10:35:21,CUST-00654,MERCH-0016,marketplace,638.22,cartao_credito,app_mobile,FP-577870,231.213.xxx.xxx,aprovada,0,,324,RR
TXN-001381,2024-01-25 19:14:40,CUST-00638,MERCH-0192,marketplace,0.0,cartao_credito,caixa_eletronico,,114.189.xxx.xxx,aprovada,0,,51,SP
TXN-001382,2024-01-04 22:01:22,CUST-00795,MERCH-0188,farmacias,352.37,boleto,internet_banking,FP-446229,192.156.xxx.xxx,aprovada,0,,221,SC
TXN-001383,2024-02-06 09:25:35,CUST-00153,MERCH-0162,e-commerce,232.75,cartao_credito,API,,71.228.xxx.xxx,recusada,0,,699,ES
TXN-001384,2024-01-24 15:08:02,CUST-00684,MERCH-0091,outros,51.55,cartao_debito,app_mobile,FP-934765,111.253.xxx.xxx,aprovada,0,,92,ES
TXN-001385,2024-01-02 22:39:04,CUST-00718,MERCH-0031,marketplace,71.91,boleto,app_mobile,FP-815209,102.253.xxx.xxx,aprovada,0,,509,RS
TXN-001386,2024-02-15 12:10:50,CUST-00724,MERCH-0076,e-commerce,133.18,TED,internet_banking,FP-264924,146.12.xxx.xxx,aprovada,0,,139,SP
TXN-001387,2024-02-08 14:34:00,CUST-00473,MERCH-0064,e-commerce,211.01,cartao_credito,caixa_eletronico,FP-343410,148.34.xxx.xxx,pendente,0,,61,ES
TXN-001388,2024-02-07 06:40:06,CUST-00290,MERCH-0028,servicos_digitais,49.2,boleto,internet_banking,FP-467967,9.94.xxx.xxx,aprovada,0,,125,SE
TXN-001389,2024-02-01 08:34:42,CUST-00416,MERCH-0167,marketplace,359.44,PIX,app_mobile,FP-692651,72.113.xxx.xxx,aprovada,0,,429,RR
TXN-001390,2024-01-02 04:01:26,CUST-00682,MERCH-0114,postos,262.85,cartao_credito,app_mobile,FP-785263,144.197.xxx.xxx,recusada,0,,106,MS
TXN-001391,2024-01-01 19:34:14,CUST-00510,MERCH-0069,postos,134.99,boleto,internet_banking,FP-300227,88.222.xxx.xxx,aprovada,0,,426,ES
TXN-001392,2024-01-31 10:50:15,CUST-00253,MERCH-0124,farmacias,145.46,PIX,internet_banking,FP-891978,115.185.xxx.xxx,recusada,0,,173,MG
TXN-001393,2024-02-14 02:41:40,CUST-00177,MERCH-0160,servicos_digitais,1562.5,PIX,API,,41.57.xxx.xxx,estornada,1,0,90,RN
TXN-001394,2024-01-15 10:29:20,CUST-00328,MERCH-0173,outros,164.15,cartao_credito,app_mobile,FP-911367,116.20.xxx.xxx,recusada,0,,47,SP
TXN-001395,2024-01-17 07:03:27,CUST-00111,MERCH-0154,supermercados,263.98,TED,internet_banking,FP-358220,115.154.xxx.xxx,recusada,0,,154,SP
TXN-001396,2024-01-25 05:56:03,CUST-00616,MERCH-0004,e-commerce,110.78,PIX,API,,254.21.xxx.xxx,aprovada,0,,438,MG
TXN-001397,2024-02-02 22:10:03,CUST-00050,MERCH-0111,postos,1726.0,boleto,app_mobile,FP-139884,163.94.xxx.xxx,recusada,0,0,125,AP
TXN-001398,2024-01-14 07:27:30,CUST-00023,MERCH-0181,outros,475.03,PIX,API,FP-299382,102.81.xxx.xxx,aprovada,0,,319,AL
TXN-001399,2024-02-07 17:57:10,CUST-00177,MERCH-0111,e-commerce,31.25,cartao_debito,app_mobile,FP-471145,127.61.xxx.xxx,aprovada,0,,186,AL
TXN-001400,2024-02-25 19:08:48,CUST-00293,MERCH-0075,restaurantes,1889.24,cartao_credito,app_mobile,FP-468794,11.197.xxx.xxx,aprovada,0,,145,PI
TXN-001401,2024-02-10 02:52:27,CUST-00191,MERCH-0083,e-commerce,113.88,PIX,API,,191.6.xxx.xxx,aprovada,0,,154,RJ
TXN-001402,2024-01-28 02:42:29,CUST-00649,MERCH-0045,servicos_digitais,816.99,cartao_credito,internet_banking,FP-491003,98.100.xxx.xxx,aprovada,0,,133,ES
TXN-001403,2024-02-10 05:25:51,CUST-00246,MERCH-0053,supermercados,7.5,PIX,app_mobile,FP-889151,89.173.xxx.xxx,aprovada,0,,52,BA
TXN-001404,2024-02-14 02:42:46,CUST-00091,MERCH-0192,supermercados,232.22,cartao_credito,app_mobile,FP-400169,69.232.xxx.xxx,aprovada,0,,99,SP
TXN-001405,2024-01-03 23:25:17,CUST-00075,MERCH-0170,viagens,2650.03,PIX,app_mobile,FP-998362,147.25.xxx.xxx,aprovada,0,,77,PR
TXN-001406,2024-01-14 04:18:17,CUST-00650,MERCH-0065,servicos_digitais,524.3,cartao_credito,app_mobile,FP-684905,45.201.xxx.xxx,aprovada,1,1,575,ES
TXN-001407,2024-01-22 12:34:20,CUST-00660,MERCH-0158,marketplace,82.3,boleto,API,,93.252.xxx.xxx,aprovada,0,,82,MG
TXN-001408,2024-01-17 00:08:28,CUST-00050,MERCH-0073,outros,635.83,cartao_credito,internet_banking,FP-136538,59.193.xxx.xxx,aprovada,1,,303,AP
TXN-001409,2024-01-29 21:46:01,CUST-00518,MERCH-0177,e-commerce,573.73,cartao_credito,caixa_eletronico,FP-909351,144.126.xxx.xxx,aprovada,0,,214,SE
TXN-001410,2024-02-25 22:42:33,CUST-00393,MERCH-0166,viagens,361.39,cartao_credito,app_mobile,FP-432642,80.208.xxx.xxx,aprovada,0,,177,ES
TXN-001411,2024-02-13 05:10:15,CUST-00765,MERCH-0112,restaurantes,290.39,cartao_debito,caixa_eletronico,FP-182238,224.115.xxx.xxx,aprovada,0,,200,MG
TXN-001412,2024-02-24 09:32:08,CUST-00730,MERCH-0036,postos,208.45,TED,app_mobile,FP-919921,150.194.xxx.xxx,aprovada,0,,262,AC
TXN-001413,2024-02-16 11:25:49,CUST-00725,MERCH-0008,supermercados,327.21,cartao_debito,caixa_eletronico,FP-629121,210.208.xxx.xxx,aprovada,0,,48,MT
TXN-001414,2024-02-03 00:42:40,CUST-00601,MERCH-0026,e-commerce,842.25,cartao_credito,caixa_eletronico,FP-943648,4.4.xxx.xxx,aprovada,1,,59,PR
TXN-001415,2024-01-29 10:44:06,CUST-00496,MERCH-0159,utilidades,174.99,cartao_credito,internet_banking,FP-994939,12.176.xxx.xxx,aprovada,0,,290,MG
TXN-001416,2024-01-23 19:37:33,CUST-00778,MERCH-0055,postos,756.4,boleto,internet_banking,FP-960650,34.198.xxx.xxx,aprovada,0,,109,ES
TXN-001417,2024-01-01 21:08:47,CUST-00072,MERCH-0008,marketplace,2179.57,cartao_debito,app_mobile,FP-792439,254.18.xxx.xxx,pendente,0,,197,RN
TXN-001418,2024-01-27 12:01:04,CUST-00685,MERCH-0044,supermercados,634.0,cartao_credito,API,,100.216.xxx.xxx,aprovada,0,,81,BA
TXN-001419,2024-02-07 13:26:34,CUST-00202,MERCH-0098,outros,128.22,cartao_credito,internet_banking,FP-111031,122.47.xxx.xxx,aprovada,0,,46,PE
TXN-001420,2024-01-07 23:43:01,CUST-00768,MERCH-0104,marketplace,1678.42,TED,app_mobile,FP-908384,147.202.xxx.xxx,aprovada,0,,213,ES
TXN-001421,2024-01-04 17:07:43,CUST-00595,MERCH-0005,supermercados,11.99,PIX,internet_banking,FP-509016,38.60.xxx.xxx,aprovada,0,,81,ES
TXN-001422,2024-01-06 09:15:41,CUST-00474,MERCH-0177,utilidades,31.42,cartao_credito,internet_banking,FP-803411,162.126.xxx.xxx,aprovada,0,,203,AP
TXN-001423,2024-02-08 02:44:50,CUST-00558,MERCH-0122,farmacias,321.09,cartao_debito,app_mobile,FP-716369,236.196.xxx.xxx,aprovada,0,0,209,MG
TXN-001424,2024-01-01 22:03:22,CUST-00490,MERCH-0050,e-commerce,123.95,PIX,app_mobile,FP-120668,41.32.xxx.xxx,aprovada,0,,46,MG
TXN-001425,2024-01-14 03:31:21,CUST-00086,MERCH-0091,viagens,83.53,boleto,internet_banking,FP-595893,112.186.xxx.xxx,recusada,0,,119,MG
TXN-001426,2024-02-01 09:01:31,CUST-00560,MERCH-0039,supermercados,677.49,cartao_credito,API,,223.90.xxx.xxx,aprovada,0,,164,RS
TXN-001427,2024-02-18 08:04:53,CUST-00628,MERCH-0125,e-commerce,1156.56,cartao_credito,app_mobile,FP-796452,80.255.xxx.xxx,pendente,0,,137,BA
TXN-001428,2024-01-24 19:47:56,CUST-00533,MERCH-0139,e-commerce,399.14,PIX,API,,80.179.xxx.xxx,aprovada,0,,201,RS
TXN-001429,2024-01-11 13:41:27,CUST-00011,MERCH-0067,e-commerce,464.49,boleto,internet_banking,FP-716847,55.228.xxx.xxx,aprovada,0,,54,ES
TXN-001430,2024-01-29 16:58:40,CUST-00650,MERCH-0191,postos,12.22,TED,API,FP-602804,148.75.xxx.xxx,aprovada,0,,149,RJ
TXN-001431,2024-02-03 11:44:26,CUST-00077,MERCH-0081,e-commerce,324.29,PIX,app_mobile,FP-220904,154.148.xxx.xxx,aprovada,0,1,62,SE
TXN-001432,2024-02-24 17:27:08,CUST-00657,MERCH-0105,farmacias,1484.83,cartao_debito,app_mobile,FP-887558,190.162.xxx.xxx,aprovada,0,,132,SE
TXN-001433,2024-02-21 08:00:21,CUST-00452,MERCH-0168,supermercados,252.24,cartao_debito,caixa_eletronico,FP-356628,29.129.xxx.xxx,recusada,0,,51,RN
TXN-001434,2024-02-01 01:57:48,CUST-00579,MERCH-0021,marketplace,233.96,cartao_debito,internet_banking,FP-640240,117.227.xxx.xxx,aprovada,0,0,350,SP
TXN-001435,2024-02-17 20:15:07,CUST-00383,MERCH-0011,restaurantes,29.04,cartao_credito,caixa_eletronico,,16.165.xxx.xxx,aprovada,0,,129,SP
TXN-001436,2024-02-05 08:55:41,CUST-00564,MERCH-0075,marketplace,300.09,TED,internet_banking,FP-875300,223.240.xxx.xxx,aprovada,1,0,728,RJ
TXN-001437,2024-01-23 23:39:24,CUST-00345,MERCH-0150,marketplace,761.5,cartao_credito,app_mobile,,102.80.xxx.xxx,aprovada,0,,494,ES
TXN-001438,2024-02-17 10:58:36,CUST-00574,MERCH-0122,servicos_digitais,491.2,TED,internet_banking,FP-545564,64.24.xxx.xxx,estornada,0,,112,RJ
TXN-001439,2024-02-25 06:45:28,CUST-00674,MERCH-0012,outros,367.32,cartao_debito,app_mobile,FP-519147,41.13.xxx.xxx,aprovada,0,,376,PB
TXN-001440,2024-02-09 07:09:45,CUST-00152,MERCH-0078,postos,138.66,TED,app_mobile,FP-546017,128.61.xxx.xxx,aprovada,0,,444,AL
TXN-001441,2024-01-31 15:42:27,CUST-00285,MERCH-0130,supermercados,1206.2,cartao_credito,internet_banking,FP-618881,85.161.xxx.xxx,aprovada,0,,74,SC
TXN-001442,2024-02-16 08:00:01,CUST-00634,MERCH-0022,e-commerce,178.11,cartao_debito,API,FP-535586,115.93.xxx.xxx,recusada,1,1,171,MS
TXN-001443,2024-02-16 22:38:55,CUST-00188,MERCH-0040,utilidades,105.3,cartao_debito,app_mobile,FP-860265,147.87.xxx.xxx,aprovada,0,,269,RJ
TXN-001444,2024-02-06 02:46:25,CUST-00542,MERCH-0196,supermercados,1549.44,PIX,internet_banking,FP-564566,42.101.xxx.xxx,aprovada,0,,461,SP
TXN-001445,2024-02-03 23:19:00,CUST-00381,MERCH-0191,supermercados,25.05,TED,app_mobile,FP-563385,124.66.xxx.xxx,aprovada,0,0,551,MG
TXN-001446,2024-02-29 16:42:19,CUST-00546,MERCH-0115,viagens,276.68,cartao_debito,app_mobile,FP-628325,75.184.xxx.xxx,aprovada,0,0,63,SP
TXN-001447,2024-01-30 09:58:59,CUST-00753,MERCH-0030,supermercados,258.2,PIX,app_mobile,FP-760274,98.223.xxx.xxx,aprovada,0,0,117,MT
TXN-001448,2024-01-05 02:04:54,CUST-00047,MERCH-0147,e-commerce,678.57,cartao_credito,app_mobile,,167.196.xxx.xxx,aprovada,0,,224,MG
TXN-001449,2024-01-22 20:54:13,CUST-00042,MERCH-0078,servicos_digitais,166.06,TED,internet_banking,FP-879931,25.248.xxx.xxx,aprovada,0,,816,SP
TXN-001450,2024-01-18 20:41:57,CUST-00659,MERCH-0180,marketplace,954.94,cartao_debito,API,,198.20.xxx.xxx,aprovada,0,,506,SP
TXN-001451,2024-02-22 18:59:21,CUST-00779,MERCH-0148,servicos_digitais,537.32,TED,internet_banking,FP-153403,145.229.xxx.xxx,aprovada,0,0,148,AC
TXN-001452,2024-02-09 10:42:48,CUST-00408,MERCH-0076,outros,700.16,boleto,app_mobile,FP-289407,141.49.xxx.xxx,aprovada,0,,385,MG
TXN-001453,2024-02-05 21:26:44,CUST-00158,MERCH-0152,farmacias,127.94,PIX,API,,198.82.xxx.xxx,aprovada,0,,449,ES
TXN-001454,2024-02-17 09:46:50,CUST-00317,MERCH-0031,marketplace,319.51,PIX,app_mobile,FP-331180,23.172.xxx.xxx,aprovada,0,,273,PE
TXN-001455,2024-01-25 12:18:24,CUST-00789,MERCH-0048,farmacias,646.68,cartao_credito,app_mobile,FP-461760,175.73.xxx.xxx,aprovada,0,,243,SC
TXN-001456,2024-02-25 16:01:05,CUST-00089,MERCH-0153,servicos_digitais,591.52,PIX,app_mobile,FP-241596,6.96.xxx.xxx,aprovada,0,,108,ES
TXN-001457,2024-02-10 11:26:15,CUST-00487,MERCH-0196,e-commerce,413.84,cartao_credito,app_mobile,,44.222.xxx.xxx,pendente,0,,103,MA
TXN-001458,2024-02-24 01:52:22,CUST-00089,MERCH-0093,marketplace,752.37,cartao_credito,app_mobile,FP-703601,171.180.xxx.xxx,aprovada,0,,104,MG
TXN-001459,2024-02-18 20:48:56,CUST-00555,MERCH-0039,restaurantes,504.14,cartao_debito,app_mobile,FP-134203,178.94.xxx.xxx,aprovada,0,,227,SP
TXN-001460,2024-02-15 14:51:30,CUST-00417,MERCH-0110,e-commerce,174.46,PIX,app_mobile,FP-744252,86.63.xxx.xxx,aprovada,0,,211,ES
TXN-001461,2024-02-26 15:48:58,CUST-00302,MERCH-0107,restaurantes,321.66,boleto,app_mobile,FP-618945,41.206.xxx.xxx,aprovada,0,,343,RS
TXN-001462,2024-02-11 00:56:38,CUST-00415,MERCH-0183,utilidades,110.22,cartao_debito,app_mobile,FP-212515,124.230.xxx.xxx,aprovada,0,,174,RJ
TXN-001463,2024-01-20 09:20:51,CUST-00194,MERCH-0139,e-commerce,251.6,TED,API,,109.69.xxx.xxx,recusada,0,,149,PB
TXN-001464,2024-02-29 16:07:28,CUST-00756,MERCH-0062,restaurantes,80.8,TED,app_mobile,FP-198825,93.248.xxx.xxx,aprovada,0,,51,SP
TXN-001465,2024-01-02 04:41:21,CUST-00437,MERCH-0106,supermercados,394.39,cartao_credito,app_mobile,FP-949073,37.159.xxx.xxx,pendente,0,,79,RJ
TXN-001466,2024-01-15 05:10:33,CUST-00564,MERCH-0009,utilidades,203.29,cartao_credito,API,FP-710202,128.9.xxx.xxx,aprovada,0,,141,SP
TXN-001467,2024-02-21 13:15:39,CUST-00433,MERCH-0101,postos,275.42,boleto,app_mobile,FP-271923,30.148.xxx.xxx,aprovada,0,,64,PA
TXN-001468,2024-01-20 04:38:06,CUST-00773,MERCH-0190,supermercados,1832.56,PIX,app_mobile,FP-934762,11.246.xxx.xxx,aprovada,1,0,145,MG
TXN-001469,2024-02-13 13:58:31,CUST-00335,MERCH-0059,restaurantes,315.76,cartao_credito,caixa_eletronico,FP-282569,40.106.xxx.xxx,aprovada,0,,382,RS
TXN-001470,2024-01-11 21:17:24,CUST-00039,MERCH-0126,marketplace,2032.08,cartao_credito,internet_banking,FP-346126,165.43.xxx.xxx,aprovada,0,,138,PE
TXN-001471,2024-02-25 17:29:30,CUST-00487,MERCH-0134,e-commerce,90.89,boleto,caixa_eletronico,FP-476937,251.187.xxx.xxx,aprovada,0,,74,AL
TXN-001472,2024-01-02 07:42:57,CUST-00040,MERCH-0025,utilidades,419.65,cartao_debito,internet_banking,FP-338049,197.185.xxx.xxx,aprovada,0,0,94,RJ
TXN-001473,2024-02-06 09:15:11,CUST-00776,MERCH-0052,restaurantes,197.66,cartao_debito,app_mobile,FP-442754,48.3.xxx.xxx,estornada,0,,36,ES
TXN-001474,2024-02-07 15:29:44,CUST-00080,MERCH-0025,viagens,601.54,PIX,app_mobile,FP-263749,49.53.xxx.xxx,aprovada,0,,207,RS
TXN-001475,2024-02-15 03:47:09,CUST-00325,MERCH-0019,utilidades,52.26,PIX,app_mobile,FP-105955,216.170.xxx.xxx,aprovada,0,,66,MT
TXN-001476,2024-02-05 10:02:57,CUST-00232,MERCH-0167,restaurantes,126.74,PIX,caixa_eletronico,FP-294741,207.192.xxx.xxx,pendente,0,,105,MG
TXN-001477,2024-02-05 13:36:59,CUST-00198,MERCH-0022,utilidades,547.43,TED,app_mobile,FP-234747,183.253.xxx.xxx,aprovada,0,,339,SC
TXN-001478,2024-01-16 20:19:03,CUST-00357,MERCH-0135,postos,1659.44,PIX,internet_banking,FP-520525,209.127.xxx.xxx,aprovada,0,,69,SP
TXN-001479,2024-01-26 13:03:15,CUST-00741,MERCH-0107,e-commerce,133.01,PIX,caixa_eletronico,FP-805476,240.104.xxx.xxx,aprovada,0,,69,PR
TXN-001480,2024-02-09 19:03:34,CUST-00001,MERCH-0190,farmacias,164.52,TED,API,,2.62.xxx.xxx,recusada,0,,183,RN
TXN-001481,2024-01-13 04:57:16,CUST-00107,MERCH-0042,farmacias,1364.47,cartao_debito,API,,82.240.xxx.xxx,aprovada,0,,323,PE
TXN-001482,2024-01-29 05:32:31,CUST-00325,MERCH-0039,utilidades,2122.77,cartao_credito,internet_banking,FP-541603,223.143.xxx.xxx,recusada,0,,275,DF
TXN-001483,2024-01-31 18:54:18,CUST-00485,MERCH-0016,utilidades,261.5,cartao_credito,API,FP-232430,191.37.xxx.xxx,aprovada,0,,41,MS
TXN-001484,2024-02-03 18:12:53,CUST-00612,MERCH-0193,e-commerce,193.65,cartao_credito,internet_banking,FP-440526,49.119.xxx.xxx,aprovada,0,,38,MG
TXN-001485,2024-01-10 07:59:43,CUST-00106,MERCH-0191,viagens,42.69,PIX,API,,27.6.xxx.xxx,pendente,0,,223,RS
TXN-001486,2024-02-01 04:31:10,CUST-00591,MERCH-0179,farmacias,2694.83,TED,app_mobile,FP-391829,164.145.xxx.xxx,aprovada,0,,230,MT
TXN-001487,2024-02-29 02:23:19,CUST-00671,MERCH-0062,farmacias,678.19,TED,internet_banking,FP-836506,124.163.xxx.xxx,aprovada,0,,158,BA
TXN-001488,2024-02-25 13:33:06,CUST-00571,MERCH-0186,viagens,329.54,PIX,app_mobile,FP-134088,154.179.xxx.xxx,recusada,0,,45,AL
TXN-001489,2024-02-08 15:55:15,CUST-00400,MERCH-0074,supermercados,1766.99,TED,app_mobile,FP-199456,24.177.xxx.xxx,aprovada,0,,730,PR
TXN-001490,2024-01-18 05:36:32,CUST-00391,MERCH-0189,viagens,390.95,cartao_debito,API,,129.103.xxx.xxx,aprovada,0,,130,SP
TXN-001491,2024-01-14 13:09:42,CUST-00618,MERCH-0085,utilidades,97.3,PIX,caixa_eletronico,FP-463034,1.109.xxx.xxx,aprovada,0,,79,ES
TXN-001492,2024-01-12 06:35:45,CUST-00472,MERCH-0049,outros,805.26,PIX,app_mobile,FP-615792,60.250.xxx.xxx,aprovada,0,,309,AP
TXN-001493,2024-02-19 08:09:24,CUST-00379,MERCH-0170,farmacias,737.45,cartao_debito,internet_banking,FP-337214,244.1.xxx.xxx,pendente,0,,142,ES
TXN-001494,2024-02-28 22:07:37,CUST-00724,MERCH-0039,marketplace,234.25,PIX,caixa_eletronico,FP-204380,109.36.xxx.xxx,aprovada,0,,101,SP
TXN-001495,2024-01-05 07:20:45,CUST-00784,MERCH-0074,e-commerce,93.81,PIX,API,FP-246207,211.64.xxx.xxx,aprovada,0,,337,ES
TXN-001496,2024-02-16 01:41:33,CUST-00330,MERCH-0027,e-commerce,297.7,cartao_credito,caixa_eletronico,,135.180.xxx.xxx,aprovada,0,,178,ES
TXN-001497,2024-02-11 04:34:34,CUST-00115,MERCH-0153,servicos_digitais,281.92,cartao_credito,app_mobile,FP-211892,160.118.xxx.xxx,aprovada,0,,159,RJ
TXN-001498,2024-01-28 00:30:01,CUST-00654,MERCH-0054,outros,130.2,TED,internet_banking,FP-702787,69.202.xxx.xxx,aprovada,0,,126,AM
TXN-001499,2024-01-02 12:09:08,CUST-00016,MERCH-0053,postos,458.2,PIX,app_mobile,FP-206029,171.63.xxx.xxx,pendente,0,,210,RJ
TXN-001500,2024-02-01 06:20:25,CUST-00530,MERCH-0142,e-commerce,281.93,boleto,internet_banking,FP-640483,125.181.xxx.xxx,aprovada,0,,257,MG
TXN-001501,2024-01-04 05:38:34,CUST-00762,MERCH-0170,farmacias,510.71,PIX,app_mobile,FP-344242,24.51.xxx.xxx,aprovada,0,,178,SP
TXN-001502,2024-01-03 11:33:47,CUST-00226,MERCH-0125,restaurantes,628.38,cartao_debito,internet_banking,FP-589173,3.110.xxx.xxx,aprovada,0,,44,RN
TXN-001503,2024-01-05 22:28:36,CUST-00141,MERCH-0025,utilidades,254.02,PIX,API,FP-826424,77.65.xxx.xxx,aprovada,0,,127,RJ
TXN-001504,2024-02-25 21:05:23,CUST-00138,MERCH-0160,restaurantes,12.18,PIX,internet_banking,FP-954007,116.81.xxx.xxx,aprovada,0,,297,SP
TXN-001505,2024-02-01 03:34:04,CUST-00719,MERCH-0192,e-commerce,2142.53,boleto,app_mobile,FP-442508,244.228.xxx.xxx,aprovada,0,,332,CE
TXN-001506,2024-01-19 00:07:45,CUST-00302,MERCH-0095,e-commerce,1070.63,TED,app_mobile,FP-540220,124.143.xxx.xxx,pendente,0,,147,PR
TXN-001507,2024-02-27 22:32:03,CUST-00754,MERCH-0014,restaurantes,796.43,PIX,API,,147.36.xxx.xxx,aprovada,0,,99,SC
TXN-001508,2024-01-05 18:14:01,CUST-00006,MERCH-0065,e-commerce,118.45,cartao_credito,app_mobile,FP-930403,55.151.xxx.xxx,aprovada,0,,122,RJ
TXN-001509,2024-02-26 09:44:23,CUST-00565,MERCH-0050,restaurantes,63.32,cartao_credito,app_mobile,FP-731702,85.40.xxx.xxx,aprovada,0,,78,ES
TXN-001510,2024-01-06 19:31:35,CUST-00382,MERCH-0006,supermercados,331.14,PIX,internet_banking,FP-991616,19.254.xxx.xxx,aprovada,0,,490,ES
TXN-001511,2024-02-07 14:25:33,CUST-00785,MERCH-0118,utilidades,2254.64,cartao_credito,caixa_eletronico,FP-479816,79.192.xxx.xxx,aprovada,0,,111,PE
TXN-001512,2024-02-19 00:54:46,CUST-00375,MERCH-0018,restaurantes,272.25,cartao_credito,app_mobile,FP-933787,62.227.xxx.xxx,recusada,0,,233,PE
TXN-001513,2024-02-26 03:28:54,CUST-00800,MERCH-0079,farmacias,1903.69,cartao_credito,API,,170.158.xxx.xxx,aprovada,0,,302,RO
TXN-001514,2024-01-16 00:24:01,CUST-00594,MERCH-0123,restaurantes,831.79,PIX,internet_banking,FP-798434,164.244.xxx.xxx,aprovada,0,,138,RJ
TXN-001515,2024-01-27 14:53:58,CUST-00255,MERCH-0138,utilidades,934.41,TED,internet_banking,FP-556358,207.234.xxx.xxx,aprovada,0,,197,SP
TXN-001516,2024-02-28 09:20:10,CUST-00124,MERCH-0157,marketplace,112.96,TED,app_mobile,FP-707514,128.7.xxx.xxx,aprovada,0,,111,MS
TXN-001517,2024-02-06 09:16:21,CUST-00644,MERCH-0107,servicos_digitais,1711.73,TED,caixa_eletronico,FP-997288,72.228.xxx.xxx,aprovada,0,,91,SP
TXN-001518,2024-02-15 10:40:58,CUST-00462,MERCH-0066,outros,461.43,PIX,API,,213.164.xxx.xxx,aprovada,0,,114,RJ
TXN-001519,2024-02-23 08:36:05,CUST-00274,MERCH-0193,marketplace,473.94,TED,app_mobile,FP-968300,87.139.xxx.xxx,aprovada,0,1,374,MT
TXN-001520,2024-02-15 15:31:37,CUST-00482,MERCH-0130,e-commerce,73.46,cartao_debito,internet_banking,FP-852236,143.139.xxx.xxx,pendente,0,,119,ES
TXN-001521,2024-02-22 11:00:16,CUST-00625,MERCH-0045,e-commerce,84.04,cartao_debito,caixa_eletronico,FP-963834,206.146.xxx.xxx,aprovada,0,0,187,SE
TXN-001522,2024-02-11 23:27:12,CUST-00106,MERCH-0126,postos,212.08,cartao_debito,API,FP-167769,151.57.xxx.xxx,aprovada,0,,141,SC
TXN-001523,2024-01-18 01:57:04,CUST-00622,MERCH-0123,postos,109.4,PIX,internet_banking,FP-156068,123.23.xxx.xxx,aprovada,0,,428,MT
TXN-001524,2024-01-21 05:50:27,CUST-00145,MERCH-0045,outros,813.06,cartao_debito,app_mobile,FP-395076,26.1.xxx.xxx,aprovada,0,,630,MG
TXN-001525,2024-01-17 22:43:03,CUST-00121,MERCH-0154,supermercados,93.85,TED,API,,235.182.xxx.xxx,pendente,0,0,20,RJ
TXN-001526,2024-01-06 18:47:06,CUST-00768,MERCH-0040,outros,191.34,cartao_debito,app_mobile,FP-404172,212.96.xxx.xxx,aprovada,0,,458,MG
TXN-001527,2024-02-07 08:53:56,CUST-00308,MERCH-0189,marketplace,498.17,cartao_credito,app_mobile,FP-866540,46.229.xxx.xxx,aprovada,0,,258,ES
TXN-001528,2024-01-16 09:03:37,CUST-00411,MERCH-0038,postos,83.03,boleto,app_mobile,FP-764469,79.125.xxx.xxx,aprovada,0,,123,PR
TXN-001529,2024-01-24 08:37:15,CUST-00604,MERCH-0125,viagens,269.62,cartao_credito,internet_banking,FP-664526,99.42.xxx.xxx,aprovada,1,1,400,RJ
TXN-001530,2024-01-31 10:29:55,CUST-00391,MERCH-0013,marketplace,150.82,cartao_credito,app_mobile,FP-376690,20.4.xxx.xxx,aprovada,0,0,49,MG
TXN-001531,2024-01-06 11:01:23,CUST-00468,MERCH-0057,outros,261.53,PIX,app_mobile,FP-182782,150.107.xxx.xxx,recusada,0,,152,SP
TXN-001532,2024-01-22 20:51:57,CUST-00454,MERCH-0119,outros,377.97,PIX,app_mobile,FP-572919,93.212.xxx.xxx,aprovada,0,,91,SP
TXN-001533,2024-02-13 05:38:07,CUST-00718,MERCH-0002,marketplace,220.01,PIX,caixa_eletronico,FP-403483,145.87.xxx.xxx,aprovada,0,,179,PR
TXN-001534,2024-01-26 08:21:13,CUST-00164,MERCH-0152,e-commerce,263.73,PIX,app_mobile,FP-279380,235.160.xxx.xxx,aprovada,0,,157,MG
TXN-001535,2024-02-15 17:25:05,CUST-00284,MERCH-0081,e-commerce,1015.11,cartao_credito,internet_banking,FP-842110,29.167.xxx.xxx,aprovada,0,,139,ES
TXN-001536,2024-01-27 14:32:11,CUST-00196,MERCH-0084,servicos_digitais,231.41,boleto,internet_banking,FP-448428,97.76.xxx.xxx,aprovada,0,,71,MA
TXN-001537,2024-01-06 12:34:40,CUST-00268,MERCH-0187,postos,481.34,cartao_credito,internet_banking,FP-370378,226.54.xxx.xxx,aprovada,0,,263,SP
TXN-001538,2024-01-10 10:20:46,CUST-00572,MERCH-0085,postos,2056.89,TED,internet_banking,FP-683698,44.205.xxx.xxx,aprovada,0,,305,RO
TXN-001539,2024-01-29 03:01:53,CUST-00752,MERCH-0192,e-commerce,2726.25,PIX,API,,138.31.xxx.xxx,aprovada,0,0,47,SP
TXN-001540,2024-02-10 07:08:19,CUST-00674,MERCH-0012,outros,64.45,cartao_credito,app_mobile,FP-530944,186.59.xxx.xxx,aprovada,0,,38,SE
TXN-001541,2024-01-22 08:33:04,CUST-00272,MERCH-0120,farmacias,2209.58,cartao_debito,app_mobile,FP-816356,13.160.xxx.xxx,aprovada,0,,134,MG
TXN-001542,2024-02-03 18:34:48,CUST-00469,MERCH-0130,servicos_digitais,200.3,PIX,internet_banking,FP-578731,112.52.xxx.xxx,aprovada,0,,124,BA
TXN-001543,2024-01-09 23:10:01,CUST-00705,MERCH-0031,restaurantes,282.25,PIX,caixa_eletronico,,163.77.xxx.xxx,aprovada,1,,212,MG
TXN-001544,2024-02-11 01:15:10,CUST-00201,MERCH-0198,outros,274.79,cartao_debito,API,,207.137.xxx.xxx,aprovada,0,,84,TO
TXN-001545,2024-02-22 09:07:29,CUST-00547,MERCH-0137,e-commerce,141.77,PIX,caixa_eletronico,FP-115264,221.19.xxx.xxx,aprovada,0,,313,RS
TXN-001546,2024-01-07 01:05:47,CUST-00469,MERCH-0032,marketplace,18.07,TED,app_mobile,FP-889868,20.223.xxx.xxx,aprovada,0,,163,PI
TXN-001547,2024-01-19 17:24:06,CUST-00765,MERCH-0016,postos,148.43,boleto,app_mobile,FP-389310,93.23.xxx.xxx,aprovada,0,,174,ES
TXN-001548,2024-02-24 06:54:46,CUST-00450,MERCH-0138,servicos_digitais,959.8,cartao_debito,app_mobile,FP-401473,229.60.xxx.xxx,pendente,0,,106,RN
TXN-001549,2024-01-28 21:12:56,CUST-00528,MERCH-0007,outros,2390.27,boleto,app_mobile,FP-164988,58.160.xxx.xxx,aprovada,0,0,351,ES
TXN-001550,2024-01-24 18:50:08,CUST-00579,MERCH-0148,supermercados,227.93,cartao_debito,app_mobile,FP-546119,68.188.xxx.xxx,aprovada,0,,76,SP
TXN-001551,2024-01-12 11:35:07,CUST-00052,MERCH-0139,utilidades,874.63,cartao_debito,API,,73.92.xxx.xxx,aprovada,0,,149,RJ
TXN-001552,2024-01-16 21:40:24,CUST-00456,MERCH-0015,postos,160.55,PIX,app_mobile,FP-365176,120.41.xxx.xxx,aprovada,0,,52,MG
TXN-001553,2024-01-12 16:28:05,CUST-00214,MERCH-0183,utilidades,511.52,cartao_debito,app_mobile,,67.21.xxx.xxx,pendente,0,,115,MT
TXN-001554,2024-01-21 23:56:39,CUST-00218,MERCH-0147,servicos_digitais,807.8,PIX,app_mobile,FP-569839,58.238.xxx.xxx,pendente,0,,198,RJ
TXN-001555,2024-02-28 12:27:48,CUST-00209,MERCH-0032,e-commerce,211.1,boleto,app_mobile,FP-986380,77.44.xxx.xxx,aprovada,1,,354,CE
TXN-001556,2024-02-26 04:14:29,CUST-00399,MERCH-0079,marketplace,1543.85,PIX,app_mobile,FP-826646,249.143.xxx.xxx,pendente,0,,36,MT
TXN-001557,2024-01-11 13:40:08,CUST-00328,MERCH-0106,utilidades,293.98,TED,app_mobile,FP-806518,195.23.xxx.xxx,recusada,0,1,254,RJ
TXN-001558,2024-02-20 07:22:07,CUST-00709,MERCH-0007,supermercados,282.79,cartao_credito,app_mobile,FP-261019,127.8.xxx.xxx,aprovada,0,,415,TO
TXN-001559,2024-02-15 08:53:33,CUST-00311,MERCH-0110,e-commerce,58.32,cartao_debito,app_mobile,FP-474261,53.248.xxx.xxx,aprovada,0,,162,AL
TXN-001560,2024-02-26 09:20:11,CUST-00624,MERCH-0178,supermercados,405.58,PIX,internet_banking,FP-103335,145.211.xxx.xxx,pendente,0,,41,PR
TXN-001561,2024-02-11 03:06:06,CUST-00070,MERCH-0175,supermercados,59.1,cartao_debito,app_mobile,FP-267383,125.24.xxx.xxx,pendente,0,,105,MG
TXN-001562,2024-02-11 00:00:23,CUST-00024,MERCH-0157,supermercados,31.73,PIX,app_mobile,FP-733868,114.4.xxx.xxx,aprovada,0,0,45,RJ
TXN-001563,2024-02-23 00:25:53,CUST-00633,MERCH-0147,utilidades,84.42,TED,internet_banking,FP-384925,230.126.xxx.xxx,aprovada,0,,85,AC
TXN-001564,2024-01-14 03:43:55,CUST-00754,MERCH-0192,postos,765.5,PIX,app_mobile,FP-435729,237.243.xxx.xxx,aprovada,0,,147,PR
TXN-001565,2024-01-21 13:10:26,CUST-00720,MERCH-0113,farmacias,1689.92,PIX,API,,225.254.xxx.xxx,aprovada,0,,102,MT
TXN-001566,2024-01-23 19:26:16,CUST-00101,MERCH-0123,restaurantes,143.37,TED,internet_banking,FP-244205,70.246.xxx.xxx,aprovada,0,,92,RJ
TXN-001567,2024-01-16 10:36:47,CUST-00558,MERCH-0035,farmacias,545.48,cartao_credito,app_mobile,FP-114715,236.225.xxx.xxx,aprovada,0,,255,SP
TXN-001568,2024-01-29 13:46:28,CUST-00460,MERCH-0110,farmacias,386.92,TED,app_mobile,FP-460293,170.153.xxx.xxx,aprovada,0,,126,ES
TXN-001569,2024-02-28 22:38:56,CUST-00587,MERCH-0111,e-commerce,574.02,cartao_debito,app_mobile,FP-911090,67.53.xxx.xxx,aprovada,0,,188,RJ
TXN-001570,2024-01-22 05:26:51,CUST-00539,MERCH-0100,outros,1925.82,cartao_debito,caixa_eletronico,FP-365168,109.215.xxx.xxx,aprovada,0,,57,SP
TXN-001571,2024-02-18 06:38:51,CUST-00382,MERCH-0181,marketplace,114.53,cartao_debito,internet_banking,FP-268748,106.74.xxx.xxx,aprovada,0,0,63,ES
TXN-001572,2024-02-07 21:36:25,CUST-00293,MERCH-0022,restaurantes,26.79,PIX,caixa_eletronico,FP-550562,101.182.xxx.xxx,aprovada,0,,103,PI
TXN-001573,2024-02-20 09:11:18,CUST-00486,MERCH-0195,utilidades,633.38,cartao_credito,app_mobile,FP-962198,2.161.xxx.xxx,aprovada,0,,638,ES
TXN-001574,2024-02-18 10:55:43,CUST-00058,MERCH-0103,servicos_digitais,1231.81,PIX,app_mobile,FP-885890,115.30.xxx.xxx,aprovada,0,,57,AM
TXN-001575,2024-01-04 06:07:08,CUST-00367,MERCH-0148,outros,758.42,TED,app_mobile,FP-534002,87.71.xxx.xxx,aprovada,0,,204,SP
TXN-001576,2024-02-09 22:16:55,CUST-00084,MERCH-0141,e-commerce,639.94,cartao_debito,internet_banking,FP-476596,154.252.xxx.xxx,aprovada,0,,104,BA
TXN-001577,2024-02-01 08:59:18,CUST-00353,MERCH-0187,e-commerce,846.85,cartao_credito,internet_banking,FP-358052,161.68.xxx.xxx,aprovada,0,,195,PE
TXN-001578,2024-01-15 02:59:32,CUST-00234,MERCH-0188,restaurantes,1940.21,TED,internet_banking,FP-409261,220.241.xxx.xxx,aprovada,0,,131,ES
TXN-001579,2024-02-19 12:14:00,CUST-00757,MERCH-0169,marketplace,685.23,cartao_credito,app_mobile,,153.226.xxx.xxx,recusada,0,,171,GO
TXN-001580,2024-01-26 05:04:58,CUST-00389,MERCH-0199,e-commerce,154.98,PIX,app_mobile,FP-903738,47.145.xxx.xxx,aprovada,0,,134,MG
TXN-001581,2024-02-05 02:43:49,CUST-00091,MERCH-0030,servicos_digitais,87.18,cartao_credito,internet_banking,FP-333784,74.104.xxx.xxx,aprovada,0,,255,ES
TXN-001582,2024-02-10 05:37:52,CUST-00021,MERCH-0062,utilidades,110.01,PIX,API,,192.137.xxx.xxx,aprovada,0,,50,RS
TXN-001583,2024-01-10 18:46:28,CUST-00076,MERCH-0127,servicos_digitais,252.87,PIX,app_mobile,FP-327970,197.237.xxx.xxx,estornada,0,,357,MG
TXN-001584,2024-02-06 00:33:18,CUST-00637,MERCH-0114,outros,1040.87,cartao_credito,internet_banking,FP-848467,169.103.xxx.xxx,aprovada,1,1,173,SE
TXN-001585,2024-02-16 17:25:30,CUST-00042,MERCH-0128,supermercados,410.93,boleto,internet_banking,FP-834389,249.97.xxx.xxx,aprovada,0,,67,RJ
TXN-001586,2024-01-30 04:18:47,CUST-00532,MERCH-0093,postos,1800.51,PIX,API,,146.78.xxx.xxx,aprovada,0,,110,SP
TXN-001587,2024-02-26 01:10:55,CUST-00741,MERCH-0127,marketplace,1197.75,cartao_debito,app_mobile,FP-447595,189.114.xxx.xxx,pendente,0,,232,SC
TXN-001588,2024-01-21 16:42:30,CUST-00073,MERCH-0192,restaurantes,189.16,cartao_credito,app_mobile,FP-478300,162.25.xxx.xxx,aprovada,0,,57,SP
TXN-001589,2024-02-29 07:16:51,CUST-00316,MERCH-0119,servicos_digitais,415.55,TED,caixa_eletronico,,31.64.xxx.xxx,aprovada,0,,49,AM
TXN-001590,2024-02-02 03:03:58,CUST-00003,MERCH-0163,utilidades,236.06,cartao_credito,caixa_eletronico,FP-275914,182.254.xxx.xxx,aprovada,0,,142,RN
TXN-001591,2024-02-03 18:41:48,CUST-00079,MERCH-0114,e-commerce,268.5,PIX,caixa_eletronico,FP-868504,25.158.xxx.xxx,aprovada,0,,199,MG
TXN-001592,2024-01-27 05:31:56,CUST-00676,MERCH-0068,marketplace,1135.74,cartao_credito,API,,2.72.xxx.xxx,aprovada,0,,278,ES
TXN-001593,2024-02-10 04:45:25,CUST-00652,MERCH-0166,supermercados,373.6,PIX,app_mobile,FP-300793,23.222.xxx.xxx,pendente,0,,24,DF
TXN-001594,2024-02-10 05:16:27,CUST-00383,MERCH-0003,farmacias,2484.44,boleto,internet_banking,FP-157244,184.138.xxx.xxx,estornada,0,,445,SP
TXN-001595,2024-02-03 05:18:05,CUST-00381,MERCH-0102,farmacias,153.72,cartao_credito,internet_banking,FP-301935,186.71.xxx.xxx,aprovada,0,,256,SP
TXN-001596,2024-02-20 10:52:37,CUST-00444,MERCH-0077,postos,452.46,PIX,caixa_eletronico,FP-836787,48.60.xxx.xxx,pendente,0,0,375,RN
TXN-001597,2024-01-22 08:00:11,CUST-00474,MERCH-0182,servicos_digitais,44.29,cartao_credito,app_mobile,FP-972560,107.76.xxx.xxx,aprovada,0,,114,AP
TXN-001598,2024-02-16 12:09:27,CUST-00058,MERCH-0118,e-commerce,34.27,cartao_credito,app_mobile,FP-382270,31.61.xxx.xxx,aprovada,0,,133,AP
TXN-001599,2024-01-20 16:23:57,CUST-00691,MERCH-0173,e-commerce,186.67,cartao_debito,app_mobile,FP-745805,108.35.xxx.xxx,aprovada,0,,67,AL
TXN-001600,2024-02-17 13:59:15,CUST-00769,MERCH-0040,supermercados,1165.98,TED,internet_banking,FP-465130,160.206.xxx.xxx,aprovada,0,,75,ES
TXN-001601,2024-01-23 18:02:00,CUST-00713,MERCH-0125,e-commerce,391.09,cartao_credito,app_mobile,FP-472173,5.59.xxx.xxx,recusada,0,,48,RJ
TXN-001602,2024-01-09 12:42:08,CUST-00745,MERCH-0047,e-commerce,91.04,TED,app_mobile,FP-525422,79.60.xxx.xxx,pendente,0,,63,PI
TXN-001603,2024-01-17 06:42:02,CUST-00656,MERCH-0121,restaurantes,133.65,cartao_credito,internet_banking,FP-333529,31.32.xxx.xxx,estornada,0,0,100,PB
TXN-001604,2024-01-03 13:21:39,CUST-00024,MERCH-0016,marketplace,200.16,TED,app_mobile,FP-672869,17.168.xxx.xxx,aprovada,0,,305,ES
TXN-001605,2024-01-08 01:16:26,CUST-00721,MERCH-0129,restaurantes,1399.95,cartao_credito,app_mobile,FP-811098,13.216.xxx.xxx,recusada,0,,111,MT
TXN-001606,2024-02-11 10:08:43,CUST-00655,MERCH-0072,utilidades,1330.54,TED,app_mobile,,228.240.xxx.xxx,aprovada,0,,247,AC
TXN-001607,2024-01-28 04:45:05,CUST-00158,MERCH-0180,outros,504.37,PIX,internet_banking,FP-107091,9.118.xxx.xxx,aprovada,1,1,62,ES
TXN-001608,2024-01-18 06:56:27,CUST-00446,MERCH-0026,servicos_digitais,410.54,cartao_credito,internet_banking,FP-983748,89.108.xxx.xxx,aprovada,0,,340,RS
TXN-001609,2024-01-26 11:20:13,CUST-00218,MERCH-0122,outros,152.56,cartao_credito,API,,79.84.xxx.xxx,aprovada,0,,232,MG
TXN-001610,2024-01-28 00:23:14,CUST-00711,MERCH-0166,marketplace,256.39,cartao_credito,app_mobile,FP-731264,71.51.xxx.xxx,recusada,0,,301,PA
TXN-001611,2024-02-05 18:27:42,CUST-00372,MERCH-0056,servicos_digitais,94.44,PIX,API,,119.163.xxx.xxx,aprovada,0,,87,AP
TXN-001612,2024-01-15 01:16:50,CUST-00258,MERCH-0084,e-commerce,2676.28,PIX,app_mobile,FP-106802,126.101.xxx.xxx,pendente,1,1,1092,MG
TXN-001613,2024-02-20 08:14:55,CUST-00313,MERCH-0048,e-commerce,1218.62,cartao_credito,app_mobile,FP-562092,192.92.xxx.xxx,aprovada,0,,40,RS
TXN-001614,2024-02-14 22:56:43,CUST-00519,MERCH-0035,viagens,135.31,TED,internet_banking,FP-841063,171.42.xxx.xxx,aprovada,0,0,45,RS
TXN-001615,2024-02-13 14:47:52,CUST-00652,MERCH-0074,viagens,155.48,boleto,app_mobile,FP-453860,194.194.xxx.xxx,pendente,0,,68,MS
TXN-001616,2024-02-12 16:17:51,CUST-00243,MERCH-0086,outros,355.1,cartao_debito,internet_banking,FP-711659,141.38.xxx.xxx,aprovada,0,,61,GO
TXN-001617,2024-02-05 07:38:20,CUST-00464,MERCH-0030,servicos_digitais,508.82,cartao_credito,internet_banking,FP-502075,40.86.xxx.xxx,aprovada,0,,822,PB
TXN-001618,2024-01-27 02:24:49,CUST-00263,MERCH-0144,servicos_digitais,963.84,PIX,internet_banking,FP-146519,235.221.xxx.xxx,aprovada,0,,118,PE
TXN-001619,2024-02-21 09:18:48,CUST-00394,MERCH-0130,marketplace,170.24,cartao_credito,internet_banking,FP-937567,28.29.xxx.xxx,aprovada,0,,115,MG
TXN-001620,2024-02-10 07:24:39,CUST-00667,MERCH-0055,utilidades,377.24,TED,app_mobile,FP-672835,158.0.xxx.xxx,aprovada,0,,154,AL
TXN-001621,2024-02-14 16:47:09,CUST-00004,MERCH-0143,e-commerce,203.89,cartao_debito,app_mobile,FP-920041,198.139.xxx.xxx,aprovada,0,,265,RJ
TXN-001622,2024-02-10 10:55:47,CUST-00508,MERCH-0176,marketplace,451.33,cartao_debito,API,,78.119.xxx.xxx,pendente,0,,179,ES
TXN-001623,2024-02-06 11:40:41,CUST-00790,MERCH-0017,supermercados,316.27,cartao_credito,app_mobile,FP-595477,72.236.xxx.xxx,recusada,0,,77,RS
TXN-001624,2024-02-04 15:24:57,CUST-00396,MERCH-0035,restaurantes,125.2,TED,app_mobile,FP-569520,202.8.xxx.xxx,aprovada,0,,415,SC
TXN-001625,2024-01-09 22:07:29,CUST-00565,MERCH-0067,utilidades,75.82,cartao_debito,internet_banking,FP-575558,43.202.xxx.xxx,aprovada,0,,126,RJ
TXN-001626,2024-02-01 10:38:04,CUST-00186,MERCH-0056,e-commerce,51.94,TED,internet_banking,FP-285206,8.46.xxx.xxx,aprovada,0,0,115,SC
TXN-001627,2024-01-23 22:26:01,CUST-00722,MERCH-0191,servicos_digitais,57.72,PIX,internet_banking,,183.3.xxx.xxx,aprovada,0,,119,MG
TXN-001628,2024-01-19 04:53:30,CUST-00412,MERCH-0125,farmacias,45.83,TED,app_mobile,FP-480828,171.38.xxx.xxx,aprovada,0,,185,RJ
TXN-001629,2024-02-13 00:34:04,CUST-00406,MERCH-0087,marketplace,232.64,cartao_credito,API,,107.172.xxx.xxx,aprovada,0,,395,RN
TXN-001630,2024-01-20 11:27:40,CUST-00285,MERCH-0142,marketplace,252.21,PIX,app_mobile,FP-814777,97.249.xxx.xxx,aprovada,0,,99,PR
TXN-001631,2024-02-05 05:12:20,CUST-00401,MERCH-0095,e-commerce,487.7,cartao_credito,app_mobile,FP-851419,173.148.xxx.xxx,recusada,0,,243,SP
TXN-001632,2024-01-21 17:44:41,CUST-00144,MERCH-0002,e-commerce,44.63,PIX,API,,153.57.xxx.xxx,aprovada,0,0,168,MG
TXN-001633,2024-02-15 22:32:37,CUST-00473,MERCH-0038,restaurantes,61.99,cartao_credito,app_mobile,FP-757766,243.145.xxx.xxx,aprovada,0,,63,MG
TXN-001634,2024-02-24 04:27:49,CUST-00652,MERCH-0143,servicos_digitais,164.71,cartao_debito,caixa_eletronico,FP-131327,213.116.xxx.xxx,estornada,0,,116,MS
TXN-001635,2024-01-29 07:10:28,CUST-00259,MERCH-0113,servicos_digitais,433.86,cartao_credito,internet_banking,FP-167556,222.151.xxx.xxx,pendente,0,0,828,PR
TXN-001636,2024-02-26 13:52:25,CUST-00437,MERCH-0115,postos,37.49,cartao_debito,API,,53.211.xxx.xxx,aprovada,0,,670,SP
TXN-001637,2024-02-01 09:34:49,CUST-00268,MERCH-0051,e-commerce,199.69,cartao_debito,app_mobile,FP-217803,126.30.xxx.xxx,aprovada,0,,12,RJ
TXN-001638,2024-01-08 19:01:20,CUST-00208,MERCH-0148,marketplace,110.65,cartao_credito,internet_banking,FP-615675,95.136.xxx.xxx,aprovada,0,,188,ES
TXN-001639,2024-01-27 00:51:46,CUST-00563,MERCH-0191,supermercados,329.12,cartao_debito,app_mobile,FP-208341,7.83.xxx.xxx,aprovada,0,,134,MG
TXN-001640,2024-02-07 03:54:47,CUST-00063,MERCH-0092,marketplace,1704.82,PIX,app_mobile,FP-150056,143.133.xxx.xxx,aprovada,0,,60,PE
TXN-001641,2024-02-26 07:47:04,CUST-00016,MERCH-0062,supermercados,754.11,PIX,app_mobile,FP-437991,175.170.xxx.xxx,aprovada,0,,88,ES
TXN-001642,2024-01-12 20:42:40,CUST-00550,MERCH-0053,utilidades,56.31,cartao_debito,API,FP-991500,221.173.xxx.xxx,recusada,0,,298,SP
TXN-001643,2024-01-23 00:56:29,CUST-00055,MERCH-0103,supermercados,942.83,cartao_debito,app_mobile,FP-168332,149.62.xxx.xxx,aprovada,0,,165,SP
TXN-001644,2024-02-17 02:12:56,CUST-00363,MERCH-0030,marketplace,2352.18,boleto,app_mobile,FP-576680,205.222.xxx.xxx,pendente,0,,42,SP
TXN-001645,2024-02-18 02:13:24,CUST-00424,MERCH-0043,farmacias,780.41,TED,API,,247.135.xxx.xxx,aprovada,0,0,99,DF
TXN-001646,2024-01-11 14:28:35,CUST-00329,MERCH-0039,utilidades,196.2,PIX,internet_banking,FP-565523,99.43.xxx.xxx,pendente,0,,184,SP
TXN-001647,2024-01-16 13:09:32,CUST-00008,MERCH-0056,restaurantes,613.4,PIX,app_mobile,FP-170655,56.38.xxx.xxx,aprovada,0,,77,RJ
TXN-001648,2024-01-12 14:02:06,CUST-00733,MERCH-0193,servicos_digitais,210.31,cartao_credito,app_mobile,FP-226921,72.165.xxx.xxx,aprovada,0,,52,RO
TXN-001649,2024-01-07 05:37:21,CUST-00199,MERCH-0122,restaurantes,158.74,cartao_credito,internet_banking,,140.137.xxx.xxx,aprovada,0,,129,MT
TXN-001650,2024-02-09 06:47:18,CUST-00107,MERCH-0176,postos,554.45,TED,internet_banking,FP-803587,34.144.xxx.xxx,aprovada,0,,155,AL
TXN-001651,2024-02-15 08:51:39,CUST-00068,MERCH-0112,marketplace,1786.97,cartao_credito,app_mobile,FP-691370,50.47.xxx.xxx,recusada,0,,173,RJ
TXN-001652,2024-01-01 16:06:36,CUST-00763,MERCH-0059,marketplace,1199.03,PIX,app_mobile,FP-184837,103.146.xxx.xxx,aprovada,0,,38,SC
TXN-001653,2024-02-23 21:12:15,CUST-00417,MERCH-0042,servicos_digitais,932.15,PIX,app_mobile,FP-918884,143.52.xxx.xxx,aprovada,0,,102,RJ
TXN-001654,2024-01-04 07:38:28,CUST-00256,MERCH-0186,outros,82.72,PIX,app_mobile,FP-523272,4.79.xxx.xxx,aprovada,0,,255,ES
TXN-001655,2024-01-01 08:51:22,CUST-00073,MERCH-0131,postos,169.51,PIX,internet_banking,FP-764486,57.168.xxx.xxx,aprovada,0,,452,SP
TXN-001656,2024-01-10 08:38:30,CUST-00530,MERCH-0133,marketplace,27.44,cartao_debito,app_mobile,FP-913991,45.21.xxx.xxx,aprovada,0,,49,ES
TXN-001657,2024-01-16 11:10:29,CUST-00689,MERCH-0072,marketplace,243.81,PIX,internet_banking,,22.141.xxx.xxx,aprovada,0,,81,DF
TXN-001658,2024-01-04 14:33:42,CUST-00163,MERCH-0104,outros,109.98,PIX,app_mobile,FP-670989,166.217.xxx.xxx,aprovada,0,,315,RJ
TXN-001659,2024-01-03 11:01:55,CUST-00418,MERCH-0181,viagens,2892.12,boleto,app_mobile,FP-710407,13.218.xxx.xxx,aprovada,0,0,176,RR
TXN-001660,2024-02-10 07:30:21,CUST-00225,MERCH-0200,farmacias,180.76,cartao_credito,internet_banking,FP-385588,91.113.xxx.xxx,aprovada,0,,195,MG
TXN-001661,2024-02-02 22:23:26,CUST-00284,MERCH-0050,supermercados,1650.86,TED,internet_banking,FP-693044,232.85.xxx.xxx,aprovada,0,,98,SP
TXN-001662,2024-01-01 10:07:42,CUST-00333,MERCH-0133,marketplace,344.57,cartao_credito,app_mobile,FP-716263,143.36.xxx.xxx,aprovada,0,,128,GO
TXN-001663,2024-01-16 17:08:02,CUST-00783,MERCH-0078,supermercados,267.84,PIX,caixa_eletronico,FP-755502,41.223.xxx.xxx,aprovada,0,,236,AC
TXN-001664,2024-01-02 11:22:16,CUST-00124,MERCH-0127,supermercados,851.33,cartao_credito,app_mobile,FP-317032,160.105.xxx.xxx,recusada,0,,62,DF
TXN-001665,2024-02-27 02:15:45,CUST-00376,MERCH-0122,marketplace,2023.85,TED,app_mobile,FP-765428,39.36.xxx.xxx,aprovada,0,,282,SP
TXN-001666,2024-01-31 12:56:40,CUST-00346,MERCH-0104,supermercados,909.17,cartao_debito,internet_banking,,111.194.xxx.xxx,aprovada,0,,638,AP
TXN-001667,2024-01-08 16:45:02,CUST-00199,MERCH-0154,farmacias,92.27,TED,caixa_eletronico,FP-635052,22.150.xxx.xxx,aprovada,0,,104,MS
TXN-001668,2024-01-26 12:30:06,CUST-00371,MERCH-0135,postos,186.91,PIX,internet_banking,FP-425368,156.222.xxx.xxx,aprovada,0,0,160,SP
TXN-001669,2024-02-23 23:30:50,CUST-00530,MERCH-0027,e-commerce,1520.57,PIX,internet_banking,FP-226814,233.123.xxx.xxx,aprovada,0,,1100,RJ
TXN-001670,2024-01-03 03:18:36,CUST-00214,MERCH-0156,restaurantes,22.11,cartao_credito,app_mobile,,11.243.xxx.xxx,aprovada,0,,75,MS
TXN-001671,2024-01-21 08:43:49,CUST-00391,MERCH-0175,outros,1412.86,TED,API,FP-203854,61.204.xxx.xxx,aprovada,0,,312,ES
TXN-001672,2024-01-20 14:03:28,CUST-00673,MERCH-0021,viagens,841.76,cartao_credito,app_mobile,FP-444389,200.231.xxx.xxx,aprovada,1,1,74,MG
TXN-001673,2024-01-27 23:23:29,CUST-00552,MERCH-0104,utilidades,268.7,PIX,API,FP-507532,100.249.xxx.xxx,aprovada,0,,209,AC
TXN-001674,2024-01-01 19:00:16,CUST-00617,MERCH-0032,supermercados,282.84,cartao_debito,app_mobile,FP-712458,10.146.xxx.xxx,aprovada,0,,140,SC
TXN-001675,2024-02-13 22:56:25,CUST-00055,MERCH-0155,e-commerce,47.58,TED,app_mobile,FP-780766,42.243.xxx.xxx,aprovada,0,,292,SP
TXN-001676,2024-01-25 12:29:08,CUST-00127,MERCH-0059,postos,52.05,PIX,app_mobile,FP-727394,156.58.xxx.xxx,aprovada,0,,162,MG
TXN-001677,2024-02-15 14:27:41,CUST-00001,MERCH-0161,postos,384.62,PIX,internet_banking,FP-573799,215.244.xxx.xxx,aprovada,0,,238,RN
TXN-001678,2024-02-16 20:02:40,CUST-00491,MERCH-0106,e-commerce,1471.76,TED,app_mobile,FP-934174,58.200.xxx.xxx,aprovada,0,,29,RJ
TXN-001679,2024-02-20 01:41:55,CUST-00630,MERCH-0125,farmacias,80.13,PIX,app_mobile,FP-335927,101.152.xxx.xxx,aprovada,0,,106,RO
TXN-001680,2024-02-15 03:42:32,CUST-00669,MERCH-0130,postos,110.91,PIX,internet_banking,,7.83.xxx.xxx,aprovada,0,,116,MG
TXN-001681,2024-02-28 02:59:54,CUST-00429,MERCH-0077,e-commerce,1702.87,boleto,internet_banking,FP-228797,238.160.xxx.xxx,aprovada,0,,320,AP
TXN-001682,2024-02-10 12:14:44,CUST-00530,MERCH-0147,outros,196.88,PIX,caixa_eletronico,FP-353240,58.122.xxx.xxx,aprovada,0,,163,MG
TXN-001683,2024-02-13 11:19:37,CUST-00329,MERCH-0148,postos,1855.97,TED,app_mobile,FP-908798,94.27.xxx.xxx,recusada,1,1,156,SP
TXN-001684,2024-01-24 20:34:40,CUST-00499,MERCH-0095,restaurantes,90.55,cartao_debito,app_mobile,FP-395114,110.32.xxx.xxx,aprovada,0,0,258,MG
TXN-001685,2024-01-17 20:20:24,CUST-00692,MERCH-0131,farmacias,958.94,TED,app_mobile,FP-414652,174.107.xxx.xxx,pendente,0,,292,MG
TXN-001686,2024-02-11 17:27:05,CUST-00733,MERCH-0178,e-commerce,0.0,boleto,internet_banking,FP-895461,64.145.xxx.xxx,estornada,0,,33,AM
TXN-001687,2024-01-05 05:03:12,CUST-00794,MERCH-0138,farmacias,745.47,PIX,app_mobile,FP-373087,14.177.xxx.xxx,pendente,0,,238,MT
TXN-001688,2024-02-11 19:44:12,CUST-00661,MERCH-0113,e-commerce,114.12,cartao_debito,caixa_eletronico,FP-101110,60.60.xxx.xxx,aprovada,0,,22,PE
TXN-001689,2024-02-23 02:43:06,CUST-00131,MERCH-0013,e-commerce,3787.15,TED,internet_banking,FP-354737,4.175.xxx.xxx,pendente,0,,392,RS
TXN-001690,2024-01-21 07:23:55,CUST-00782,MERCH-0094,outros,193.31,cartao_credito,app_mobile,FP-463008,241.195.xxx.xxx,aprovada,0,,62,SE
TXN-001691,2024-02-12 23:16:03,CUST-00751,MERCH-0075,supermercados,117.24,PIX,API,,175.179.xxx.xxx,aprovada,0,,170,ES
TXN-001692,2024-02-21 09:28:16,CUST-00192,MERCH-0131,outros,163.78,PIX,caixa_eletronico,FP-308222,4.36.xxx.xxx,aprovada,0,,78,MG
TXN-001693,2024-01-02 17:18:15,CUST-00709,MERCH-0097,servicos_digitais,148.29,cartao_credito,app_mobile,,54.80.xxx.xxx,aprovada,0,,127,AC
TXN-001694,2024-01-06 04:33:29,CUST-00337,MERCH-0033,servicos_digitais,158.82,cartao_debito,app_mobile,FP-713857,234.24.xxx.xxx,aprovada,0,,422,RS
TXN-001695,2024-01-25 09:47:40,CUST-00546,MERCH-0200,supermercados,63.78,cartao_debito,internet_banking,FP-346967,163.51.xxx.xxx,aprovada,0,,78,SP
TXN-001696,2024-01-20 00:22:58,CUST-00776,MERCH-0159,servicos_digitais,707.84,cartao_debito,app_mobile,FP-231413,229.221.xxx.xxx,recusada,0,,201,ES
TXN-001697,2024-01-03 20:01:10,CUST-00068,MERCH-0180,supermercados,199.83,cartao_debito,app_mobile,FP-211565,245.98.xxx.xxx,aprovada,0,1,359,ES
TXN-001698,2024-01-06 18:26:48,CUST-00048,MERCH-0141,servicos_digitais,443.28,cartao_debito,app_mobile,FP-255574,143.120.xxx.xxx,aprovada,0,,79,PE
TXN-001699,2024-02-16 00:57:21,CUST-00288,MERCH-0126,e-commerce,46.77,TED,caixa_eletronico,FP-748605,43.37.xxx.xxx,pendente,0,0,45,ES
TXN-001700,2024-01-25 23:21:06,CUST-00516,MERCH-0117,supermercados,1280.98,cartao_credito,caixa_eletronico,FP-509685,70.238.xxx.xxx,aprovada,0,,205,AL
TXN-001701,2024-02-13 16:15:06,CUST-00374,MERCH-0082,restaurantes,53.3,cartao_credito,caixa_eletronico,FP-393082,197.250.xxx.xxx,aprovada,0,,923,SP
TXN-001702,2024-02-26 16:45:41,CUST-00734,MERCH-0103,servicos_digitais,233.1,PIX,caixa_eletronico,FP-145071,138.2.xxx.xxx,aprovada,0,,158,RS
TXN-001703,2024-01-04 03:12:43,CUST-00475,MERCH-0182,e-commerce,481.64,PIX,API,,75.45.xxx.xxx,aprovada,0,,89,SP
TXN-001704,2024-02-19 05:17:45,CUST-00358,MERCH-0014,e-commerce,4169.57,cartao_debito,API,FP-983856,209.6.xxx.xxx,recusada,0,,149,SP
TXN-001705,2024-01-23 11:49:10,CUST-00719,MERCH-0001,e-commerce,167.52,boleto,internet_banking,FP-992373,169.232.xxx.xxx,aprovada,0,,69,PI
TXN-001706,2024-02-16 23:47:17,CUST-00429,MERCH-0111,marketplace,1680.13,cartao_credito,app_mobile,FP-971857,79.51.xxx.xxx,aprovada,0,,335,AC
TXN-001707,2024-02-02 14:11:55,CUST-00583,MERCH-0098,marketplace,152.29,cartao_debito,API,FP-615178,184.246.xxx.xxx,aprovada,0,,32,PI
TXN-001708,2024-01-04 07:14:28,CUST-00396,MERCH-0026,marketplace,90.57,PIX,internet_banking,FP-744910,91.31.xxx.xxx,aprovada,0,,347,SC
TXN-001709,2024-02-29 05:13:08,CUST-00636,MERCH-0125,outros,117.24,cartao_credito,internet_banking,FP-852596,152.214.xxx.xxx,pendente,0,,296,MG
TXN-001710,2024-01-23 08:10:51,CUST-00236,MERCH-0149,servicos_digitais,13.65,cartao_debito,app_mobile,FP-911929,5.222.xxx.xxx,aprovada,0,,451,SC
TXN-001711,2024-01-06 04:49:33,CUST-00408,MERCH-0146,restaurantes,1020.47,cartao_credito,app_mobile,FP-556254,136.31.xxx.xxx,aprovada,0,,104,RJ
TXN-001712,2024-01-26 07:12:58,CUST-00719,MERCH-0062,e-commerce,40.33,TED,app_mobile,FP-624053,78.66.xxx.xxx,aprovada,0,,286,PB
TXN-001713,2024-02-28 15:30:13,CUST-00025,MERCH-0182,viagens,136.44,cartao_debito,internet_banking,FP-465375,68.79.xxx.xxx,aprovada,0,,115,RJ
TXN-001714,2024-02-24 09:49:36,CUST-00687,MERCH-0114,utilidades,128.03,TED,app_mobile,FP-373924,236.239.xxx.xxx,estornada,0,,26,RJ
TXN-001715,2024-02-20 02:28:10,CUST-00411,MERCH-0064,servicos_digitais,617.25,boleto,app_mobile,FP-759536,142.152.xxx.xxx,aprovada,0,0,114,PR
TXN-001716,2024-02-21 02:56:27,CUST-00727,MERCH-0064,outros,474.55,cartao_debito,app_mobile,FP-148719,127.120.xxx.xxx,aprovada,0,,366,MA
TXN-001717,2024-02-22 12:48:46,CUST-00294,MERCH-0028,supermercados,89.34,TED,app_mobile,FP-469986,80.208.xxx.xxx,aprovada,0,,231,CE
TXN-001718,2024-02-25 03:56:16,CUST-00228,MERCH-0081,restaurantes,133.65,cartao_credito,app_mobile,FP-844521,3.50.xxx.xxx,aprovada,0,,108,SE
TXN-001719,2024-01-19 21:32:00,CUST-00347,MERCH-0146,servicos_digitais,53.83,cartao_debito,caixa_eletronico,FP-651719,1.98.xxx.xxx,pendente,0,,42,RJ
TXN-001720,2024-01-26 09:09:49,CUST-00413,MERCH-0178,servicos_digitais,58.68,cartao_debito,caixa_eletronico,FP-364063,83.64.xxx.xxx,aprovada,0,,238,MA
TXN-001721,2024-02-23 09:54:38,CUST-00244,MERCH-0172,utilidades,291.91,TED,app_mobile,FP-905731,142.6.xxx.xxx,recusada,0,0,138,RJ
TXN-001722,2024-02-20 20:45:21,CUST-00407,MERCH-0194,viagens,577.83,cartao_debito,caixa_eletronico,,19.31.xxx.xxx,estornada,0,,166,ES
TXN-001723,2024-01-20 21:50:39,CUST-00171,MERCH-0018,utilidades,352.4,cartao_debito,app_mobile,FP-171053,250.30.xxx.xxx,aprovada,0,,138,RJ
TXN-001724,2024-01-17 04:21:12,CUST-00680,MERCH-0138,servicos_digitais,1251.67,cartao_credito,app_mobile,FP-712108,43.199.xxx.xxx,aprovada,0,,141,PR
TXN-001725,2024-02-01 10:31:11,CUST-00631,MERCH-0093,postos,1925.18,PIX,internet_banking,FP-465363,117.76.xxx.xxx,aprovada,0,,446,RJ
TXN-001726,2024-02-12 04:52:03,CUST-00100,MERCH-0163,e-commerce,4211.94,cartao_debito,app_mobile,FP-385080,185.29.xxx.xxx,aprovada,0,,48,MG
TXN-001727,2024-01-16 05:25:54,CUST-00336,MERCH-0025,restaurantes,2270.03,PIX,internet_banking,FP-667709,21.36.xxx.xxx,aprovada,0,,77,PR
TXN-001728,2024-01-30 05:02:05,CUST-00529,MERCH-0200,supermercados,907.63,cartao_debito,internet_banking,FP-870723,139.11.xxx.xxx,aprovada,0,,410,SP
TXN-001729,2024-01-03 04:26:17,CUST-00678,MERCH-0171,postos,1419.86,cartao_credito,app_mobile,FP-818917,38.65.xxx.xxx,estornada,0,,359,MG
TXN-001730,2024-02-23 03:09:45,CUST-00026,MERCH-0040,marketplace,932.07,cartao_credito,internet_banking,FP-750827,166.146.xxx.xxx,aprovada,0,0,26,PI
TXN-001731,2024-02-13 13:01:00,CUST-00403,MERCH-0122,utilidades,162.7,TED,app_mobile,FP-978326,74.245.xxx.xxx,aprovada,0,,544,SP
TXN-001732,2024-02-12 16:02:14,CUST-00342,MERCH-0010,e-commerce,1364.05,cartao_debito,app_mobile,FP-361982,69.235.xxx.xxx,aprovada,0,0,31,DF
TXN-001733,2024-01-19 21:48:49,CUST-00161,MERCH-0199,e-commerce,1015.65,cartao_credito,internet_banking,FP-912261,168.95.xxx.xxx,recusada,0,,110,SE
TXN-001734,2024-02-02 05:17:49,CUST-00143,MERCH-0110,supermercados,822.37,cartao_debito,API,,248.244.xxx.xxx,aprovada,0,,58,ES
TXN-001735,2024-02-09 08:12:23,CUST-00268,MERCH-0150,restaurantes,76.24,TED,app_mobile,FP-633435,74.147.xxx.xxx,aprovada,0,,114,MG
TXN-001736,2024-02-07 10:35:56,CUST-00764,MERCH-0017,marketplace,336.94,PIX,app_mobile,FP-779825,31.101.xxx.xxx,aprovada,0,,188,PR
TXN-001737,2024-01-16 21:03:26,CUST-00287,MERCH-0158,e-commerce,375.22,cartao_debito,app_mobile,FP-584461,185.44.xxx.xxx,aprovada,1,1,454,RN
TXN-001738,2024-01-06 00:14:28,CUST-00389,MERCH-0113,servicos_digitais,1175.26,cartao_debito,API,,176.212.xxx.xxx,aprovada,0,,375,RJ
TXN-001739,2024-02-07 21:46:51,CUST-00492,MERCH-0189,viagens,524.03,cartao_debito,internet_banking,FP-797620,124.235.xxx.xxx,aprovada,0,,158,SP
TXN-001740,2024-02-10 05:17:41,CUST-00634,MERCH-0164,restaurantes,2854.78,PIX,app_mobile,FP-303125,170.33.xxx.xxx,recusada,0,,107,MS
TXN-001741,2024-02-21 14:32:30,CUST-00644,MERCH-0109,servicos_digitais,77.49,TED,app_mobile,FP-980777,25.87.xxx.xxx,aprovada,0,0,136,RJ
TXN-001742,2024-01-24 11:21:48,CUST-00533,MERCH-0084,postos,1942.58,boleto,app_mobile,FP-285011,208.189.xxx.xxx,aprovada,0,,41,SC
TXN-001743,2024-01-10 20:48:05,CUST-00080,MERCH-0073,servicos_digitais,178.89,boleto,caixa_eletronico,FP-531651,52.68.xxx.xxx,aprovada,0,,38,SC
TXN-001744,2024-01-05 07:37:35,CUST-00077,MERCH-0054,outros,234.79,PIX,internet_banking,FP-102159,47.192.xxx.xxx,aprovada,0,,51,RN
TXN-001745,2024-01-18 09:37:55,CUST-00654,MERCH-0023,restaurantes,79.57,cartao_debito,API,,187.116.xxx.xxx,aprovada,0,0,275,PA
TXN-001746,2024-02-05 12:30:21,CUST-00520,MERCH-0163,e-commerce,133.19,cartao_credito,caixa_eletronico,FP-857514,254.125.xxx.xxx,pendente,0,,51,RS
TXN-001747,2024-01-12 06:07:22,CUST-00079,MERCH-0122,outros,135.66,cartao_debito,app_mobile,FP-305857,69.26.xxx.xxx,aprovada,0,,80,RJ
TXN-001748,2024-02-09 00:22:01,CUST-00367,MERCH-0054,marketplace,260.55,TED,internet_banking,FP-411519,136.199.xxx.xxx,aprovada,0,,100,MG
TXN-001749,2024-02-20 22:27:58,CUST-00208,MERCH-0173,e-commerce,0.0,cartao_debito,internet_banking,FP-578099,227.189.xxx.xxx,aprovada,0,,108,ES
TXN-001750,2024-02-29 09:56:11,CUST-00610,MERCH-0183,restaurantes,1100.65,cartao_credito,internet_banking,FP-277461,75.93.xxx.xxx,aprovada,0,0,273,RS
TXN-001751,2024-02-11 17:00:28,CUST-00039,MERCH-0088,utilidades,469.99,cartao_debito,caixa_eletronico,FP-935683,206.46.xxx.xxx,aprovada,0,,126,BA
TXN-001752,2024-01-22 00:00:38,CUST-00148,MERCH-0040,e-commerce,150.38,TED,API,,39.118.xxx.xxx,aprovada,0,0,162,DF
TXN-001753,2024-01-16 15:25:36,CUST-00558,MERCH-0060,marketplace,345.92,PIX,app_mobile,FP-733514,83.194.xxx.xxx,aprovada,0,,46,MG
TXN-001754,2024-01-28 18:08:27,CUST-00385,MERCH-0149,e-commerce,1862.58,cartao_credito,caixa_eletronico,FP-172472,232.140.xxx.xxx,pendente,1,0,184,SP
TXN-001755,2024-02-06 13:48:57,CUST-00244,MERCH-0018,e-commerce,91.21,cartao_debito,app_mobile,FP-918643,51.219.xxx.xxx,aprovada,0,,1225,ES
TXN-001756,2024-02-22 19:21:31,CUST-00201,MERCH-0048,viagens,141.92,PIX,app_mobile,FP-995635,58.100.xxx.xxx,estornada,0,,87,RO
TXN-001757,2024-02-28 09:20:04,CUST-00346,MERCH-0020,outros,402.97,TED,internet_banking,FP-268194,48.79.xxx.xxx,aprovada,0,,176,AM
TXN-001758,2024-01-22 09:50:22,CUST-00581,MERCH-0041,supermercados,332.72,PIX,API,,49.100.xxx.xxx,aprovada,0,,446,RJ
TXN-001759,2024-01-23 17:56:05,CUST-00745,MERCH-0188,marketplace,1030.24,cartao_debito,internet_banking,FP-122682,88.124.xxx.xxx,pendente,0,,169,PI
TXN-001760,2024-01-06 17:56:11,CUST-00354,MERCH-0002,supermercados,27.96,boleto,app_mobile,FP-173440,143.223.xxx.xxx,aprovada,0,,210,RR
TXN-001761,2024-02-03 23:44:56,CUST-00737,MERCH-0093,e-commerce,108.42,cartao_debito,app_mobile,FP-499496,147.69.xxx.xxx,aprovada,0,,218,TO
TXN-001762,2024-01-26 15:35:16,CUST-00651,MERCH-0091,utilidades,6038.91,PIX,app_mobile,FP-418013,251.36.xxx.xxx,aprovada,0,,317,SP
TXN-001763,2024-02-16 23:30:19,CUST-00310,MERCH-0195,e-commerce,94.25,PIX,caixa_eletronico,FP-124601,111.163.xxx.xxx,aprovada,0,,192,ES
TXN-001764,2024-01-29 23:15:21,CUST-00226,MERCH-0183,utilidades,128.03,cartao_credito,API,,17.171.xxx.xxx,aprovada,0,,686,BA
TXN-001765,2024-01-24 09:02:06,CUST-00374,MERCH-0141,viagens,150.12,boleto,internet_banking,FP-782125,161.195.xxx.xxx,aprovada,0,,271,RJ
TXN-001766,2024-01-04 20:43:29,CUST-00082,MERCH-0198,viagens,17.55,cartao_credito,app_mobile,FP-771266,77.65.xxx.xxx,aprovada,0,,112,SP
TXN-001767,2024-01-07 22:20:32,CUST-00705,MERCH-0107,viagens,292.33,cartao_credito,API,FP-176949,16.234.xxx.xxx,aprovada,0,,285,SP
TXN-001768,2024-01-22 01:42:33,CUST-00010,MERCH-0198,e-commerce,272.14,cartao_credito,internet_banking,FP-475100,166.59.xxx.xxx,aprovada,0,,112,SP
TXN-001769,2024-02-14 10:48:55,CUST-00135,MERCH-0086,supermercados,850.45,cartao_credito,app_mobile,FP-843810,112.89.xxx.xxx,aprovada,0,0,364,RJ
TXN-001770,2024-01-11 20:39:28,CUST-00270,MERCH-0082,e-commerce,46.11,PIX,API,,179.18.xxx.xxx,aprovada,0,0,300,PA
TXN-001771,2024-02-01 03:42:23,CUST-00314,MERCH-0157,servicos_digitais,81.38,cartao_credito,app_mobile,FP-433028,197.117.xxx.xxx,aprovada,0,0,595,BA
TXN-001772,2024-02-29 12:37:41,CUST-00671,MERCH-0069,supermercados,301.05,cartao_credito,caixa_eletronico,,153.58.xxx.xxx,aprovada,0,,623,CE
TXN-001773,2024-01-18 22:27:21,CUST-00659,MERCH-0066,supermercados,503.56,TED,API,FP-301031,77.169.xxx.xxx,aprovada,0,,139,RJ
TXN-001774,2024-02-12 02:06:45,CUST-00727,MERCH-0018,restaurantes,4164.74,cartao_credito,caixa_eletronico,FP-771657,187.69.xxx.xxx,pendente,0,,145,RN
TXN-001775,2024-01-23 16:16:47,CUST-00530,MERCH-0129,restaurantes,385.61,cartao_debito,internet_banking,FP-475925,22.112.xxx.xxx,aprovada,0,,165,ES
TXN-001776,2024-01-25 04:05:21,CUST-00185,MERCH-0039,servicos_digitais,301.05,TED,caixa_eletronico,FP-869128,30.71.xxx.xxx,aprovada,0,,434,ES
TXN-001777,2024-01-09 11:44:22,CUST-00114,MERCH-0047,utilidades,633.6,PIX,app_mobile,FP-600733,101.247.xxx.xxx,aprovada,0,,22,ES
TXN-001778,2024-02-26 14:59:21,CUST-00224,MERCH-0110,restaurantes,167.91,boleto,app_mobile,FP-471427,6.13.xxx.xxx,aprovada,0,,159,SP
TXN-001779,2024-01-19 03:19:09,CUST-00641,MERCH-0111,postos,735.86,cartao_credito,internet_banking,FP-181612,150.147.xxx.xxx,pendente,0,,173,ES
TXN-001780,2024-01-09 22:52:12,CUST-00409,MERCH-0134,supermercados,401.19,cartao_credito,internet_banking,,35.47.xxx.xxx,aprovada,0,,129,SP
TXN-001781,2024-01-04 22:42:31,CUST-00024,MERCH-0144,marketplace,318.12,cartao_credito,app_mobile,FP-711568,16.109.xxx.xxx,aprovada,0,,401,MG
TXN-001782,2024-01-20 17:54:21,CUST-00377,MERCH-0127,servicos_digitais,146.58,TED,app_mobile,FP-243266,128.0.xxx.xxx,aprovada,0,,525,DF
TXN-001783,2024-02-17 19:47:35,CUST-00213,MERCH-0129,supermercados,133.89,cartao_credito,app_mobile,FP-201540,209.207.xxx.xxx,aprovada,0,0,73,SC
TXN-001784,2024-02-04 07:49:27,CUST-00548,MERCH-0072,e-commerce,125.09,TED,app_mobile,FP-881038,172.204.xxx.xxx,aprovada,0,,1338,GO
TXN-001785,2024-02-11 21:31:54,CUST-00136,MERCH-0047,e-commerce,81.4,TED,caixa_eletronico,FP-933829,106.182.xxx.xxx,aprovada,0,,157,AP
TXN-001786,2024-02-19 05:43:40,CUST-00554,MERCH-0172,servicos_digitais,3009.98,boleto,API,FP-735950,247.32.xxx.xxx,aprovada,0,,135,AC
TXN-001787,2024-01-30 11:44:19,CUST-00655,MERCH-0060,marketplace,42.56,PIX,internet_banking,FP-138792,159.31.xxx.xxx,aprovada,0,,139,AP
TXN-001788,2024-01-21 23:29:18,CUST-00402,MERCH-0074,e-commerce,52.35,cartao_credito,internet_banking,FP-610868,138.175.xxx.xxx,pendente,0,,142,AP
TXN-001789,2024-02-29 01:58:58,CUST-00536,MERCH-0041,farmacias,252.37,PIX,app_mobile,FP-487469,217.215.xxx.xxx,aprovada,0,,57,MG
TXN-001790,2024-01-30 04:18:59,CUST-00043,MERCH-0051,viagens,140.94,cartao_debito,app_mobile,FP-509000,155.11.xxx.xxx,aprovada,0,,604,ES
TXN-001791,2024-01-18 19:08:21,CUST-00231,MERCH-0154,restaurantes,75.14,cartao_credito,app_mobile,FP-144509,204.149.xxx.xxx,recusada,0,,329,SP
TXN-001792,2024-01-24 04:19:22,CUST-00232,MERCH-0065,utilidades,145.37,PIX,app_mobile,FP-632626,54.102.xxx.xxx,aprovada,0,,487,ES
TXN-001793,2024-02-03 23:41:40,CUST-00149,MERCH-0153,e-commerce,260.5,cartao_credito,app_mobile,FP-781957,183.28.xxx.xxx,aprovada,0,,117,MG
TXN-001794,2024-01-19 10:59:20,CUST-00329,MERCH-0183,outros,1739.12,TED,caixa_eletronico,FP-574313,54.111.xxx.xxx,aprovada,1,1,636,MG
TXN-001795,2024-01-22 17:42:42,CUST-00445,MERCH-0177,e-commerce,71.0,TED,app_mobile,FP-784282,62.213.xxx.xxx,aprovada,1,1,344,GO
TXN-001796,2024-01-20 16:56:42,CUST-00486,MERCH-0097,e-commerce,239.74,TED,app_mobile,FP-163119,16.79.xxx.xxx,aprovada,0,,132,MG
TXN-001797,2024-01-25 05:09:30,CUST-00533,MERCH-0058,restaurantes,0.0,boleto,internet_banking,FP-898917,32.144.xxx.xxx,aprovada,0,,181,PR
TXN-001798,2024-02-04 13:43:15,CUST-00429,MERCH-0097,servicos_digitais,114.74,cartao_debito,app_mobile,FP-576342,95.128.xxx.xxx,aprovada,0,0,71,TO
TXN-001799,2024-02-25 13:49:36,CUST-00523,MERCH-0044,marketplace,136.29,TED,internet_banking,,149.134.xxx.xxx,aprovada,0,,324,SC
TXN-001800,2024-01-20 12:06:04,CUST-00726,MERCH-0177,restaurantes,354.67,boleto,internet_banking,FP-567953,16.139.xxx.xxx,recusada,0,,94,PR
TXN-001801,2024-02-20 06:20:31,CUST-00362,MERCH-0184,marketplace,1406.83,cartao_credito,internet_banking,FP-383447,224.90.xxx.xxx,aprovada,0,,382,PE
TXN-001802,2024-01-30 06:38:48,CUST-00008,MERCH-0143,viagens,844.82,cartao_debito,app_mobile,,183.231.xxx.xxx,aprovada,0,,144,RJ
TXN-001803,2024-01-11 01:24:16,CUST-00477,MERCH-0105,e-commerce,120.88,TED,internet_banking,FP-264479,17.250.xxx.xxx,aprovada,0,,491,PB
TXN-001804,2024-01-07 02:55:56,CUST-00203,MERCH-0107,marketplace,4703.91,cartao_credito,API,,109.86.xxx.xxx,recusada,0,,349,PR
TXN-001805,2024-02-16 13:21:33,CUST-00442,MERCH-0047,utilidades,99.59,TED,API,,167.216.xxx.xxx,aprovada,0,,57,ES
TXN-001806,2024-02-14 16:28:10,CUST-00368,MERCH-0039,restaurantes,399.01,TED,internet_banking,FP-127150,201.96.xxx.xxx,aprovada,0,,92,RJ
TXN-001807,2024-02-16 10:35:43,CUST-00293,MERCH-0017,servicos_digitais,256.02,cartao_credito,app_mobile,FP-449435,22.227.xxx.xxx,aprovada,0,1,125,BA
TXN-001808,2024-02-28 19:26:00,CUST-00684,MERCH-0081,marketplace,659.81,cartao_credito,app_mobile,FP-519690,228.151.xxx.xxx,aprovada,0,0,343,RJ
TXN-001809,2024-01-17 23:23:34,CUST-00712,MERCH-0084,servicos_digitais,151.65,PIX,app_mobile,FP-406429,149.183.xxx.xxx,aprovada,0,,111,ES
TXN-001810,2024-02-05 21:26:31,CUST-00129,MERCH-0050,supermercados,140.17,PIX,app_mobile,FP-746004,131.117.xxx.xxx,recusada,0,,388,SC
TXN-001811,2024-02-26 06:26:42,CUST-00317,MERCH-0106,supermercados,735.43,PIX,internet_banking,FP-691960,36.13.xxx.xxx,recusada,0,0,494,MA
TXN-001812,2024-02-29 19:21:41,CUST-00151,MERCH-0055,restaurantes,325.37,PIX,app_mobile,FP-457772,13.220.xxx.xxx,aprovada,0,,220,DF
TXN-001813,2024-02-16 14:47:09,CUST-00515,MERCH-0158,e-commerce,32.15,PIX,app_mobile,FP-960508,249.20.xxx.xxx,aprovada,0,,144,PI
TXN-001814,2024-02-24 06:07:27,CUST-00446,MERCH-0080,outros,192.82,PIX,internet_banking,FP-106429,222.167.xxx.xxx,aprovada,0,,225,PR
TXN-001815,2024-01-21 12:11:11,CUST-00281,MERCH-0028,utilidades,240.71,TED,API,FP-448518,159.66.xxx.xxx,aprovada,0,,343,CE
TXN-001816,2024-01-05 13:57:56,CUST-00637,MERCH-0095,restaurantes,69.89,PIX,app_mobile,FP-765299,53.203.xxx.xxx,estornada,0,,118,CE
TXN-001817,2024-01-08 23:22:40,CUST-00110,MERCH-0075,postos,1378.05,boleto,internet_banking,FP-762350,217.100.xxx.xxx,aprovada,0,,16,GO
TXN-001818,2024-01-20 01:45:20,CUST-00381,MERCH-0198,postos,622.9,cartao_credito,API,,45.157.xxx.xxx,aprovada,0,,303,SP
TXN-001819,2024-02-18 02:29:42,CUST-00611,MERCH-0104,e-commerce,1339.77,TED,internet_banking,FP-852344,73.16.xxx.xxx,aprovada,0,,434,MS
TXN-001820,2024-01-10 16:24:59,CUST-00297,MERCH-0132,e-commerce,0.0,cartao_debito,app_mobile,FP-827304,102.204.xxx.xxx,aprovada,0,,93,AP
TXN-001821,2024-02-21 12:29:19,CUST-00388,MERCH-0009,utilidades,103.0,PIX,internet_banking,FP-792390,136.73.xxx.xxx,estornada,0,,133,PI
TXN-001822,2024-02-22 20:22:55,CUST-00624,MERCH-0095,e-commerce,193.22,cartao_debito,app_mobile,FP-529406,146.156.xxx.xxx,estornada,0,0,253,SC
TXN-001823,2024-01-19 08:05:29,CUST-00080,MERCH-0082,marketplace,382.39,PIX,internet_banking,FP-205882,63.197.xxx.xxx,aprovada,0,1,153,SC
TXN-001824,2024-01-14 02:57:19,CUST-00112,MERCH-0064,restaurantes,726.09,cartao_credito,internet_banking,FP-438890,216.184.xxx.xxx,aprovada,0,,326,RJ
TXN-001825,2024-02-24 18:10:28,CUST-00709,MERCH-0028,supermercados,77.87,PIX,API,,29.49.xxx.xxx,aprovada,0,,46,PA
TXN-001826,2024-02-09 10:34:06,CUST-00614,MERCH-0100,viagens,1719.53,boleto,app_mobile,FP-849053,145.152.xxx.xxx,recusada,0,,214,RS
TXN-001827,2024-01-03 05:26:00,CUST-00713,MERCH-0167,e-commerce,143.93,cartao_debito,caixa_eletronico,FP-332152,141.98.xxx.xxx,aprovada,0,,60,MG
TXN-001828,2024-02-17 06:00:52,CUST-00768,MERCH-0187,marketplace,1868.02,cartao_debito,app_mobile,FP-459387,187.188.xxx.xxx,aprovada,0,,153,RJ
TXN-001829,2024-01-23 11:16:43,CUST-00557,MERCH-0032,postos,245.88,TED,app_mobile,FP-490784,150.40.xxx.xxx,pendente,0,,160,PR
TXN-001830,2024-02-06 05:26:47,CUST-00087,MERCH-0161,postos,119.11,PIX,app_mobile,FP-607420,51.65.xxx.xxx,aprovada,0,,163,ES
TXN-001831,2024-01-03 04:24:59,CUST-00166,MERCH-0166,utilidades,435.6,cartao_debito,internet_banking,FP-134342,80.171.xxx.xxx,aprovada,0,,63,PB
TXN-001832,2024-02-06 20:52:32,CUST-00781,MERCH-0029,e-commerce,615.79,TED,app_mobile,FP-417055,214.157.xxx.xxx,aprovada,0,,151,ES
TXN-001833,2024-02-06 01:12:46,CUST-00029,MERCH-0170,postos,57.51,boleto,app_mobile,FP-420629,145.238.xxx.xxx,aprovada,0,,79,AL
TXN-001834,2024-01-30 16:22:46,CUST-00447,MERCH-0160,e-commerce,202.37,PIX,app_mobile,FP-568951,181.206.xxx.xxx,aprovada,0,,61,SP
TXN-001835,2024-01-28 10:41:19,CUST-00631,MERCH-0017,supermercados,170.23,PIX,API,FP-954127,208.4.xxx.xxx,aprovada,0,,41,MG
TXN-001836,2024-01-21 09:52:05,CUST-00142,MERCH-0020,servicos_digitais,90.2,PIX,app_mobile,FP-751642,226.241.xxx.xxx,aprovada,0,,200,ES
TXN-001837,2024-02-26 07:35:33,CUST-00735,MERCH-0062,postos,135.9,PIX,app_mobile,FP-618750,31.164.xxx.xxx,aprovada,0,,79,SP
TXN-001838,2024-02-09 03:32:24,CUST-00216,MERCH-0190,utilidades,2727.71,cartao_credito,app_mobile,FP-172550,208.143.xxx.xxx,aprovada,0,,152,SP
TXN-001839,2024-02-14 14:45:44,CUST-00662,MERCH-0072,restaurantes,1104.04,PIX,API,,125.133.xxx.xxx,aprovada,0,,434,SC
TXN-001840,2024-02-09 10:04:50,CUST-00210,MERCH-0118,postos,279.3,boleto,app_mobile,FP-179714,105.34.xxx.xxx,aprovada,0,,89,PB
TXN-001841,2024-02-27 02:25:14,CUST-00296,MERCH-0063,farmacias,518.39,boleto,internet_banking,FP-771704,133.53.xxx.xxx,aprovada,0,,39,SP
TXN-001842,2024-02-04 03:58:57,CUST-00649,MERCH-0122,postos,4718.4,TED,internet_banking,FP-972859,80.191.xxx.xxx,pendente,0,,145,SP
TXN-001843,2024-01-11 03:06:21,CUST-00269,MERCH-0098,e-commerce,91.11,PIX,app_mobile,FP-154805,94.187.xxx.xxx,aprovada,0,,132,MG
TXN-001844,2024-02-11 20:27:57,CUST-00364,MERCH-0130,postos,470.35,boleto,app_mobile,FP-124820,48.65.xxx.xxx,aprovada,0,,116,PR
TXN-001845,2024-02-03 01:19:05,CUST-00386,MERCH-0108,e-commerce,984.85,PIX,caixa_eletronico,FP-343136,113.87.xxx.xxx,aprovada,0,,68,RJ
TXN-001846,2024-01-19 22:40:49,CUST-00638,MERCH-0146,servicos_digitais,191.61,PIX,internet_banking,FP-805719,185.171.xxx.xxx,aprovada,0,,63,MG
TXN-001847,2024-01-26 16:03:59,CUST-00595,MERCH-0104,e-commerce,56.44,boleto,app_mobile,FP-927825,106.73.xxx.xxx,aprovada,0,,727,SP
TXN-001848,2024-01-13 02:21:35,CUST-00323,MERCH-0060,restaurantes,1907.86,cartao_debito,caixa_eletronico,FP-935271,55.138.xxx.xxx,aprovada,0,,300,SP
TXN-001849,2024-01-05 09:26:26,CUST-00702,MERCH-0153,outros,289.82,cartao_debito,app_mobile,FP-693925,50.204.xxx.xxx,recusada,0,,42,RN
TXN-001850,2024-02-15 17:54:31,CUST-00402,MERCH-0053,restaurantes,253.96,cartao_debito,API,,176.77.xxx.xxx,aprovada,0,,60,PA
TXN-001851,2024-01-05 07:04:38,CUST-00344,MERCH-0072,marketplace,185.24,cartao_credito,caixa_eletronico,FP-675551,65.209.xxx.xxx,aprovada,0,,90,RN
TXN-001852,2024-02-15 08:22:56,CUST-00133,MERCH-0077,supermercados,227.25,PIX,internet_banking,FP-504255,157.17.xxx.xxx,aprovada,0,0,279,RJ
TXN-001853,2024-01-26 14:05:14,CUST-00376,MERCH-0009,marketplace,523.59,cartao_debito,app_mobile,FP-580669,237.16.xxx.xxx,aprovada,1,1,327,RJ
TXN-001854,2024-01-27 01:42:06,CUST-00407,MERCH-0150,servicos_digitais,873.28,boleto,caixa_eletronico,FP-435781,193.201.xxx.xxx,aprovada,0,,145,ES
TXN-001855,2024-01-08 11:16:28,CUST-00119,MERCH-0046,servicos_digitais,82.53,cartao_debito,app_mobile,FP-525114,153.149.xxx.xxx,recusada,0,,321,MA
TXN-001856,2024-01-07 20:43:01,CUST-00264,MERCH-0096,supermercados,1182.66,TED,API,,172.132.xxx.xxx,aprovada,0,,135,RJ
TXN-001857,2024-02-24 08:01:23,CUST-00600,MERCH-0121,marketplace,272.12,boleto,app_mobile,FP-766380,29.180.xxx.xxx,aprovada,0,,156,ES
TXN-001858,2024-01-03 06:58:55,CUST-00531,MERCH-0048,supermercados,195.55,PIX,internet_banking,FP-482306,4.103.xxx.xxx,recusada,0,0,569,SC
TXN-001859,2024-01-04 11:04:44,CUST-00574,MERCH-0121,marketplace,53.34,PIX,caixa_eletronico,FP-623051,212.116.xxx.xxx,aprovada,0,,318,MG
TXN-001860,2024-02-18 10:09:44,CUST-00162,MERCH-0102,servicos_digitais,35.66,cartao_credito,app_mobile,FP-635570,55.72.xxx.xxx,aprovada,0,,407,DF
TXN-001861,2024-02-29 09:24:24,CUST-00354,MERCH-0160,supermercados,315.89,cartao_debito,internet_banking,FP-285592,113.75.xxx.xxx,aprovada,0,,75,PA
TXN-001862,2024-01-14 05:06:09,CUST-00266,MERCH-0038,postos,1019.33,PIX,app_mobile,FP-465226,61.74.xxx.xxx,aprovada,0,,236,RJ
TXN-001863,2024-01-25 14:56:11,CUST-00454,MERCH-0018,postos,79.95,PIX,internet_banking,FP-281917,199.151.xxx.xxx,aprovada,0,,72,RJ
TXN-001864,2024-01-01 10:50:33,CUST-00739,MERCH-0102,outros,159.74,boleto,caixa_eletronico,FP-602165,17.47.xxx.xxx,aprovada,0,,214,PR
TXN-001865,2024-01-09 11:20:55,CUST-00727,MERCH-0056,supermercados,182.37,boleto,app_mobile,FP-999387,131.174.xxx.xxx,aprovada,0,,204,RN
TXN-001866,2024-02-26 08:34:25,CUST-00635,MERCH-0190,e-commerce,1226.68,boleto,app_mobile,FP-388084,252.156.xxx.xxx,aprovada,0,,276,CE
TXN-001867,2024-01-01 10:33:23,CUST-00683,MERCH-0108,viagens,979.54,PIX,internet_banking,FP-621615,120.240.xxx.xxx,aprovada,0,,197,RJ
TXN-001868,2024-01-11 10:59:36,CUST-00662,MERCH-0175,servicos_digitais,66.46,cartao_credito,caixa_eletronico,FP-369875,114.104.xxx.xxx,aprovada,0,0,180,RS
TXN-001869,2024-02-24 07:46:21,CUST-00243,MERCH-0054,postos,114.47,cartao_debito,app_mobile,FP-328157,82.218.xxx.xxx,aprovada,0,,51,GO
TXN-001870,2024-02-28 18:47:26,CUST-00080,MERCH-0161,restaurantes,3377.78,cartao_debito,app_mobile,FP-373121,222.108.xxx.xxx,aprovada,0,,113,RS
TXN-001871,2024-02-22 20:48:05,CUST-00421,MERCH-0142,supermercados,487.75,PIX,internet_banking,FP-637103,239.155.xxx.xxx,aprovada,0,,422,CE
TXN-001872,2024-01-09 06:42:40,CUST-00527,MERCH-0083,farmacias,313.56,PIX,API,,26.102.xxx.xxx,aprovada,0,,101,RS
TXN-001873,2024-01-08 22:27:20,CUST-00396,MERCH-0124,farmacias,133.63,TED,app_mobile,FP-971600,61.195.xxx.xxx,aprovada,0,,368,SC
TXN-001874,2024-01-08 13:59:44,CUST-00246,MERCH-0176,e-commerce,0.0,cartao_debito,internet_banking,FP-247248,253.218.xxx.xxx,aprovada,0,0,162,CE
TXN-001875,2024-01-07 07:53:20,CUST-00201,MERCH-0116,restaurantes,1460.79,boleto,internet_banking,FP-685314,99.132.xxx.xxx,aprovada,0,,176,AM
TXN-001876,2024-02-03 10:47:24,CUST-00373,MERCH-0181,marketplace,190.59,PIX,API,FP-385058,13.116.xxx.xxx,aprovada,0,,103,MG
TXN-001877,2024-01-06 13:47:22,CUST-00604,MERCH-0188,supermercados,363.11,PIX,app_mobile,FP-777721,83.82.xxx.xxx,aprovada,0,,41,RJ
TXN-001878,2024-02-17 04:54:34,CUST-00438,MERCH-0159,supermercados,240.06,cartao_credito,API,FP-912878,120.209.xxx.xxx,aprovada,1,,26,RJ
TXN-001879,2024-01-27 04:36:08,CUST-00715,MERCH-0030,marketplace,272.01,cartao_credito,app_mobile,FP-322488,248.175.xxx.xxx,estornada,0,,116,MG
TXN-001880,2024-02-02 17:00:00,CUST-00631,MERCH-0156,supermercados,271.14,cartao_credito,internet_banking,FP-257778,134.170.xxx.xxx,aprovada,0,,488,RJ
TXN-001881,2024-01-22 07:05:48,CUST-00307,MERCH-0009,e-commerce,159.34,cartao_credito,internet_banking,FP-508290,38.159.xxx.xxx,aprovada,0,,92,SC
TXN-001882,2024-02-05 22:17:33,CUST-00797,MERCH-0119,e-commerce,516.95,cartao_credito,internet_banking,FP-938734,209.118.xxx.xxx,aprovada,0,,70,MS
TXN-001883,2024-02-26 13:58:23,CUST-00001,MERCH-0059,e-commerce,346.78,cartao_credito,app_mobile,FP-207526,93.21.xxx.xxx,aprovada,0,0,154,BA
TXN-001884,2024-01-06 02:40:49,CUST-00143,MERCH-0092,supermercados,1083.7,cartao_credito,app_mobile,FP-198217,78.225.xxx.xxx,aprovada,0,,175,RJ
TXN-001885,2024-02-05 22:29:53,CUST-00356,MERCH-0180,postos,3827.09,PIX,internet_banking,FP-670620,73.145.xxx.xxx,aprovada,0,,309,RJ
TXN-001886,2024-02-10 05:34:14,CUST-00748,MERCH-0144,postos,664.88,cartao_debito,app_mobile,FP-143141,31.216.xxx.xxx,aprovada,0,,347,RO
TXN-001887,2024-01-04 23:35:03,CUST-00596,MERCH-0125,marketplace,725.35,cartao_debito,internet_banking,FP-755630,252.99.xxx.xxx,aprovada,0,,422,SP
TXN-001888,2024-01-15 17:51:31,CUST-00561,MERCH-0146,servicos_digitais,5122.73,PIX,API,,136.192.xxx.xxx,aprovada,0,,522,CE
TXN-001889,2024-01-06 21:32:54,CUST-00558,MERCH-0175,e-commerce,694.64,cartao_credito,API,,173.71.xxx.xxx,aprovada,0,,85,MG
TXN-001890,2024-01-27 06:09:07,CUST-00318,MERCH-0116,restaurantes,434.41,boleto,internet_banking,FP-361109,152.200.xxx.xxx,aprovada,0,,149,PA
TXN-001891,2024-01-14 23:17:25,CUST-00638,MERCH-0012,e-commerce,344.78,PIX,internet_banking,,49.186.xxx.xxx,aprovada,0,,182,RJ
TXN-001892,2024-01-09 16:51:18,CUST-00655,MERCH-0056,e-commerce,85.2,cartao_credito,internet_banking,FP-802383,14.91.xxx.xxx,pendente,0,,167,AC
TXN-001893,2024-02-05 03:58:17,CUST-00571,MERCH-0126,supermercados,813.44,cartao_credito,internet_banking,,70.29.xxx.xxx,aprovada,0,,370,AL
TXN-001894,2024-01-14 01:47:53,CUST-00194,MERCH-0200,e-commerce,98.28,cartao_credito,internet_banking,FP-725999,241.123.xxx.xxx,aprovada,0,,220,MA
TXN-001895,2024-01-13 17:48:46,CUST-00499,MERCH-0115,supermercados,193.51,PIX,API,,249.58.xxx.xxx,aprovada,0,0,145,SP
TXN-001896,2024-01-21 12:57:30,CUST-00789,MERCH-0137,marketplace,136.54,PIX,app_mobile,FP-272210,126.146.xxx.xxx,aprovada,0,,27,SC
TXN-001897,2024-02-24 12:53:45,CUST-00356,MERCH-0149,e-commerce,177.03,cartao_debito,app_mobile,FP-860609,84.16.xxx.xxx,pendente,0,,64,MG
TXN-001898,2024-01-21 04:46:11,CUST-00374,MERCH-0090,servicos_digitais,502.14,TED,app_mobile,FP-907034,131.181.xxx.xxx,estornada,0,,124,ES
TXN-001899,2024-02-01 09:14:46,CUST-00680,MERCH-0014,restaurantes,64.9,cartao_debito,app_mobile,FP-911701,149.211.xxx.xxx,aprovada,0,0,523,SC
TXN-001900,2024-02-10 01:57:50,CUST-00340,MERCH-0159,supermercados,190.75,PIX,API,FP-923297,199.153.xxx.xxx,aprovada,0,0,40,RN
TXN-001901,2024-02-18 23:38:30,CUST-00188,MERCH-0162,postos,0.0,cartao_credito,app_mobile,,158.80.xxx.xxx,aprovada,0,,164,RJ
TXN-001902,2024-01-28 08:25:32,CUST-00689,MERCH-0063,marketplace,602.46,cartao_credito,API,,228.150.xxx.xxx,aprovada,0,,112,DF
TXN-001903,2024-02-27 23:58:46,CUST-00690,MERCH-0081,outros,288.14,PIX,caixa_eletronico,FP-338079,85.150.xxx.xxx,aprovada,0,,128,SP
TXN-001904,2024-02-28 06:12:45,CUST-00357,MERCH-0002,viagens,206.36,PIX,internet_banking,,141.45.xxx.xxx,aprovada,0,,225,RJ
TXN-001905,2024-02-28 22:57:53,CUST-00295,MERCH-0014,farmacias,344.04,PIX,API,,173.164.xxx.xxx,aprovada,0,,102,ES
TXN-001906,2024-02-20 11:16:27,CUST-00796,MERCH-0005,marketplace,80.82,boleto,API,,174.150.xxx.xxx,aprovada,0,,83,RN
TXN-001907,2024-02-23 03:02:40,CUST-00477,MERCH-0013,farmacias,543.83,TED,app_mobile,FP-975470,115.238.xxx.xxx,aprovada,0,,185,RN
TXN-001908,2024-02-09 00:32:53,CUST-00699,MERCH-0143,e-commerce,537.1,cartao_credito,internet_banking,FP-428380,251.184.xxx.xxx,aprovada,0,,140,ES
TXN-001909,2024-02-26 14:32:58,CUST-00420,MERCH-0100,restaurantes,442.86,PIX,app_mobile,FP-364060,154.14.xxx.xxx,aprovada,0,,147,MA
TXN-001910,2024-01-17 11:27:05,CUST-00012,MERCH-0182,viagens,507.72,TED,app_mobile,FP-450568,244.240.xxx.xxx,aprovada,0,,482,GO
TXN-001911,2024-02-11 01:56:40,CUST-00677,MERCH-0022,marketplace,267.19,cartao_debito,internet_banking,FP-596555,228.254.xxx.xxx,aprovada,0,,75,DF
TXN-001912,2024-02-29 05:38:50,CUST-00485,MERCH-0021,postos,106.1,cartao_credito,app_mobile,FP-801669,120.50.xxx.xxx,aprovada,0,,36,MS
TXN-001913,2024-02-29 20:02:47,CUST-00497,MERCH-0079,restaurantes,249.13,cartao_credito,internet_banking,FP-953667,184.122.xxx.xxx,aprovada,1,1,185,AL
TXN-001914,2024-01-29 05:52:19,CUST-00036,MERCH-0162,outros,316.03,cartao_credito,app_mobile,FP-239577,71.49.xxx.xxx,aprovada,0,,73,RJ
TXN-001915,2024-01-21 08:25:58,CUST-00283,MERCH-0147,marketplace,61.71,PIX,API,,164.46.xxx.xxx,aprovada,0,,71,SP
TXN-001916,2024-01-16 18:04:40,CUST-00779,MERCH-0074,e-commerce,674.05,cartao_debito,app_mobile,FP-504095,244.231.xxx.xxx,aprovada,1,1,576,AC
TXN-001917,2024-02-02 19:14:52,CUST-00737,MERCH-0186,restaurantes,291.43,PIX,app_mobile,FP-205288,27.122.xxx.xxx,aprovada,0,,166,AP
TXN-001918,2024-02-24 16:51:48,CUST-00136,MERCH-0150,e-commerce,122.98,cartao_credito,app_mobile,FP-247639,91.150.xxx.xxx,aprovada,0,,100,AM
TXN-001919,2024-01-13 04:33:05,CUST-00314,MERCH-0099,restaurantes,174.46,TED,app_mobile,FP-415680,67.156.xxx.xxx,aprovada,0,,64,AL
TXN-001920,2024-01-16 12:56:45,CUST-00326,MERCH-0098,marketplace,261.56,cartao_credito,internet_banking,,144.117.xxx.xxx,aprovada,0,,341,ES
TXN-001921,2024-01-24 01:38:15,CUST-00079,MERCH-0067,outros,729.17,PIX,caixa_eletronico,FP-611365,125.247.xxx.xxx,aprovada,0,,99,ES
TXN-001922,2024-01-12 05:20:02,CUST-00264,MERCH-0174,e-commerce,2097.12,TED,caixa_eletronico,FP-295074,74.243.xxx.xxx,aprovada,0,,110,ES
TXN-001923,2024-02-03 13:09:37,CUST-00495,MERCH-0153,marketplace,48.57,cartao_debito,API,,170.250.xxx.xxx,pendente,1,,93,RS
TXN-001924,2024-02-14 15:58:12,CUST-00656,MERCH-0058,postos,500.54,cartao_credito,internet_banking,FP-732938,72.189.xxx.xxx,aprovada,0,,341,PI
TXN-001925,2024-02-26 03:49:28,CUST-00706,MERCH-0061,supermercados,316.59,cartao_credito,app_mobile,FP-102170,106.130.xxx.xxx,aprovada,0,,46,MT
TXN-001926,2024-01-19 05:06:33,CUST-00201,MERCH-0070,marketplace,662.6,cartao_credito,internet_banking,FP-692557,173.110.xxx.xxx,aprovada,0,,318,TO
TXN-001927,2024-01-03 08:54:02,CUST-00033,MERCH-0057,restaurantes,491.91,PIX,internet_banking,FP-103984,169.254.xxx.xxx,aprovada,0,,64,AC
TXN-001928,2024-02-17 04:19:17,CUST-00030,MERCH-0111,e-commerce,170.71,PIX,API,,78.57.xxx.xxx,pendente,0,,141,RJ
TXN-001929,2024-01-29 05:47:49,CUST-00288,MERCH-0020,restaurantes,184.11,TED,API,FP-189401,24.237.xxx.xxx,aprovada,0,,15,ES
TXN-001930,2024-02-21 22:19:20,CUST-00110,MERCH-0033,e-commerce,213.45,TED,app_mobile,FP-455996,216.241.xxx.xxx,aprovada,0,0,113,GO
TXN-001931,2024-02-03 20:47:35,CUST-00551,MERCH-0141,supermercados,1326.68,TED,internet_banking,FP-769925,210.46.xxx.xxx,aprovada,0,,152,MG
TXN-001932,2024-01-05 14:35:06,CUST-00233,MERCH-0024,utilidades,230.34,PIX,internet_banking,FP-132805,191.105.xxx.xxx,aprovada,0,0,63,ES
TXN-001933,2024-01-04 14:21:00,CUST-00372,MERCH-0040,postos,426.37,cartao_debito,app_mobile,FP-990093,228.201.xxx.xxx,aprovada,0,,146,RO
TXN-001934,2024-02-11 23:47:26,CUST-00079,MERCH-0087,restaurantes,848.03,PIX,app_mobile,FP-994663,228.144.xxx.xxx,aprovada,0,,126,MG
TXN-001935,2024-01-13 04:51:43,CUST-00394,MERCH-0092,e-commerce,149.85,boleto,internet_banking,FP-274195,194.73.xxx.xxx,estornada,0,,93,ES
TXN-001936,2024-01-06 02:33:50,CUST-00546,MERCH-0125,postos,983.58,PIX,app_mobile,FP-213798,110.23.xxx.xxx,pendente,1,1,92,MG
TXN-001937,2024-01-31 20:52:27,CUST-00655,MERCH-0164,marketplace,92.57,PIX,app_mobile,FP-163759,181.212.xxx.xxx,aprovada,0,,67,PA
TXN-001938,2024-02-04 04:54:02,CUST-00379,MERCH-0196,outros,480.84,cartao_debito,API,,198.247.xxx.xxx,aprovada,0,,248,RJ
TXN-001939,2024-01-30 10:35:56,CUST-00060,MERCH-0127,marketplace,117.2,cartao_debito,caixa_eletronico,FP-164729,207.231.xxx.xxx,pendente,0,,32,ES
TXN-001940,2024-02-02 09:13:44,CUST-00110,MERCH-0153,supermercados,166.42,cartao_debito,app_mobile,FP-987216,245.113.xxx.xxx,aprovada,0,,138,MS
TXN-001941,2024-02-24 15:09:00,CUST-00658,MERCH-0099,restaurantes,1100.05,PIX,app_mobile,FP-903600,144.248.xxx.xxx,aprovada,0,,119,RJ
TXN-001942,2024-01-02 22:54:42,CUST-00647,MERCH-0041,e-commerce,478.4,TED,app_mobile,FP-788395,74.36.xxx.xxx,aprovada,1,1,301,SP
TXN-001943,2024-02-20 21:43:53,CUST-00791,MERCH-0118,utilidades,41.8,PIX,app_mobile,FP-973992,118.29.xxx.xxx,aprovada,0,,50,ES
TXN-001944,2024-02-25 10:48:03,CUST-00427,MERCH-0012,servicos_digitais,236.53,TED,internet_banking,FP-738853,234.226.xxx.xxx,aprovada,0,,42,ES
TXN-001945,2024-02-05 23:04:46,CUST-00136,MERCH-0025,restaurantes,419.96,cartao_credito,app_mobile,FP-924645,63.232.xxx.xxx,aprovada,0,,24,AM
TXN-001946,2024-02-08 10:12:03,CUST-00174,MERCH-0010,supermercados,345.36,PIX,API,FP-672580,233.34.xxx.xxx,aprovada,0,,49,SP
TXN-001947,2024-02-12 08:48:58,CUST-00475,MERCH-0199,restaurantes,128.15,boleto,caixa_eletronico,FP-288191,144.76.xxx.xxx,estornada,0,,150,MG
TXN-001948,2024-02-13 07:24:41,CUST-00444,MERCH-0153,e-commerce,579.46,PIX,API,,249.80.xxx.xxx,aprovada,0,,604,CE
TXN-001949,2024-02-01 14:42:07,CUST-00146,MERCH-0085,servicos_digitais,127.62,PIX,internet_banking,FP-408700,37.128.xxx.xxx,aprovada,0,,90,PI
TXN-001950,2024-02-01 02:27:26,CUST-00475,MERCH-0158,marketplace,221.18,TED,API,,61.54.xxx.xxx,recusada,0,,79,ES
TXN-001951,2024-01-18 06:30:21,CUST-00172,MERCH-0077,supermercados,1991.52,cartao_debito,app_mobile,FP-831873,149.197.xxx.xxx,aprovada,0,,72,MS
TXN-001952,2024-01-16 05:02:29,CUST-00648,MERCH-0018,outros,927.71,cartao_credito,caixa_eletronico,FP-369503,203.252.xxx.xxx,pendente,0,,518,MG
TXN-001953,2024-01-30 13:57:54,CUST-00751,MERCH-0163,utilidades,827.07,TED,internet_banking,FP-367037,43.238.xxx.xxx,aprovada,0,,179,RJ
TXN-001954,2024-01-21 20:56:17,CUST-00789,MERCH-0066,e-commerce,220.44,cartao_credito,app_mobile,FP-403595,33.255.xxx.xxx,aprovada,0,,110,SC
TXN-001955,2024-01-19 08:38:45,CUST-00061,MERCH-0107,utilidades,1741.61,PIX,app_mobile,FP-690827,76.183.xxx.xxx,aprovada,0,,383,MA
TXN-001956,2024-01-24 18:11:00,CUST-00341,MERCH-0154,marketplace,109.69,TED,internet_banking,FP-955604,94.247.xxx.xxx,estornada,0,,137,RJ
TXN-001957,2024-01-08 13:43:35,CUST-00627,MERCH-0055,utilidades,287.3,cartao_credito,internet_banking,FP-386603,42.37.xxx.xxx,aprovada,0,,87,ES
TXN-001958,2024-02-06 13:00:44,CUST-00066,MERCH-0191,marketplace,157.14,cartao_debito,API,FP-941460,95.32.xxx.xxx,aprovada,0,0,582,RS
TXN-001959,2024-01-22 10:52:25,CUST-00302,MERCH-0115,e-commerce,159.73,PIX,internet_banking,FP-680501,3.88.xxx.xxx,aprovada,0,,307,SC
TXN-001960,2024-01-10 18:05:01,CUST-00232,MERCH-0122,e-commerce,219.21,PIX,internet_banking,FP-379062,218.95.xxx.xxx,estornada,0,,52,RJ
TXN-001961,2024-02-07 00:52:31,CUST-00264,MERCH-0191,utilidades,4418.32,PIX,app_mobile,FP-843102,186.68.xxx.xxx,aprovada,0,,327,MG
TXN-001962,2024-02-16 01:50:17,CUST-00292,MERCH-0151,marketplace,236.17,cartao_debito,internet_banking,FP-783347,79.170.xxx.xxx,aprovada,0,,72,RJ
TXN-001963,2024-01-28 03:26:12,CUST-00028,MERCH-0122,e-commerce,844.08,PIX,app_mobile,FP-393355,96.106.xxx.xxx,aprovada,0,0,119,MG
TXN-001964,2024-02-07 07:34:12,CUST-00390,MERCH-0188,outros,107.92,boleto,app_mobile,,172.65.xxx.xxx,recusada,0,,76,AC
TXN-001965,2024-02-05 20:22:26,CUST-00655,MERCH-0092,farmacias,221.07,PIX,caixa_eletronico,FP-854337,216.250.xxx.xxx,aprovada,0,,99,AP
TXN-001966,2024-01-21 00:34:17,CUST-00684,MERCH-0087,postos,92.69,PIX,app_mobile,FP-424036,80.112.xxx.xxx,aprovada,0,,320,ES
TXN-001967,2024-02-29 02:04:08,CUST-00701,MERCH-0072,marketplace,582.14,cartao_credito,internet_banking,FP-282562,85.221.xxx.xxx,aprovada,0,,22,MG
TXN-001968,2024-02-11 19:02:49,CUST-00128,MERCH-0137,e-commerce,3139.35,PIX,internet_banking,FP-685477,76.78.xxx.xxx,aprovada,0,,48,SC
TXN-001969,2024-01-05 13:50:35,CUST-00141,MERCH-0165,viagens,131.27,TED,API,FP-996808,189.202.xxx.xxx,aprovada,0,,80,SP
TXN-001970,2024-01-20 22:45:30,CUST-00243,MERCH-0080,e-commerce,124.92,boleto,app_mobile,FP-884877,216.64.xxx.xxx,estornada,1,0,485,DF
TXN-001971,2024-01-25 06:07:47,CUST-00419,MERCH-0169,e-commerce,529.34,cartao_credito,internet_banking,FP-518357,24.102.xxx.xxx,aprovada,1,1,346,RJ
TXN-001972,2024-01-29 06:01:39,CUST-00664,MERCH-0119,supermercados,11.75,cartao_credito,API,FP-900384,230.230.xxx.xxx,aprovada,0,,760,PE
TXN-001973,2024-02-18 16:24:28,CUST-00103,MERCH-0063,marketplace,85.05,TED,app_mobile,FP-448670,117.180.xxx.xxx,aprovada,0,,138,RS
TXN-001974,2024-01-03 06:07:32,CUST-00345,MERCH-0092,farmacias,53.08,boleto,app_mobile,FP-846414,38.218.xxx.xxx,aprovada,0,,42,ES
TXN-001975,2024-01-21 07:26:09,CUST-00753,MERCH-0017,e-commerce,144.35,cartao_credito,app_mobile,FP-807129,193.133.xxx.xxx,aprovada,0,,45,GO
TXN-001976,2024-01-05 20:42:15,CUST-00398,MERCH-0136,e-commerce,252.5,cartao_credito,internet_banking,FP-325993,182.74.xxx.xxx,pendente,0,,385,PR
TXN-001977,2024-02-29 06:13:20,CUST-00109,MERCH-0003,supermercados,218.81,cartao_credito,app_mobile,,134.220.xxx.xxx,aprovada,0,,42,ES
TXN-001978,2024-02-02 09:47:24,CUST-00089,MERCH-0104,e-commerce,307.79,cartao_debito,app_mobile,FP-885870,21.249.xxx.xxx,recusada,0,,532,ES
TXN-001979,2024-01-24 05:35:05,CUST-00119,MERCH-0089,postos,154.74,cartao_credito,caixa_eletronico,FP-615746,109.189.xxx.xxx,aprovada,0,,73,PI
TXN-001980,2024-02-02 18:34:31,CUST-00642,MERCH-0137,e-commerce,115.32,PIX,app_mobile,FP-660992,24.99.xxx.xxx,aprovada,0,,74,RS
TXN-001981,2024-02-15 23:04:43,CUST-00731,MERCH-0166,marketplace,1337.31,cartao_debito,caixa_eletronico,FP-430619,78.129.xxx.xxx,aprovada,0,,189,MS
TXN-001982,2024-02-02 00:46:16,CUST-00131,MERCH-0200,utilidades,906.65,cartao_debito,API,,17.174.xxx.xxx,aprovada,0,,101,SC
TXN-001983,2024-02-24 15:05:08,CUST-00635,MERCH-0126,utilidades,238.18,cartao_credito,app_mobile,FP-273372,87.122.xxx.xxx,aprovada,0,,21,PB
TXN-001984,2024-02-11 03:50:06,CUST-00027,MERCH-0108,postos,1661.66,cartao_debito,API,,196.80.xxx.xxx,recusada,0,,578,SC
TXN-001985,2024-01-23 15:09:14,CUST-00622,MERCH-0009,marketplace,236.04,TED,API,FP-364164,52.240.xxx.xxx,recusada,0,,241,GO
TXN-001986,2024-02-19 15:02:49,CUST-00774,MERCH-0035,marketplace,653.7,cartao_credito,app_mobile,FP-321422,21.5.xxx.xxx,recusada,0,,43,AP
TXN-001987,2024-01-26 21:38:28,CUST-00514,MERCH-0132,supermercados,2235.11,cartao_credito,internet_banking,FP-624886,161.251.xxx.xxx,estornada,0,,143,AC
TXN-001988,2024-01-09 09:48:06,CUST-00614,MERCH-0097,farmacias,150.51,boleto,caixa_eletronico,FP-285513,205.115.xxx.xxx,aprovada,0,,172,RS
TXN-001989,2024-01-20 19:51:58,CUST-00741,MERCH-0139,outros,1171.54,cartao_credito,internet_banking,FP-699053,135.154.xxx.xxx,estornada,0,,365,SC
TXN-001990,2024-01-23 04:00:26,CUST-00657,MERCH-0114,outros,374.07,cartao_credito,API,,25.114.xxx.xxx,estornada,1,1,143,PI
TXN-001991,2024-02-25 07:32:00,CUST-00646,MERCH-0175,farmacias,359.69,cartao_credito,API,FP-156347,78.162.xxx.xxx,aprovada,0,,173,ES
TXN-001992,2024-01-15 18:58:32,CUST-00386,MERCH-0018,e-commerce,97.61,cartao_debito,API,FP-226345,89.101.xxx.xxx,estornada,0,,241,MG
TXN-001993,2024-02-26 21:34:56,CUST-00591,MERCH-0013,viagens,892.75,TED,API,,45.143.xxx.xxx,estornada,0,0,213,MS
TXN-001994,2024-02-17 15:55:45,CUST-00250,MERCH-0161,viagens,527.18,PIX,app_mobile,FP-700146,231.246.xxx.xxx,aprovada,0,,308,ES
TXN-001995,2024-01-29 13:49:55,CUST-00676,MERCH-0182,viagens,1427.16,boleto,internet_banking,FP-603467,197.172.xxx.xxx,aprovada,0,,317,RJ
TXN-001996,2024-01-27 15:29:43,CUST-00745,MERCH-0024,supermercados,153.87,cartao_credito,internet_banking,FP-604809,24.141.xxx.xxx,aprovada,0,,392,AL
TXN-001997,2024-02-12 07:39:46,CUST-00520,MERCH-0119,e-commerce,202.12,cartao_credito,caixa_eletronico,FP-585603,32.91.xxx.xxx,aprovada,0,,143,PR
TXN-001998,2024-01-01 02:25:33,CUST-00490,MERCH-0071,restaurantes,1067.89,cartao_credito,internet_banking,FP-630340,254.148.xxx.xxx,aprovada,0,1,63,SP
TXN-001999,2024-01-04 21:10:40,CUST-00773,MERCH-0189,farmacias,847.76,cartao_credito,app_mobile,FP-996897,139.212.xxx.xxx,aprovada,0,,292,ES
TXN-002000,2024-01-18 07:44:23,CUST-00199,MERCH-0121,e-commerce,41.28,cartao_credito,app_mobile,FP-593289,94.190.xxx.xxx,aprovada,0,,257,MT
TXN-002001,2024-02-07 12:39:37,CUST-00496,MERCH-0089,utilidades,248.13,PIX,internet_banking,FP-371250,20.70.xxx.xxx,estornada,0,,74,MG
TXN-002002,2024-02-13 01:29:44,CUST-00660,MERCH-0169,marketplace,432.68,PIX,internet_banking,FP-102559,52.77.xxx.xxx,aprovada,0,0,48,SP
TXN-002003,2024-02-21 06:44:34,CUST-00734,MERCH-0100,restaurantes,200.23,TED,app_mobile,FP-790002,224.114.xxx.xxx,aprovada,0,,88,PR
TXN-002004,2024-02-11 16:58:28,CUST-00457,MERCH-0089,supermercados,148.68,PIX,internet_banking,FP-320613,143.222.xxx.xxx,aprovada,0,,89,RO
TXN-002005,2024-01-04 14:33:15,CUST-00341,MERCH-0126,supermercados,757.05,cartao_credito,internet_banking,FP-239533,30.12.xxx.xxx,aprovada,0,,84,ES
TXN-002006,2024-02-29 21:15:00,CUST-00609,MERCH-0162,viagens,19.29,PIX,app_mobile,FP-159326,116.206.xxx.xxx,aprovada,0,,58,ES
TXN-002007,2024-02-21 17:27:15,CUST-00078,MERCH-0129,outros,427.03,boleto,app_mobile,FP-696144,59.111.xxx.xxx,pendente,0,,195,RS
TXN-002008,2024-01-14 14:53:23,CUST-00263,MERCH-0028,postos,539.86,PIX,app_mobile,FP-735072,29.209.xxx.xxx,aprovada,0,,104,PE
TXN-002009,2024-02-15 08:26:13,CUST-00271,MERCH-0180,farmacias,230.8,PIX,internet_banking,,120.71.xxx.xxx,aprovada,0,,154,PB
TXN-002010,2024-02-20 22:34:17,CUST-00364,MERCH-0112,servicos_digitais,450.5,cartao_credito,app_mobile,FP-696056,42.137.xxx.xxx,pendente,0,,149,RS
TXN-002011,2024-02-03 11:18:13,CUST-00229,MERCH-0184,viagens,1540.72,cartao_debito,app_mobile,FP-701748,155.227.xxx.xxx,aprovada,0,,209,ES
TXN-002012,2024-01-24 11:48:18,CUST-00332,MERCH-0016,marketplace,37.92,PIX,app_mobile,FP-539850,207.240.xxx.xxx,recusada,0,,725,RJ
TXN-002013,2024-01-11 12:17:22,CUST-00327,MERCH-0112,marketplace,633.74,PIX,internet_banking,FP-262470,195.19.xxx.xxx,aprovada,0,0,289,RN
TXN-002014,2024-01-08 20:27:31,CUST-00633,MERCH-0170,outros,117.61,TED,API,,67.131.xxx.xxx,aprovada,0,,91,PA
TXN-002015,2024-02-22 01:09:51,CUST-00761,MERCH-0115,outros,309.83,TED,caixa_eletronico,FP-318742,241.26.xxx.xxx,aprovada,0,,168,MG
TXN-002016,2024-02-03 21:45:25,CUST-00014,MERCH-0054,viagens,183.51,cartao_credito,app_mobile,FP-923418,17.71.xxx.xxx,aprovada,0,0,194,SP
TXN-002017,2024-01-15 02:29:34,CUST-00544,MERCH-0130,e-commerce,1403.43,TED,internet_banking,FP-107806,200.95.xxx.xxx,aprovada,0,,111,AL
TXN-002018,2024-02-24 08:02:22,CUST-00054,MERCH-0187,outros,72.33,cartao_credito,internet_banking,FP-653954,146.215.xxx.xxx,aprovada,0,,456,MT
TXN-002019,2024-02-04 07:02:10,CUST-00439,MERCH-0014,outros,67.45,cartao_debito,internet_banking,FP-635138,118.156.xxx.xxx,aprovada,0,,88,PA
TXN-002020,2024-02-05 00:31:06,CUST-00111,MERCH-0097,e-commerce,53.43,PIX,caixa_eletronico,FP-970289,93.14.xxx.xxx,aprovada,0,,284,MG
TXN-002021,2024-02-02 00:33:26,CUST-00439,MERCH-0150,supermercados,1061.52,cartao_credito,app_mobile,FP-611195,69.115.xxx.xxx,aprovada,0,,225,AM
TXN-002022,2024-01-09 00:35:10,CUST-00157,MERCH-0152,viagens,1031.31,cartao_credito,internet_banking,FP-543114,233.139.xxx.xxx,aprovada,0,,39,PE
TXN-002023,2024-01-17 08:15:12,CUST-00234,MERCH-0173,e-commerce,47.09,PIX,internet_banking,FP-301480,254.55.xxx.xxx,aprovada,0,,119,SP
TXN-002024,2024-02-21 20:20:10,CUST-00503,MERCH-0047,utilidades,75.5,cartao_credito,app_mobile,FP-260861,206.186.xxx.xxx,aprovada,0,,115,ES
TXN-002025,2024-02-02 09:29:23,CUST-00766,MERCH-0180,utilidades,128.0,PIX,app_mobile,FP-443541,121.190.xxx.xxx,aprovada,0,0,54,SC
TXN-002026,2024-02-02 07:59:43,CUST-00705,MERCH-0183,farmacias,1393.92,PIX,internet_banking,FP-859157,236.54.xxx.xxx,recusada,0,,62,SP
TXN-002027,2024-01-12 01:59:24,CUST-00650,MERCH-0029,outros,2534.91,PIX,app_mobile,,223.208.xxx.xxx,aprovada,0,,107,ES
TXN-002028,2024-01-29 04:54:04,CUST-00371,MERCH-0128,utilidades,2440.51,TED,app_mobile,FP-750871,228.180.xxx.xxx,aprovada,0,,39,MG
TXN-002029,2024-01-23 14:54:36,CUST-00136,MERCH-0131,utilidades,84.67,cartao_debito,caixa_eletronico,FP-212949,135.200.xxx.xxx,recusada,0,,93,AC
TXN-002030,2024-02-22 04:27:27,CUST-00344,MERCH-0174,outros,65.48,cartao_credito,caixa_eletronico,FP-219204,209.55.xxx.xxx,estornada,0,,104,AL
TXN-002031,2024-02-14 07:07:02,CUST-00315,MERCH-0192,outros,107.54,cartao_debito,app_mobile,FP-179841,157.208.xxx.xxx,aprovada,0,,100,AC
TXN-002032,2024-01-31 11:52:52,CUST-00221,MERCH-0116,viagens,265.71,cartao_credito,app_mobile,FP-702623,161.214.xxx.xxx,aprovada,0,,141,ES
TXN-002033,2024-02-07 08:48:05,CUST-00057,MERCH-0010,e-commerce,118.12,cartao_credito,internet_banking,FP-428443,20.64.xxx.xxx,aprovada,0,,66,MS
TXN-002034,2024-01-07 11:21:31,CUST-00007,MERCH-0098,outros,97.96,cartao_credito,app_mobile,FP-419067,79.166.xxx.xxx,aprovada,0,,301,MG
TXN-002035,2024-01-27 19:20:02,CUST-00098,MERCH-0109,farmacias,136.41,cartao_credito,app_mobile,FP-107555,186.45.xxx.xxx,pendente,0,,63,AM
TXN-002036,2024-01-10 21:59:10,CUST-00658,MERCH-0177,restaurantes,133.69,PIX,app_mobile,FP-912439,49.249.xxx.xxx,aprovada,0,0,71,ES
TXN-002037,2024-01-08 13:29:06,CUST-00744,MERCH-0098,servicos_digitais,80.57,cartao_debito,internet_banking,FP-246717,220.239.xxx.xxx,recusada,0,,455,SP
TXN-002038,2024-01-02 16:44:41,CUST-00467,MERCH-0032,servicos_digitais,394.81,cartao_credito,app_mobile,FP-636478,22.245.xxx.xxx,aprovada,0,,323,ES
TXN-002039,2024-01-21 01:42:46,CUST-00171,MERCH-0012,servicos_digitais,543.7,PIX,app_mobile,,119.119.xxx.xxx,aprovada,0,,415,ES
TXN-002040,2024-01-26 06:15:15,CUST-00375,MERCH-0197,supermercados,2154.17,PIX,caixa_eletronico,FP-304198,174.177.xxx.xxx,aprovada,0,,55,RN
TXN-002041,2024-01-03 11:25:21,CUST-00064,MERCH-0023,restaurantes,137.39,cartao_debito,internet_banking,FP-220013,235.198.xxx.xxx,aprovada,0,,241,SP
TXN-002042,2024-01-31 03:26:56,CUST-00430,MERCH-0110,viagens,156.41,boleto,API,,139.93.xxx.xxx,aprovada,0,,168,RJ
TXN-002043,2024-01-30 04:28:36,CUST-00587,MERCH-0160,postos,370.46,boleto,internet_banking,FP-484007,81.52.xxx.xxx,aprovada,0,,64,MG
TXN-002044,2024-02-03 16:42:00,CUST-00434,MERCH-0180,servicos_digitais,346.39,PIX,app_mobile,FP-924208,54.134.xxx.xxx,estornada,0,,290,RJ
TXN-002045,2024-02-02 04:33:33,CUST-00693,MERCH-0052,servicos_digitais,687.58,cartao_debito,internet_banking,FP-258010,96.146.xxx.xxx,aprovada,0,,99,MT
TXN-002046,2024-01-28 19:39:34,CUST-00697,MERCH-0147,servicos_digitais,1208.89,TED,caixa_eletronico,FP-870563,252.77.xxx.xxx,aprovada,0,,141,SC
TXN-002047,2024-01-02 16:02:39,CUST-00108,MERCH-0094,supermercados,429.21,cartao_credito,app_mobile,FP-952633,107.114.xxx.xxx,aprovada,0,,408,RO
TXN-002048,2024-01-13 22:02:59,CUST-00237,MERCH-0028,farmacias,131.61,boleto,app_mobile,,83.63.xxx.xxx,aprovada,0,,145,SE
TXN-002049,2024-01-08 14:48:12,CUST-00034,MERCH-0048,restaurantes,89.89,cartao_debito,caixa_eletronico,FP-819467,101.97.xxx.xxx,aprovada,0,,82,AP
TXN-002050,2024-01-19 06:43:03,CUST-00723,MERCH-0052,e-commerce,187.82,cartao_credito,API,,76.174.xxx.xxx,aprovada,0,,259,AL
TXN-002051,2024-01-16 16:39:07,CUST-00797,MERCH-0174,restaurantes,87.58,PIX,app_mobile,,157.221.xxx.xxx,aprovada,0,,36,MT
TXN-002052,2024-02-25 07:02:20,CUST-00402,MERCH-0175,supermercados,1605.64,cartao_debito,internet_banking,FP-281744,61.42.xxx.xxx,aprovada,0,0,63,RO
TXN-002053,2024-02-01 17:39:45,CUST-00507,MERCH-0052,supermercados,1198.11,TED,app_mobile,FP-236907,130.205.xxx.xxx,aprovada,0,,100,AC
TXN-002054,2024-01-27 01:50:34,CUST-00764,MERCH-0022,marketplace,454.37,PIX,app_mobile,FP-983292,119.105.xxx.xxx,aprovada,0,,726,PR
TXN-002055,2024-01-02 18:25:20,CUST-00081,MERCH-0143,postos,81.86,TED,app_mobile,FP-706303,196.169.xxx.xxx,pendente,0,,304,MG
TXN-002056,2024-01-16 15:24:21,CUST-00262,MERCH-0182,marketplace,64.84,PIX,app_mobile,FP-554286,12.217.xxx.xxx,recusada,0,0,185,SP
TXN-002057,2024-02-25 18:05:31,CUST-00049,MERCH-0078,utilidades,322.64,cartao_credito,internet_banking,FP-475676,202.30.xxx.xxx,aprovada,0,0,235,GO
TXN-002058,2024-01-16 16:25:59,CUST-00280,MERCH-0044,outros,535.55,cartao_credito,API,,35.163.xxx.xxx,recusada,0,,102,MA
TXN-002059,2024-02-08 15:01:36,CUST-00742,MERCH-0162,e-commerce,265.82,PIX,app_mobile,FP-348816,238.204.xxx.xxx,aprovada,0,,77,MS
TXN-002060,2024-02-25 04:26:46,CUST-00020,MERCH-0200,e-commerce,1762.07,cartao_debito,app_mobile,,206.249.xxx.xxx,aprovada,1,0,167,SC
TXN-002061,2024-01-24 23:10:21,CUST-00446,MERCH-0088,postos,676.25,boleto,caixa_eletronico,FP-561228,15.69.xxx.xxx,aprovada,0,,119,SC
TXN-002062,2024-01-23 21:08:59,CUST-00663,MERCH-0023,farmacias,172.57,cartao_debito,app_mobile,,30.165.xxx.xxx,aprovada,0,0,103,GO
TXN-002063,2024-01-27 08:53:30,CUST-00426,MERCH-0075,farmacias,58.17,PIX,API,FP-265552,37.211.xxx.xxx,estornada,0,,260,RJ
TXN-002064,2024-02-25 04:26:47,CUST-00319,MERCH-0128,e-commerce,957.37,PIX,caixa_eletronico,FP-539053,226.100.xxx.xxx,aprovada,0,,25,RJ
TXN-002065,2024-01-21 15:15:42,CUST-00139,MERCH-0184,e-commerce,76.9,TED,app_mobile,FP-695723,55.130.xxx.xxx,aprovada,0,,106,ES
TXN-002066,2024-01-22 11:26:52,CUST-00657,MERCH-0189,postos,147.14,PIX,internet_banking,FP-142896,40.157.xxx.xxx,aprovada,0,,126,SE
TXN-002067,2024-01-03 00:46:52,CUST-00650,MERCH-0161,outros,370.07,cartao_credito,internet_banking,FP-533493,240.152.xxx.xxx,aprovada,0,,383,RJ
TXN-002068,2024-01-31 10:01:20,CUST-00268,MERCH-0111,outros,350.01,PIX,internet_banking,FP-602626,162.95.xxx.xxx,aprovada,0,,92,SP
TXN-002069,2024-02-29 17:10:05,CUST-00500,MERCH-0116,servicos_digitais,275.7,cartao_credito,API,,107.247.xxx.xxx,aprovada,0,0,484,PE
TXN-002070,2024-01-12 14:45:19,CUST-00361,MERCH-0054,marketplace,64.85,cartao_debito,app_mobile,FP-442129,250.76.xxx.xxx,aprovada,0,,136,RJ
TXN-002071,2024-01-07 22:54:47,CUST-00414,MERCH-0095,marketplace,971.61,PIX,app_mobile,FP-299218,41.172.xxx.xxx,aprovada,0,,153,AL
TXN-002072,2024-02-11 02:57:59,CUST-00045,MERCH-0189,supermercados,1735.67,PIX,caixa_eletronico,FP-898385,189.36.xxx.xxx,recusada,1,1,544,SP
TXN-002073,2024-02-05 05:00:29,CUST-00541,MERCH-0161,restaurantes,2121.62,cartao_credito,internet_banking,FP-587270,40.75.xxx.xxx,aprovada,0,,60,RJ
TXN-002074,2024-02-04 21:24:09,CUST-00633,MERCH-0063,e-commerce,501.43,cartao_credito,API,,155.80.xxx.xxx,aprovada,0,,163,RR
TXN-002075,2024-02-27 14:09:17,CUST-00134,MERCH-0176,servicos_digitais,686.26,cartao_credito,caixa_eletronico,FP-455265,118.138.xxx.xxx,aprovada,0,0,66,SP
TXN-002076,2024-01-30 00:09:55,CUST-00571,MERCH-0152,servicos_digitais,249.9,cartao_debito,app_mobile,FP-110587,195.2.xxx.xxx,aprovada,0,,188,CE
TXN-002077,2024-01-08 07:50:23,CUST-00773,MERCH-0001,viagens,128.84,cartao_debito,internet_banking,FP-393144,147.173.xxx.xxx,estornada,0,,93,RJ
TXN-002078,2024-01-17 03:01:18,CUST-00605,MERCH-0196,supermercados,156.25,cartao_credito,API,FP-806921,97.109.xxx.xxx,pendente,0,,381,MG
TXN-002079,2024-02-02 01:59:30,CUST-00539,MERCH-0027,outros,367.59,PIX,API,,231.163.xxx.xxx,aprovada,0,0,94,RJ
TXN-002080,2024-02-10 05:36:44,CUST-00180,MERCH-0137,utilidades,410.24,TED,app_mobile,FP-941455,111.119.xxx.xxx,aprovada,0,,83,DF
TXN-002081,2024-02-12 02:39:28,CUST-00285,MERCH-0026,farmacias,227.37,cartao_debito,caixa_eletronico,FP-972466,155.51.xxx.xxx,aprovada,0,,719,PR
TXN-002082,2024-02-23 11:43:18,CUST-00101,MERCH-0095,postos,185.85,PIX,app_mobile,FP-923583,152.203.xxx.xxx,aprovada,0,0,584,MG
TXN-002083,2024-01-24 12:40:29,CUST-00144,MERCH-0116,postos,240.79,PIX,app_mobile,FP-288820,119.140.xxx.xxx,aprovada,0,,591,ES
TXN-002084,2024-01-20 07:08:21,CUST-00631,MERCH-0023,servicos_digitais,458.13,cartao_debito,app_mobile,FP-878087,184.130.xxx.xxx,aprovada,0,,60,SP
TXN-002085,2024-01-21 22:19:01,CUST-00097,MERCH-0024,e-commerce,253.0,PIX,app_mobile,FP-345433,6.140.xxx.xxx,recusada,0,,72,MT
TXN-002086,2024-01-22 11:07:07,CUST-00423,MERCH-0156,marketplace,337.64,boleto,caixa_eletronico,FP-107583,16.132.xxx.xxx,aprovada,1,0,186,GO
TXN-002087,2024-02-07 18:17:16,CUST-00454,MERCH-0103,utilidades,390.42,PIX,app_mobile,FP-533861,80.69.xxx.xxx,aprovada,0,,70,ES
TXN-002088,2024-01-07 21:06:35,CUST-00536,MERCH-0066,supermercados,323.02,cartao_debito,internet_banking,FP-249091,218.158.xxx.xxx,aprovada,0,0,284,RJ
TXN-002089,2024-02-09 04:47:22,CUST-00201,MERCH-0076,e-commerce,16.06,cartao_credito,internet_banking,FP-834874,41.99.xxx.xxx,pendente,0,0,157,TO
TXN-002090,2024-01-14 00:38:58,CUST-00449,MERCH-0065,e-commerce,282.51,cartao_debito,app_mobile,FP-787040,14.156.xxx.xxx,aprovada,0,,66,SE
TXN-002091,2024-02-03 15:18:40,CUST-00398,MERCH-0118,postos,421.22,boleto,app_mobile,FP-931211,242.57.xxx.xxx,aprovada,0,,299,SC
TXN-002092,2024-02-21 02:45:22,CUST-00642,MERCH-0105,servicos_digitais,431.29,PIX,app_mobile,FP-455543,36.176.xxx.xxx,aprovada,0,0,85,PR
TXN-002093,2024-02-19 19:59:36,CUST-00622,MERCH-0172,restaurantes,173.96,cartao_debito,caixa_eletronico,FP-300464,193.5.xxx.xxx,aprovada,0,,407,GO
TXN-002094,2024-02-22 10:43:29,CUST-00508,MERCH-0145,postos,427.83,PIX,API,,4.143.xxx.xxx,recusada,1,,109,ES
TXN-002095,2024-02-25 01:46:56,CUST-00754,MERCH-0001,restaurantes,58.82,PIX,API,,141.250.xxx.xxx,aprovada,0,0,177,SC
TXN-002096,2024-02-28 10:26:35,CUST-00473,MERCH-0148,supermercados,308.31,PIX,app_mobile,FP-302272,197.215.xxx.xxx,pendente,0,,43,ES
TXN-002097,2024-01-08 17:18:20,CUST-00425,MERCH-0182,farmacias,479.89,PIX,API,,106.153.xxx.xxx,aprovada,0,,113,SP
TXN-002098,2024-02-29 14:59:12,CUST-00554,MERCH-0067,farmacias,395.65,cartao_debito,internet_banking,FP-566254,193.241.xxx.xxx,aprovada,0,,106,RR
TXN-002099,2024-02-11 17:52:18,CUST-00330,MERCH-0138,e-commerce,2747.34,PIX,caixa_eletronico,FP-504177,114.188.xxx.xxx,aprovada,0,,305,SP
TXN-002100,2024-01-07 01:01:12,CUST-00473,MERCH-0071,farmacias,148.72,PIX,internet_banking,FP-928101,138.158.xxx.xxx,recusada,0,,353,SP
TXN-002101,2024-02-07 21:43:28,CUST-00300,MERCH-0193,e-commerce,2418.38,cartao_debito,app_mobile,FP-270454,124.116.xxx.xxx,aprovada,0,,45,RJ
TXN-002102,2024-02-08 12:32:10,CUST-00318,MERCH-0144,restaurantes,321.97,PIX,API,,206.96.xxx.xxx,aprovada,0,,165,AM
TXN-002103,2024-02-25 10:50:29,CUST-00739,MERCH-0120,restaurantes,929.1,boleto,internet_banking,FP-223839,24.20.xxx.xxx,aprovada,0,,65,RS
TXN-002104,2024-01-07 16:41:20,CUST-00137,MERCH-0195,e-commerce,32.19,boleto,internet_banking,FP-837125,88.191.xxx.xxx,pendente,0,,35,SP
TXN-002105,2024-02-07 02:40:31,CUST-00787,MERCH-0048,restaurantes,653.91,PIX,API,,82.91.xxx.xxx,aprovada,0,,94,BA
TXN-002106,2024-01-23 00:32:49,CUST-00121,MERCH-0040,restaurantes,223.59,cartao_credito,internet_banking,FP-737364,50.72.xxx.xxx,pendente,0,,120,MG
TXN-002107,2024-02-06 11:53:31,CUST-00278,MERCH-0130,postos,117.77,cartao_debito,app_mobile,FP-688831,155.18.xxx.xxx,aprovada,0,,130,MG
TXN-002108,2024-02-12 14:55:03,CUST-00347,MERCH-0068,supermercados,113.86,TED,app_mobile,FP-988627,168.185.xxx.xxx,aprovada,0,,44,ES
TXN-002109,2024-02-21 11:40:36,CUST-00493,MERCH-0125,postos,84.94,PIX,internet_banking,FP-527387,200.100.xxx.xxx,aprovada,0,0,61,SP
TXN-002110,2024-01-18 09:13:45,CUST-00450,MERCH-0098,supermercados,491.16,cartao_credito,API,,73.89.xxx.xxx,aprovada,0,,42,PI
TXN-002111,2024-01-18 00:48:42,CUST-00414,MERCH-0104,e-commerce,564.07,PIX,app_mobile,FP-462952,60.43.xxx.xxx,recusada,0,0,207,PB
TXN-002112,2024-02-18 17:16:51,CUST-00631,MERCH-0110,restaurantes,1652.11,cartao_debito,app_mobile,FP-770041,65.223.xxx.xxx,aprovada,0,,142,SP
TXN-002113,2024-02-03 23:24:42,CUST-00756,MERCH-0048,supermercados,451.69,cartao_debito,internet_banking,FP-240219,68.197.xxx.xxx,aprovada,0,,293,MG
TXN-002114,2024-01-31 19:03:09,CUST-00201,MERCH-0055,e-commerce,767.47,cartao_debito,app_mobile,FP-162771,37.42.xxx.xxx,aprovada,0,0,323,AP
TXN-002115,2024-01-31 14:06:25,CUST-00454,MERCH-0039,servicos_digitais,234.88,TED,app_mobile,FP-735882,18.96.xxx.xxx,aprovada,0,,112,RJ
TXN-002116,2024-01-26 11:59:02,CUST-00744,MERCH-0133,restaurantes,450.73,PIX,internet_banking,FP-244922,148.232.xxx.xxx,recusada,0,,217,ES
TXN-002117,2024-01-14 22:41:42,CUST-00641,MERCH-0158,marketplace,264.96,PIX,caixa_eletronico,FP-498041,103.14.xxx.xxx,aprovada,0,,246,SP
TXN-002118,2024-01-29 06:06:48,CUST-00436,MERCH-0046,farmacias,284.71,boleto,internet_banking,FP-415128,100.124.xxx.xxx,estornada,0,,194,RJ
TXN-002119,2024-02-14 12:27:24,CUST-00177,MERCH-0037,marketplace,35.27,PIX,internet_banking,FP-888417,19.174.xxx.xxx,aprovada,0,,115,AL
TXN-002120,2024-01-28 01:51:22,CUST-00522,MERCH-0126,e-commerce,173.12,PIX,app_mobile,FP-573980,128.243.xxx.xxx,aprovada,0,,123,RJ
TXN-002121,2024-02-15 01:53:01,CUST-00294,MERCH-0109,supermercados,223.76,PIX,app_mobile,FP-181398,199.31.xxx.xxx,aprovada,0,,178,PB
TXN-002122,2024-01-26 00:06:50,CUST-00363,MERCH-0088,marketplace,234.82,cartao_credito,API,,109.142.xxx.xxx,aprovada,0,,79,RJ
TXN-002123,2024-01-08 18:14:56,CUST-00140,MERCH-0158,e-commerce,246.53,boleto,app_mobile,FP-600365,140.61.xxx.xxx,aprovada,0,,129,MG
TXN-002124,2024-01-06 16:18:02,CUST-00462,MERCH-0048,farmacias,1329.43,cartao_credito,internet_banking,FP-847506,210.175.xxx.xxx,recusada,0,,68,ES
TXN-002125,2024-02-06 07:09:55,CUST-00113,MERCH-0011,servicos_digitais,272.04,cartao_credito,app_mobile,FP-943397,76.162.xxx.xxx,aprovada,0,,576,MG
TXN-002126,2024-02-19 20:39:22,CUST-00381,MERCH-0174,marketplace,294.39,PIX,app_mobile,FP-241810,97.97.xxx.xxx,aprovada,0,,369,SP
TXN-002127,2024-02-28 19:56:37,CUST-00073,MERCH-0008,e-commerce,1521.25,TED,app_mobile,FP-534301,240.157.xxx.xxx,aprovada,0,,197,MG
TXN-002128,2024-01-12 08:37:47,CUST-00746,MERCH-0062,supermercados,37.3,TED,internet_banking,FP-709380,86.13.xxx.xxx,aprovada,0,,131,AC
TXN-002129,2024-01-04 21:24:46,CUST-00005,MERCH-0011,supermercados,73.8,PIX,app_mobile,FP-853405,92.196.xxx.xxx,aprovada,0,,93,SP
TXN-002130,2024-01-12 07:32:55,CUST-00458,MERCH-0120,servicos_digitais,214.32,PIX,app_mobile,FP-743667,185.51.xxx.xxx,recusada,0,,294,RS
TXN-002131,2024-02-09 02:48:12,CUST-00060,MERCH-0051,supermercados,332.45,cartao_debito,internet_banking,,213.178.xxx.xxx,aprovada,0,,57,ES
TXN-002132,2024-02-03 22:19:38,CUST-00063,MERCH-0191,e-commerce,330.45,boleto,API,FP-535875,97.239.xxx.xxx,aprovada,0,,63,PE
TXN-002133,2024-01-27 23:54:37,CUST-00123,MERCH-0126,e-commerce,211.96,cartao_debito,app_mobile,,122.123.xxx.xxx,aprovada,1,,62,GO
TXN-002134,2024-02-22 15:23:22,CUST-00679,MERCH-0054,restaurantes,476.62,PIX,app_mobile,FP-146560,30.175.xxx.xxx,aprovada,0,,162,ES
TXN-002135,2024-01-08 14:56:05,CUST-00448,MERCH-0032,e-commerce,1781.18,cartao_credito,app_mobile,FP-775409,188.137.xxx.xxx,aprovada,0,,531,RJ
TXN-002136,2024-01-09 06:37:41,CUST-00592,MERCH-0058,marketplace,394.99,PIX,API,,180.177.xxx.xxx,aprovada,0,0,149,DF
TXN-002137,2024-02-02 20:41:03,CUST-00791,MERCH-0050,farmacias,30.95,PIX,internet_banking,FP-663613,72.140.xxx.xxx,aprovada,0,,75,SP
TXN-002138,2024-01-09 12:12:54,CUST-00555,MERCH-0080,marketplace,2872.05,TED,API,,244.206.xxx.xxx,aprovada,0,,119,SP
TXN-002139,2024-01-25 05:37:07,CUST-00460,MERCH-0012,marketplace,52.27,cartao_credito,internet_banking,FP-966358,145.249.xxx.xxx,aprovada,0,,276,RJ
TXN-002140,2024-02-16 15:38:13,CUST-00664,MERCH-0001,farmacias,801.16,TED,caixa_eletronico,,30.222.xxx.xxx,aprovada,0,,46,PI
TXN-002141,2024-01-09 05:55:58,CUST-00103,MERCH-0124,servicos_digitais,784.24,cartao_credito,app_mobile,FP-330030,93.121.xxx.xxx,aprovada,0,,205,RS
TXN-002142,2024-02-26 03:25:40,CUST-00269,MERCH-0056,utilidades,136.31,boleto,internet_banking,FP-388211,205.195.xxx.xxx,aprovada,0,,76,SP
TXN-002143,2024-02-25 16:05:07,CUST-00582,MERCH-0199,restaurantes,302.64,TED,app_mobile,FP-357543,66.148.xxx.xxx,aprovada,0,,173,AL
TXN-002144,2024-02-24 03:07:29,CUST-00298,MERCH-0042,utilidades,1074.96,PIX,app_mobile,FP-949469,233.226.xxx.xxx,pendente,0,0,40,RJ
TXN-002145,2024-02-16 00:06:07,CUST-00396,MERCH-0126,e-commerce,142.96,boleto,internet_banking,FP-622301,80.163.xxx.xxx,recusada,0,,202,PR
TXN-002146,2024-02-21 07:24:43,CUST-00655,MERCH-0071,e-commerce,1676.01,cartao_credito,app_mobile,FP-367665,235.4.xxx.xxx,recusada,0,,187,TO
TXN-002147,2024-02-24 05:34:07,CUST-00364,MERCH-0074,utilidades,213.26,cartao_credito,internet_banking,FP-540932,244.147.xxx.xxx,aprovada,0,,317,PR
TXN-002148,2024-02-25 16:08:29,CUST-00575,MERCH-0102,utilidades,421.74,TED,internet_banking,FP-564654,80.249.xxx.xxx,pendente,0,,87,SP
TXN-002149,2024-01-12 12:35:28,CUST-00705,MERCH-0137,restaurantes,157.25,cartao_credito,internet_banking,FP-496990,140.36.xxx.xxx,aprovada,0,,311,ES
TXN-002150,2024-01-16 07:45:52,CUST-00581,MERCH-0163,viagens,737.13,boleto,API,FP-929689,76.217.xxx.xxx,aprovada,0,,682,MG
TXN-002151,2024-02-12 02:33:35,CUST-00503,MERCH-0188,supermercados,910.05,cartao_credito,caixa_eletronico,FP-301475,168.127.xxx.xxx,recusada,0,,39,RJ
TXN-002152,2024-01-10 01:29:16,CUST-00708,MERCH-0014,utilidades,303.57,cartao_credito,app_mobile,FP-671079,232.188.xxx.xxx,aprovada,0,,76,PI
TXN-002153,2024-02-02 06:14:42,CUST-00004,MERCH-0004,supermercados,38.73,TED,internet_banking,FP-913411,174.80.xxx.xxx,estornada,0,,83,ES
TXN-002154,2024-02-19 17:12:13,CUST-00057,MERCH-0154,supermercados,293.38,PIX,caixa_eletronico,,33.96.xxx.xxx,recusada,0,,86,MT
TXN-002155,2024-01-08 15:28:05,CUST-00640,MERCH-0074,supermercados,188.49,cartao_debito,API,,32.57.xxx.xxx,aprovada,0,,306,MT
TXN-002156,2024-01-20 14:47:12,CUST-00263,MERCH-0179,farmacias,101.35,cartao_credito,API,FP-287170,69.5.xxx.xxx,aprovada,0,,44,SE
TXN-002157,2024-02-13 13:49:45,CUST-00435,MERCH-0069,e-commerce,250.95,cartao_credito,internet_banking,FP-700067,206.81.xxx.xxx,recusada,0,,454,AL
TXN-002158,2024-01-03 04:04:57,CUST-00685,MERCH-0080,e-commerce,523.39,PIX,app_mobile,FP-764788,24.242.xxx.xxx,aprovada,1,,324,PE
TXN-002159,2024-02-05 08:40:50,CUST-00354,MERCH-0107,marketplace,946.73,PIX,API,FP-191357,90.210.xxx.xxx,recusada,0,,79,PA
TXN-002160,2024-02-19 09:59:22,CUST-00316,MERCH-0082,postos,143.38,PIX,app_mobile,,252.44.xxx.xxx,recusada,0,,496,AM
TXN-002161,2024-02-11 10:59:20,CUST-00629,MERCH-0054,servicos_digitais,225.9,cartao_debito,internet_banking,FP-458797,39.140.xxx.xxx,aprovada,0,,220,MG
TXN-002162,2024-01-21 23:29:08,CUST-00324,MERCH-0011,postos,412.91,PIX,app_mobile,FP-318799,154.78.xxx.xxx,pendente,0,,60,MT
TXN-002163,2024-01-04 08:28:49,CUST-00051,MERCH-0200,marketplace,13.79,cartao_credito,app_mobile,FP-641533,68.241.xxx.xxx,aprovada,0,,203,RJ
TXN-002164,2024-01-10 05:31:01,CUST-00621,MERCH-0033,outros,1478.41,cartao_credito,app_mobile,FP-240609,224.219.xxx.xxx,aprovada,0,,218,RJ
TXN-002165,2024-01-21 13:47:20,CUST-00788,MERCH-0168,e-commerce,77.62,PIX,app_mobile,FP-221569,107.252.xxx.xxx,aprovada,0,,250,PR
TXN-002166,2024-01-09 06:57:06,CUST-00504,MERCH-0181,e-commerce,659.03,PIX,API,,188.107.xxx.xxx,aprovada,0,,107,SC
TXN-002167,2024-02-14 16:49:25,CUST-00557,MERCH-0184,viagens,744.74,cartao_credito,API,,65.53.xxx.xxx,pendente,0,,172,SC
TXN-002168,2024-02-22 06:14:10,CUST-00625,MERCH-0025,e-commerce,92.21,cartao_debito,app_mobile,FP-726935,125.2.xxx.xxx,aprovada,0,,271,SE
TXN-002169,2024-01-16 18:22:14,CUST-00734,MERCH-0143,marketplace,70.9,PIX,app_mobile,FP-882361,21.81.xxx.xxx,aprovada,0,,556,RS
TXN-002170,2024-02-03 16:58:01,CUST-00489,MERCH-0070,restaurantes,505.89,PIX,internet_banking,,118.153.xxx.xxx,aprovada,0,,232,GO
TXN-002171,2024-01-24 22:54:23,CUST-00593,MERCH-0096,restaurantes,959.52,PIX,caixa_eletronico,FP-486971,82.2.xxx.xxx,aprovada,0,,40,ES
TXN-002172,2024-01-14 05:34:51,CUST-00506,MERCH-0046,viagens,349.8,cartao_credito,internet_banking,FP-208560,181.219.xxx.xxx,aprovada,0,,135,ES
TXN-002173,2024-01-28 16:42:02,CUST-00628,MERCH-0194,supermercados,195.92,cartao_debito,app_mobile,FP-106088,83.217.xxx.xxx,aprovada,0,,400,AL
TXN-002174,2024-02-16 00:20:26,CUST-00022,MERCH-0149,restaurantes,253.74,cartao_credito,internet_banking,FP-756529,30.2.xxx.xxx,recusada,0,,78,RJ
TXN-002175,2024-02-17 16:22:44,CUST-00266,MERCH-0149,supermercados,222.76,PIX,internet_banking,FP-123855,4.85.xxx.xxx,aprovada,0,,237,RJ
TXN-002176,2024-02-21 00:20:31,CUST-00525,MERCH-0111,marketplace,472.07,cartao_credito,internet_banking,FP-981579,44.153.xxx.xxx,recusada,1,0,140,ES
TXN-002177,2024-01-11 06:32:04,CUST-00503,MERCH-0131,servicos_digitais,148.12,PIX,app_mobile,FP-713975,95.82.xxx.xxx,pendente,0,,73,MG
TXN-002178,2024-02-19 12:54:42,CUST-00662,MERCH-0200,farmacias,134.06,TED,app_mobile,FP-711013,230.31.xxx.xxx,aprovada,0,,143,PR
TXN-002179,2024-02-03 09:22:43,CUST-00714,MERCH-0110,restaurantes,452.28,cartao_credito,caixa_eletronico,FP-313659,69.117.xxx.xxx,aprovada,0,,53,AP
TXN-002180,2024-02-17 14:20:17,CUST-00437,MERCH-0146,e-commerce,363.79,TED,API,FP-723819,195.165.xxx.xxx,aprovada,0,,293,ES
TXN-002181,2024-01-05 07:36:57,CUST-00053,MERCH-0060,farmacias,1320.04,PIX,caixa_eletronico,FP-954345,58.178.xxx.xxx,aprovada,0,,81,MA
TXN-002182,2024-02-01 02:53:53,CUST-00382,MERCH-0169,supermercados,2879.94,cartao_credito,internet_banking,FP-668297,120.28.xxx.xxx,aprovada,0,,157,SP
TXN-002183,2024-02-29 09:38:36,CUST-00347,MERCH-0149,marketplace,20.11,cartao_credito,app_mobile,FP-344083,101.199.xxx.xxx,aprovada,0,,73,SP
TXN-002184,2024-01-03 06:02:58,CUST-00271,MERCH-0028,outros,283.17,cartao_credito,internet_banking,FP-682201,43.92.xxx.xxx,aprovada,0,,211,PI
TXN-002185,2024-02-19 21:20:10,CUST-00083,MERCH-0084,restaurantes,339.26,cartao_credito,app_mobile,FP-218268,89.145.xxx.xxx,aprovada,0,,67,SP
TXN-002186,2024-02-21 19:56:00,CUST-00263,MERCH-0156,outros,132.62,PIX,API,,2.213.xxx.xxx,recusada,0,,208,AL
TXN-002187,2024-01-09 07:50:04,CUST-00196,MERCH-0180,postos,168.98,cartao_debito,caixa_eletronico,,89.1.xxx.xxx,aprovada,0,,79,RN
TXN-002188,2024-02-06 11:00:03,CUST-00062,MERCH-0084,farmacias,366.64,PIX,app_mobile,FP-126715,139.195.xxx.xxx,aprovada,0,,108,PE
TXN-002189,2024-01-20 00:00:46,CUST-00546,MERCH-0086,restaurantes,850.77,PIX,app_mobile,FP-357703,66.236.xxx.xxx,aprovada,0,,155,ES
TXN-002190,2024-01-01 16:50:11,CUST-00128,MERCH-0161,farmacias,296.21,boleto,internet_banking,FP-184855,154.237.xxx.xxx,aprovada,0,,75,PR
TXN-002191,2024-02-22 20:14:41,CUST-00544,MERCH-0119,e-commerce,325.12,cartao_debito,internet_banking,FP-992640,25.15.xxx.xxx,aprovada,0,,80,MA
TXN-002192,2024-01-02 21:17:00,CUST-00717,MERCH-0106,e-commerce,637.31,cartao_credito,API,,87.131.xxx.xxx,aprovada,0,,90,ES
TXN-002193,2024-01-25 16:28:59,CUST-00066,MERCH-0151,supermercados,382.16,boleto,app_mobile,FP-776199,77.159.xxx.xxx,pendente,0,,93,SC
TXN-002194,2024-02-14 08:18:34,CUST-00630,MERCH-0104,servicos_digitais,1555.02,boleto,internet_banking,FP-473948,180.77.xxx.xxx,aprovada,0,,300,TO
TXN-002195,2024-02-17 22:42:31,CUST-00608,MERCH-0095,e-commerce,279.13,boleto,app_mobile,FP-558922,141.119.xxx.xxx,aprovada,0,,119,PR
TXN-002196,2024-02-25 05:26:48,CUST-00106,MERCH-0156,e-commerce,647.4,PIX,app_mobile,FP-539898,1.43.xxx.xxx,aprovada,0,,96,SC
TXN-002197,2024-01-13 08:20:10,CUST-00209,MERCH-0116,servicos_digitais,377.32,TED,app_mobile,FP-186227,172.65.xxx.xxx,pendente,0,,59,BA
TXN-002198,2024-01-22 15:03:40,CUST-00701,MERCH-0117,e-commerce,111.96,cartao_credito,API,FP-935041,96.112.xxx.xxx,aprovada,0,,209,MG
TXN-002199,2024-01-18 06:05:00,CUST-00425,MERCH-0131,outros,221.37,boleto,internet_banking,FP-989746,61.121.xxx.xxx,aprovada,0,,174,RJ
TXN-002200,2024-02-15 07:45:37,CUST-00534,MERCH-0034,servicos_digitais,553.38,TED,app_mobile,FP-678898,183.23.xxx.xxx,aprovada,0,,324,SP
TXN-002201,2024-01-26 12:30:07,CUST-00502,MERCH-0049,outros,175.64,cartao_credito,app_mobile,FP-404470,4.39.xxx.xxx,estornada,0,,51,MG
TXN-002202,2024-02-05 12:09:15,CUST-00351,MERCH-0027,utilidades,166.26,cartao_credito,internet_banking,FP-242959,12.116.xxx.xxx,aprovada,0,,131,MG
TXN-002203,2024-01-17 18:28:11,CUST-00634,MERCH-0059,marketplace,206.05,PIX,API,,50.182.xxx.xxx,estornada,0,,182,MS
TXN-002204,2024-01-07 09:56:03,CUST-00068,MERCH-0158,e-commerce,14.76,PIX,API,,186.28.xxx.xxx,pendente,0,,201,RJ
TXN-002205,2024-01-10 01:42:46,CUST-00792,MERCH-0175,supermercados,25.96,cartao_credito,internet_banking,FP-150384,211.169.xxx.xxx,aprovada,0,,160,SC
TXN-002206,2024-01-09 15:15:34,CUST-00355,MERCH-0118,e-commerce,36.76,cartao_debito,internet_banking,FP-341273,212.93.xxx.xxx,aprovada,0,1,875,PI
TXN-002207,2024-02-17 17:46:54,CUST-00023,MERCH-0103,servicos_digitais,480.57,TED,caixa_eletronico,FP-469631,247.84.xxx.xxx,aprovada,0,,39,CE
TXN-002208,2024-02-03 06:04:49,CUST-00303,MERCH-0120,restaurantes,120.61,PIX,app_mobile,FP-685122,41.74.xxx.xxx,aprovada,0,,35,PE
TXN-002209,2024-01-30 07:53:16,CUST-00684,MERCH-0080,supermercados,138.75,cartao_debito,caixa_eletronico,FP-833633,68.90.xxx.xxx,aprovada,0,,86,SP
TXN-002210,2024-02-16 13:39:47,CUST-00057,MERCH-0102,e-commerce,68.2,PIX,internet_banking,FP-321838,188.180.xxx.xxx,aprovada,0,,90,GO
TXN-002211,2024-02-10 02:57:34,CUST-00011,MERCH-0157,servicos_digitais,2203.19,TED,API,,144.202.xxx.xxx,aprovada,0,,238,RJ
TXN-002212,2024-02-26 12:36:46,CUST-00090,MERCH-0185,outros,1910.72,cartao_debito,app_mobile,FP-436026,4.226.xxx.xxx,aprovada,0,,105,MG
TXN-002213,2024-02-19 11:04:02,CUST-00401,MERCH-0102,e-commerce,176.57,PIX,app_mobile,FP-268862,19.240.xxx.xxx,aprovada,0,,1021,RJ
TXN-002214,2024-01-31 01:47:47,CUST-00182,MERCH-0090,marketplace,756.64,cartao_debito,app_mobile,FP-381592,152.231.xxx.xxx,aprovada,0,0,121,PE
TXN-002215,2024-01-26 09:35:41,CUST-00558,MERCH-0158,postos,21.03,PIX,caixa_eletronico,FP-778476,246.152.xxx.xxx,estornada,0,,67,SP
TXN-002216,2024-02-29 23:11:36,CUST-00533,MERCH-0012,viagens,40.97,PIX,internet_banking,FP-812706,104.103.xxx.xxx,recusada,0,,124,PR
TXN-002217,2024-01-02 18:51:06,CUST-00701,MERCH-0076,restaurantes,232.61,cartao_debito,API,,94.179.xxx.xxx,aprovada,0,,15,RJ
TXN-002218,2024-01-12 11:20:40,CUST-00054,MERCH-0149,e-commerce,24.81,PIX,internet_banking,FP-598671,163.168.xxx.xxx,aprovada,0,0,100,DF
TXN-002219,2024-01-08 04:31:44,CUST-00123,MERCH-0059,restaurantes,674.2,PIX,caixa_eletronico,FP-871790,189.166.xxx.xxx,aprovada,1,1,445,MS
TXN-002220,2024-02-04 05:42:52,CUST-00015,MERCH-0149,outros,962.69,cartao_credito,internet_banking,FP-657921,163.208.xxx.xxx,aprovada,0,,57,SP
TXN-002221,2024-01-18 11:29:19,CUST-00742,MERCH-0192,supermercados,98.17,PIX,app_mobile,FP-366952,223.48.xxx.xxx,estornada,0,,147,MS
TXN-002222,2024-01-03 20:12:09,CUST-00143,MERCH-0159,e-commerce,377.85,boleto,API,FP-564044,146.116.xxx.xxx,aprovada,0,,63,SP
TXN-002223,2024-02-26 20:46:33,CUST-00379,MERCH-0012,e-commerce,301.57,TED,internet_banking,FP-623695,248.53.xxx.xxx,aprovada,0,,142,ES
TXN-002224,2024-01-08 12:38:45,CUST-00358,MERCH-0166,postos,536.19,boleto,internet_banking,FP-710606,9.32.xxx.xxx,aprovada,0,,880,MG
TXN-002225,2024-01-23 21:03:49,CUST-00707,MERCH-0153,marketplace,883.57,cartao_credito,internet_banking,FP-429719,168.95.xxx.xxx,aprovada,0,,136,ES
TXN-002226,2024-01-10 22:45:35,CUST-00285,MERCH-0108,farmacias,645.04,PIX,app_mobile,FP-496269,76.121.xxx.xxx,aprovada,0,,57,RS
TXN-002227,2024-01-31 04:00:35,CUST-00142,MERCH-0064,e-commerce,416.85,cartao_debito,app_mobile,FP-281705,84.44.xxx.xxx,aprovada,0,,510,RJ
TXN-002228,2024-01-07 13:33:52,CUST-00586,MERCH-0180,marketplace,1225.64,PIX,app_mobile,FP-819893,122.223.xxx.xxx,aprovada,0,,220,RJ
TXN-002229,2024-02-22 08:01:05,CUST-00330,MERCH-0115,e-commerce,62.61,cartao_credito,internet_banking,FP-827629,74.83.xxx.xxx,aprovada,0,,179,ES
TXN-002230,2024-01-29 08:55:36,CUST-00327,MERCH-0034,postos,485.83,TED,internet_banking,FP-834831,30.224.xxx.xxx,recusada,0,,240,PB
TXN-002231,2024-02-26 12:33:06,CUST-00237,MERCH-0177,farmacias,309.22,TED,API,,83.199.xxx.xxx,aprovada,0,0,165,MA
TXN-002232,2024-02-13 18:17:23,CUST-00158,MERCH-0028,supermercados,454.26,TED,app_mobile,FP-407569,207.234.xxx.xxx,aprovada,0,,19,SP
TXN-002233,2024-02-28 19:08:04,CUST-00649,MERCH-0175,e-commerce,368.43,cartao_credito,app_mobile,,175.8.xxx.xxx,aprovada,0,,299,ES
TXN-002234,2024-01-14 11:42:24,CUST-00566,MERCH-0044,restaurantes,50.97,TED,internet_banking,FP-208521,103.10.xxx.xxx,aprovada,0,,210,RJ
TXN-002235,2024-02-18 01:09:58,CUST-00171,MERCH-0135,e-commerce,193.23,TED,app_mobile,FP-366643,194.138.xxx.xxx,pendente,0,,53,RJ
TXN-002236,2024-01-30 05:36:18,CUST-00745,MERCH-0131,farmacias,396.9,cartao_credito,app_mobile,FP-519452,51.75.xxx.xxx,aprovada,0,,110,PB
TXN-002237,2024-01-18 08:06:21,CUST-00326,MERCH-0123,e-commerce,603.07,PIX,internet_banking,FP-376962,254.252.xxx.xxx,aprovada,0,,259,RJ
TXN-002238,2024-01-20 11:31:31,CUST-00464,MERCH-0113,e-commerce,1461.69,cartao_debito,internet_banking,FP-252104,188.25.xxx.xxx,recusada,0,,537,RN
TXN-002239,2024-01-24 22:26:21,CUST-00564,MERCH-0092,e-commerce,88.63,boleto,internet_banking,FP-610159,245.47.xxx.xxx,aprovada,0,,84,RJ
TXN-002240,2024-02-18 16:40:21,CUST-00228,MERCH-0192,marketplace,69.1,cartao_credito,internet_banking,FP-919282,173.28.xxx.xxx,aprovada,0,,123,SE
TXN-002241,2024-01-17 09:15:37,CUST-00627,MERCH-0156,farmacias,26.95,cartao_credito,internet_banking,FP-667239,10.180.xxx.xxx,aprovada,0,,113,ES
TXN-002242,2024-01-24 19:56:09,CUST-00461,MERCH-0006,utilidades,204.05,TED,app_mobile,FP-769055,85.170.xxx.xxx,aprovada,0,,100,SE
TXN-002243,2024-02-14 00:15:31,CUST-00429,MERCH-0011,viagens,422.9,cartao_credito,app_mobile,FP-230511,180.204.xxx.xxx,recusada,0,,201,AP
TXN-002244,2024-01-17 02:06:39,CUST-00019,MERCH-0003,outros,63.36,boleto,internet_banking,FP-226520,230.245.xxx.xxx,aprovada,0,,449,MG
TXN-002245,2024-01-06 07:37:48,CUST-00199,MERCH-0064,servicos_digitais,174.32,PIX,API,,39.189.xxx.xxx,aprovada,0,,333,DF
TXN-002246,2024-02-05 10:27:54,CUST-00719,MERCH-0124,supermercados,98.93,boleto,internet_banking,FP-250208,233.120.xxx.xxx,aprovada,0,,47,AL
TXN-002247,2024-01-04 18:51:41,CUST-00097,MERCH-0011,farmacias,1155.83,PIX,API,,219.198.xxx.xxx,aprovada,0,,140,MS
TXN-002248,2024-02-29 10:49:35,CUST-00389,MERCH-0017,outros,603.97,cartao_credito,caixa_eletronico,FP-144331,28.175.xxx.xxx,aprovada,0,,16,RJ
TXN-002249,2024-01-02 10:19:49,CUST-00235,MERCH-0045,viagens,259.97,boleto,internet_banking,,42.243.xxx.xxx,recusada,0,,33,MG
TXN-002250,2024-02-17 07:08:54,CUST-00173,MERCH-0180,servicos_digitais,384.75,cartao_credito,API,,187.197.xxx.xxx,aprovada,0,,119,MS
TXN-002251,2024-02-12 15:20:36,CUST-00597,MERCH-0091,e-commerce,400.85,TED,app_mobile,FP-513214,236.169.xxx.xxx,aprovada,0,,314,SP
TXN-002252,2024-01-26 04:49:36,CUST-00238,MERCH-0194,viagens,676.47,cartao_debito,app_mobile,FP-744086,33.47.xxx.xxx,estornada,0,,55,SP
TXN-002253,2024-01-01 04:42:50,CUST-00612,MERCH-0133,utilidades,637.02,boleto,API,,105.104.xxx.xxx,recusada,0,,192,ES
TXN-002254,2024-01-19 01:20:28,CUST-00188,MERCH-0122,marketplace,46.85,cartao_credito,app_mobile,FP-405239,224.189.xxx.xxx,estornada,0,,447,MG
TXN-002255,2024-02-28 05:24:42,CUST-00507,MERCH-0020,servicos_digitais,2705.32,PIX,caixa_eletronico,,237.200.xxx.xxx,aprovada,0,,220,AP
TXN-002256,2024-02-15 20:44:07,CUST-00224,MERCH-0034,farmacias,88.33,boleto,API,FP-980428,244.104.xxx.xxx,aprovada,0,,184,ES
TXN-002257,2024-02-18 13:47:23,CUST-00182,MERCH-0183,outros,75.69,PIX,app_mobile,FP-555424,123.38.xxx.xxx,recusada,0,,481,MA
TXN-002258,2024-01-10 22:03:55,CUST-00754,MERCH-0075,restaurantes,3606.82,PIX,app_mobile,FP-936286,139.94.xxx.xxx,aprovada,0,0,323,RS
TXN-002259,2024-01-13 21:05:11,CUST-00714,MERCH-0196,e-commerce,280.99,PIX,app_mobile,FP-604860,235.203.xxx.xxx,aprovada,0,,151,RR
TXN-002260,2024-02-17 14:14:06,CUST-00100,MERCH-0021,e-commerce,1494.77,cartao_credito,app_mobile,FP-815359,137.132.xxx.xxx,aprovada,0,,145,ES
TXN-002261,2024-02-24 01:00:10,CUST-00103,MERCH-0064,marketplace,70.72,TED,internet_banking,FP-697666,68.20.xxx.xxx,recusada,0,,50,PR
TXN-002262,2024-01-21 18:54:06,CUST-00596,MERCH-0141,viagens,43.26,PIX,API,FP-596861,43.71.xxx.xxx,aprovada,0,,110,MG
TXN-002263,2024-01-12 10:08:36,CUST-00736,MERCH-0174,restaurantes,225.35,cartao_credito,app_mobile,FP-430143,161.6.xxx.xxx,aprovada,0,,51,RJ
TXN-002264,2024-02-12 17:59:31,CUST-00481,MERCH-0114,e-commerce,235.49,cartao_debito,app_mobile,FP-311352,140.2.xxx.xxx,aprovada,0,,133,MG
TXN-002265,2024-01-17 11:43:41,CUST-00140,MERCH-0092,restaurantes,183.4,cartao_credito,internet_banking,,184.93.xxx.xxx,aprovada,0,,74,ES
TXN-002266,2024-02-20 17:42:56,CUST-00333,MERCH-0058,marketplace,137.84,TED,API,,9.68.xxx.xxx,recusada,0,,398,DF
TXN-002267,2024-02-09 10:21:29,CUST-00524,MERCH-0009,marketplace,515.56,cartao_debito,API,,204.134.xxx.xxx,aprovada,0,,173,MG
TXN-002268,2024-02-10 23:32:27,CUST-00165,MERCH-0052,utilidades,395.74,PIX,API,,227.128.xxx.xxx,pendente,0,,76,TO
TXN-002269,2024-02-21 23:38:04,CUST-00541,MERCH-0122,viagens,39.27,cartao_debito,app_mobile,FP-665050,239.41.xxx.xxx,aprovada,0,,114,ES
TXN-002270,2024-02-19 06:16:26,CUST-00563,MERCH-0164,supermercados,190.8,PIX,app_mobile,FP-438627,76.162.xxx.xxx,aprovada,0,,902,ES
TXN-002271,2024-02-02 22:35:54,CUST-00756,MERCH-0193,supermercados,279.32,cartao_debito,app_mobile,FP-274726,219.238.xxx.xxx,pendente,0,,234,SP
TXN-002272,2024-01-15 14:18:27,CUST-00373,MERCH-0042,supermercados,1211.22,PIX,app_mobile,FP-754283,145.41.xxx.xxx,aprovada,0,,95,RJ
TXN-002273,2024-02-11 00:11:22,CUST-00105,MERCH-0200,viagens,1256.76,cartao_credito,API,,125.171.xxx.xxx,aprovada,0,,98,PR
TXN-002274,2024-01-25 04:12:17,CUST-00596,MERCH-0162,restaurantes,181.77,TED,app_mobile,,240.201.xxx.xxx,aprovada,1,1,110,ES
TXN-002275,2024-01-17 07:00:45,CUST-00211,MERCH-0104,viagens,228.17,TED,caixa_eletronico,FP-755303,236.35.xxx.xxx,recusada,0,,143,PR
TXN-002276,2024-01-15 08:12:30,CUST-00004,MERCH-0040,utilidades,568.7,cartao_debito,app_mobile,FP-222086,93.103.xxx.xxx,aprovada,0,,377,RJ
TXN-002277,2024-02-08 06:57:48,CUST-00764,MERCH-0007,utilidades,680.45,TED,app_mobile,FP-900947,193.242.xxx.xxx,aprovada,0,,319,SC
TXN-002278,2024-02-17 07:39:08,CUST-00120,MERCH-0053,viagens,613.74,PIX,internet_banking,FP-995240,175.115.xxx.xxx,aprovada,0,,66,SC
TXN-002279,2024-01-22 11:37:18,CUST-00772,MERCH-0099,farmacias,44.99,PIX,app_mobile,FP-296094,236.97.xxx.xxx,aprovada,0,,154,GO
TXN-002280,2024-01-29 03:26:54,CUST-00539,MERCH-0171,viagens,102.86,boleto,caixa_eletronico,FP-169608,169.41.xxx.xxx,estornada,0,,79,MG
TXN-002281,2024-02-25 23:47:20,CUST-00345,MERCH-0125,postos,309.36,boleto,app_mobile,FP-753842,221.148.xxx.xxx,aprovada,0,,100,SP
TXN-002282,2024-01-01 10:32:26,CUST-00073,MERCH-0019,e-commerce,292.36,cartao_debito,app_mobile,FP-550393,6.147.xxx.xxx,aprovada,0,,78,SP
TXN-002283,2024-02-15 18:44:19,CUST-00624,MERCH-0045,postos,276.02,PIX,API,FP-838748,133.196.xxx.xxx,aprovada,0,,410,PR
TXN-002284,2024-01-10 04:29:58,CUST-00291,MERCH-0179,farmacias,467.5,PIX,API,,194.16.xxx.xxx,recusada,0,1,73,ES
TXN-002285,2024-01-24 08:01:37,CUST-00733,MERCH-0162,postos,2019.37,cartao_debito,caixa_eletronico,FP-791767,227.170.xxx.xxx,pendente,0,0,144,RR
TXN-002286,2024-01-19 23:16:29,CUST-00534,MERCH-0041,viagens,827.57,cartao_credito,app_mobile,FP-326484,143.119.xxx.xxx,aprovada,0,,316,RJ
TXN-002287,2024-01-21 05:15:26,CUST-00436,MERCH-0060,marketplace,1725.08,PIX,app_mobile,FP-530798,66.217.xxx.xxx,recusada,0,,181,RJ
TXN-002288,2024-01-29 15:43:39,CUST-00335,MERCH-0012,utilidades,102.09,PIX,app_mobile,FP-120565,71.138.xxx.xxx,recusada,0,,199,PR
TXN-002289,2024-01-24 10:31:28,CUST-00602,MERCH-0124,servicos_digitais,202.08,PIX,internet_banking,FP-405900,171.200.xxx.xxx,recusada,0,,38,RJ
TXN-002290,2024-02-07 21:06:48,CUST-00451,MERCH-0037,supermercados,137.05,cartao_debito,app_mobile,FP-457854,6.44.xxx.xxx,aprovada,0,,283,ES
TXN-002291,2024-01-14 08:40:18,CUST-00287,MERCH-0091,utilidades,207.41,cartao_credito,app_mobile,FP-207281,250.140.xxx.xxx,aprovada,0,,522,MA
TXN-002292,2024-01-22 14:14:18,CUST-00718,MERCH-0075,restaurantes,326.16,cartao_debito,internet_banking,FP-845745,248.109.xxx.xxx,aprovada,0,,105,SC
TXN-002293,2024-02-15 08:05:38,CUST-00224,MERCH-0199,marketplace,217.85,PIX,internet_banking,FP-662362,92.73.xxx.xxx,aprovada,0,,713,MG
TXN-002294,2024-02-26 23:17:35,CUST-00398,MERCH-0164,outros,304.48,TED,internet_banking,FP-635030,238.164.xxx.xxx,aprovada,0,,506,PR
TXN-002295,2024-01-31 06:55:42,CUST-00658,MERCH-0105,restaurantes,608.43,PIX,internet_banking,,81.12.xxx.xxx,aprovada,0,,383,MG
TXN-002296,2024-01-05 05:03:19,CUST-00100,MERCH-0194,supermercados,302.4,PIX,internet_banking,FP-209472,23.190.xxx.xxx,aprovada,0,0,262,SP
TXN-002297,2024-02-27 13:03:34,CUST-00130,MERCH-0030,farmacias,81.13,PIX,app_mobile,FP-779624,224.133.xxx.xxx,aprovada,0,,281,RS
TXN-002298,2024-02-16 17:52:56,CUST-00787,MERCH-0142,farmacias,163.4,PIX,app_mobile,FP-913140,18.152.xxx.xxx,recusada,0,,195,MA
TXN-002299,2024-01-11 05:31:22,CUST-00724,MERCH-0160,e-commerce,110.93,cartao_credito,internet_banking,FP-289731,62.18.xxx.xxx,recusada,0,,64,SP
TXN-002300,2024-01-08 22:14:09,CUST-00210,MERCH-0018,farmacias,779.45,cartao_credito,app_mobile,FP-505045,196.232.xxx.xxx,recusada,0,,203,SE
TXN-002301,2024-01-02 22:35:40,CUST-00359,MERCH-0025,restaurantes,322.45,TED,app_mobile,FP-564768,1.255.xxx.xxx,aprovada,0,,73,PR
TXN-002302,2024-02-09 23:29:12,CUST-00461,MERCH-0162,marketplace,352.78,cartao_credito,app_mobile,FP-674963,177.56.xxx.xxx,aprovada,0,,240,PB
TXN-002303,2024-01-01 19:24:56,CUST-00666,MERCH-0065,servicos_digitais,789.99,cartao_credito,caixa_eletronico,FP-643197,71.168.xxx.xxx,aprovada,0,,198,SE
TXN-002304,2024-01-06 06:42:28,CUST-00568,MERCH-0187,farmacias,132.51,TED,internet_banking,FP-384168,90.62.xxx.xxx,aprovada,0,,107,ES
TXN-002305,2024-01-01 18:06:00,CUST-00751,MERCH-0186,utilidades,130.72,boleto,app_mobile,,172.131.xxx.xxx,aprovada,0,,72,MG
TXN-002306,2024-02-14 07:09:33,CUST-00580,MERCH-0167,e-commerce,836.87,TED,internet_banking,FP-303251,43.82.xxx.xxx,aprovada,0,,112,PB
TXN-002307,2024-02-13 10:14:33,CUST-00187,MERCH-0126,outros,299.37,PIX,app_mobile,FP-599970,228.4.xxx.xxx,recusada,0,,213,SE
TXN-002308,2024-01-09 00:15:16,CUST-00187,MERCH-0055,servicos_digitais,61.41,cartao_credito,internet_banking,FP-149529,49.115.xxx.xxx,aprovada,0,,309,AL
TXN-002309,2024-01-06 06:36:13,CUST-00034,MERCH-0145,e-commerce,125.47,TED,internet_banking,FP-526873,224.173.xxx.xxx,aprovada,0,,36,AC
TXN-002310,2024-02-01 04:11:24,CUST-00556,MERCH-0064,utilidades,1013.52,PIX,app_mobile,FP-622191,128.97.xxx.xxx,aprovada,0,,158,GO
TXN-002311,2024-02-22 18:44:21,CUST-00663,MERCH-0048,supermercados,196.96,TED,app_mobile,FP-732523,21.49.xxx.xxx,recusada,0,,38,GO
TXN-002312,2024-01-01 13:15:44,CUST-00468,MERCH-0173,servicos_digitais,288.19,cartao_credito,app_mobile,,224.219.xxx.xxx,aprovada,0,,75,MG
TXN-002313,2024-02-16 20:15:23,CUST-00435,MERCH-0052,restaurantes,157.66,cartao_credito,internet_banking,FP-483461,106.84.xxx.xxx,aprovada,0,,126,PI
TXN-002314,2024-02-21 15:23:49,CUST-00343,MERCH-0125,e-commerce,1413.0,cartao_credito,API,,110.229.xxx.xxx,aprovada,0,,67,ES
TXN-002315,2024-01-22 05:06:39,CUST-00562,MERCH-0099,marketplace,115.4,boleto,app_mobile,FP-314632,131.76.xxx.xxx,aprovada,0,,190,MG
TXN-002316,2024-01-21 16:47:43,CUST-00485,MERCH-0195,servicos_digitais,397.19,cartao_debito,internet_banking,FP-821841,169.215.xxx.xxx,aprovada,0,,157,MS
TXN-002317,2024-02-13 17:30:37,CUST-00539,MERCH-0141,marketplace,337.64,PIX,app_mobile,FP-732105,128.42.xxx.xxx,estornada,0,,68,SP
TXN-002318,2024-02-14 21:14:35,CUST-00570,MERCH-0196,marketplace,80.48,cartao_credito,app_mobile,FP-832187,155.163.xxx.xxx,aprovada,0,,92,SC
TXN-002319,2024-01-13 17:20:06,CUST-00319,MERCH-0129,e-commerce,1039.99,TED,app_mobile,FP-329282,167.235.xxx.xxx,aprovada,1,0,135,MG
TXN-002320,2024-02-24 00:53:26,CUST-00090,MERCH-0103,supermercados,502.52,PIX,app_mobile,FP-258016,139.183.xxx.xxx,aprovada,0,,371,ES
TXN-002321,2024-01-10 17:31:14,CUST-00234,MERCH-0069,restaurantes,297.73,PIX,app_mobile,FP-873135,149.183.xxx.xxx,pendente,0,0,70,RJ
TXN-002322,2024-01-27 07:08:58,CUST-00397,MERCH-0137,e-commerce,1313.64,cartao_credito,app_mobile,FP-753256,170.40.xxx.xxx,aprovada,0,,75,MT
TXN-002323,2024-01-04 09:23:56,CUST-00389,MERCH-0037,postos,244.27,cartao_credito,app_mobile,FP-383496,183.107.xxx.xxx,aprovada,0,,60,ES
TXN-002324,2024-02-11 23:41:17,CUST-00106,MERCH-0014,e-commerce,303.42,cartao_debito,app_mobile,FP-223585,69.192.xxx.xxx,aprovada,0,,586,PR
TXN-002325,2024-01-05 06:51:41,CUST-00415,MERCH-0113,e-commerce,389.21,cartao_credito,internet_banking,FP-868936,36.157.xxx.xxx,aprovada,0,,167,RJ
TXN-002326,2024-01-03 02:18:44,CUST-00388,MERCH-0074,marketplace,1834.17,cartao_debito,API,FP-875974,49.201.xxx.xxx,estornada,0,,131,PB
TXN-002327,2024-02-12 01:41:08,CUST-00564,MERCH-0038,postos,116.51,cartao_credito,app_mobile,FP-454258,78.167.xxx.xxx,aprovada,0,,228,ES
TXN-002328,2024-02-23 13:59:26,CUST-00200,MERCH-0046,restaurantes,28.23,PIX,API,,73.93.xxx.xxx,aprovada,1,1,328,RJ
TXN-002329,2024-01-21 20:46:30,CUST-00577,MERCH-0180,supermercados,105.77,PIX,caixa_eletronico,FP-328303,190.253.xxx.xxx,aprovada,0,,35,SP
TXN-002330,2024-01-13 14:25:22,CUST-00604,MERCH-0186,restaurantes,3987.27,cartao_credito,app_mobile,FP-731165,164.40.xxx.xxx,pendente,0,,158,RJ
TXN-002331,2024-02-26 07:04:54,CUST-00422,MERCH-0177,farmacias,280.77,TED,app_mobile,FP-361874,144.101.xxx.xxx,aprovada,0,,413,GO
TXN-002332,2024-01-07 01:33:09,CUST-00307,MERCH-0023,marketplace,123.31,cartao_credito,app_mobile,FP-661970,28.56.xxx.xxx,pendente,0,,224,PR
TXN-002333,2024-02-26 04:00:54,CUST-00155,MERCH-0088,marketplace,1522.58,boleto,app_mobile,FP-709134,54.75.xxx.xxx,aprovada,0,,448,SP
TXN-002334,2024-01-15 08:40:33,CUST-00236,MERCH-0061,viagens,63.04,PIX,API,,228.158.xxx.xxx,recusada,0,1,63,PR
TXN-002335,2024-02-17 03:53:54,CUST-00255,MERCH-0192,marketplace,92.39,PIX,caixa_eletronico,FP-712114,34.97.xxx.xxx,aprovada,0,,267,SP
TXN-002336,2024-01-17 23:41:02,CUST-00592,MERCH-0176,utilidades,130.44,PIX,app_mobile,FP-494835,196.80.xxx.xxx,aprovada,0,,469,DF
TXN-002337,2024-02-11 22:26:10,CUST-00480,MERCH-0137,servicos_digitais,49.42,boleto,internet_banking,FP-537300,33.10.xxx.xxx,aprovada,0,,374,SP
TXN-002338,2024-01-03 19:42:47,CUST-00049,MERCH-0089,supermercados,308.42,boleto,app_mobile,FP-684622,42.166.xxx.xxx,aprovada,0,,389,DF
TXN-002339,2024-01-03 09:23:07,CUST-00427,MERCH-0165,servicos_digitais,186.35,PIX,internet_banking,FP-191351,122.7.xxx.xxx,aprovada,0,0,124,MG
TXN-002340,2024-02-12 17:18:51,CUST-00537,MERCH-0192,supermercados,90.9,cartao_credito,app_mobile,FP-221278,60.118.xxx.xxx,aprovada,0,,194,RJ
TXN-002341,2024-02-16 15:13:23,CUST-00221,MERCH-0085,viagens,653.05,PIX,app_mobile,FP-557851,45.239.xxx.xxx,recusada,0,,142,MG
TXN-002342,2024-02-21 12:51:57,CUST-00521,MERCH-0057,marketplace,84.57,cartao_debito,app_mobile,FP-217756,184.77.xxx.xxx,recusada,0,,365,ES
TXN-002343,2024-01-29 15:37:10,CUST-00642,MERCH-0093,viagens,55.15,PIX,app_mobile,FP-347675,88.1.xxx.xxx,aprovada,0,,562,SC
TXN-002344,2024-02-27 22:01:40,CUST-00035,MERCH-0062,servicos_digitais,644.59,PIX,app_mobile,FP-324124,18.90.xxx.xxx,aprovada,0,,54,ES
TXN-002345,2024-01-06 18:09:38,CUST-00350,MERCH-0077,utilidades,271.3,cartao_credito,app_mobile,FP-806935,173.78.xxx.xxx,aprovada,0,,127,RS
TXN-002346,2024-02-05 21:29:27,CUST-00194,MERCH-0068,utilidades,94.07,cartao_debito,app_mobile,FP-631046,238.115.xxx.xxx,aprovada,0,1,1089,SE
TXN-002347,2024-01-06 19:35:42,CUST-00647,MERCH-0113,e-commerce,1974.35,PIX,internet_banking,FP-736351,186.220.xxx.xxx,recusada,1,1,1528,RJ
TXN-002348,2024-02-23 01:00:10,CUST-00135,MERCH-0035,postos,2393.26,cartao_credito,API,,215.171.xxx.xxx,aprovada,0,,187,SP
TXN-002349,2024-02-15 22:02:45,CUST-00575,MERCH-0125,outros,276.84,PIX,API,,67.69.xxx.xxx,estornada,0,,208,SP
TXN-002350,2024-01-31 04:11:51,CUST-00445,MERCH-0060,marketplace,4784.65,cartao_debito,internet_banking,FP-399323,126.239.xxx.xxx,pendente,0,,464,GO
TXN-002351,2024-01-01 13:20:21,CUST-00155,MERCH-0065,postos,2667.33,cartao_credito,caixa_eletronico,FP-297909,189.118.xxx.xxx,recusada,0,,95,SP
TXN-002352,2024-01-14 21:12:18,CUST-00524,MERCH-0053,viagens,42.11,cartao_debito,app_mobile,FP-111868,37.10.xxx.xxx,aprovada,0,,97,SP
TXN-002353,2024-01-30 02:16:12,CUST-00119,MERCH-0056,e-commerce,312.68,TED,API,,189.147.xxx.xxx,aprovada,1,1,621,PE
TXN-002354,2024-01-23 06:04:06,CUST-00152,MERCH-0118,supermercados,62.32,cartao_debito,internet_banking,FP-442978,176.14.xxx.xxx,aprovada,0,,64,SE
TXN-002355,2024-02-03 07:46:40,CUST-00358,MERCH-0162,marketplace,262.29,cartao_debito,app_mobile,FP-669371,114.90.xxx.xxx,aprovada,0,,289,RJ
TXN-002356,2024-02-29 04:27:31,CUST-00320,MERCH-0141,marketplace,1656.94,cartao_credito,app_mobile,FP-484519,144.25.xxx.xxx,aprovada,0,0,150,CE
TXN-002357,2024-02-22 01:46:55,CUST-00739,MERCH-0134,viagens,539.85,cartao_credito,internet_banking,FP-611783,163.136.xxx.xxx,aprovada,0,,346,PR
TXN-002358,2024-01-07 09:45:28,CUST-00657,MERCH-0185,viagens,602.14,cartao_credito,app_mobile,FP-343649,56.179.xxx.xxx,aprovada,1,0,102,SE
TXN-002359,2024-02-07 22:29:09,CUST-00769,MERCH-0119,marketplace,8.77,cartao_debito,app_mobile,FP-685409,15.230.xxx.xxx,estornada,0,,197,RJ
TXN-002360,2024-01-14 06:21:04,CUST-00370,MERCH-0047,supermercados,72.22,TED,app_mobile,FP-432508,169.231.xxx.xxx,aprovada,0,,131,RJ
TXN-002361,2024-02-16 02:56:57,CUST-00233,MERCH-0029,servicos_digitais,1575.34,cartao_credito,app_mobile,FP-355817,14.255.xxx.xxx,aprovada,0,,261,RJ
TXN-002362,2024-02-22 08:39:43,CUST-00790,MERCH-0073,utilidades,159.68,TED,app_mobile,FP-732493,52.202.xxx.xxx,aprovada,0,,111,RS
TXN-002363,2024-01-05 11:36:16,CUST-00306,MERCH-0196,e-commerce,4264.58,cartao_credito,internet_banking,FP-379468,233.200.xxx.xxx,recusada,0,,90,RJ
TXN-002364,2024-02-07 19:44:47,CUST-00345,MERCH-0135,e-commerce,67.58,PIX,app_mobile,FP-265664,239.209.xxx.xxx,aprovada,0,,180,SP
TXN-002365,2024-01-22 05:48:11,CUST-00450,MERCH-0090,marketplace,566.01,PIX,internet_banking,FP-412973,68.249.xxx.xxx,aprovada,0,,91,PI
TXN-002366,2024-02-07 14:29:54,CUST-00454,MERCH-0070,supermercados,390.66,boleto,internet_banking,FP-152433,193.205.xxx.xxx,aprovada,0,,88,RJ
TXN-002367,2024-02-23 22:32:49,CUST-00790,MERCH-0108,supermercados,1167.35,PIX,internet_banking,FP-213712,129.232.xxx.xxx,aprovada,0,,180,RS
TXN-002368,2024-02-01 21:07:50,CUST-00226,MERCH-0200,viagens,414.13,PIX,app_mobile,FP-944706,1.18.xxx.xxx,pendente,0,,659,SE
TXN-002369,2024-01-16 21:26:07,CUST-00607,MERCH-0114,supermercados,710.92,cartao_credito,app_mobile,FP-697172,101.196.xxx.xxx,aprovada,0,,132,ES
TXN-002370,2024-02-06 10:11:49,CUST-00639,MERCH-0066,postos,729.67,cartao_credito,app_mobile,FP-219790,182.100.xxx.xxx,aprovada,0,,53,SP
TXN-002371,2024-02-22 19:41:23,CUST-00153,MERCH-0124,restaurantes,506.05,PIX,API,FP-861611,186.205.xxx.xxx,recusada,0,,133,ES
TXN-002372,2024-02-23 14:52:44,CUST-00176,MERCH-0179,restaurantes,122.46,PIX,API,,179.184.xxx.xxx,aprovada,0,,99,ES
TXN-002373,2024-01-30 00:02:15,CUST-00054,MERCH-0173,utilidades,57.22,cartao_debito,internet_banking,FP-752873,148.60.xxx.xxx,aprovada,0,,124,MS
TXN-002374,2024-02-05 11:19:16,CUST-00572,MERCH-0068,farmacias,120.39,boleto,app_mobile,FP-813258,228.233.xxx.xxx,pendente,0,,74,RR
TXN-002375,2024-02-01 18:51:30,CUST-00398,MERCH-0029,servicos_digitais,3023.93,cartao_debito,app_mobile,FP-181535,180.219.xxx.xxx,aprovada,0,,129,PR
TXN-002376,2024-02-07 04:41:08,CUST-00412,MERCH-0131,outros,86.19,PIX,app_mobile,FP-435098,47.72.xxx.xxx,aprovada,1,1,430,MG
TXN-002377,2024-01-17 10:37:30,CUST-00024,MERCH-0086,postos,84.18,boleto,internet_banking,FP-828278,81.49.xxx.xxx,aprovada,0,,73,RJ
TXN-002378,2024-01-03 12:51:26,CUST-00332,MERCH-0040,servicos_digitais,672.25,cartao_credito,app_mobile,FP-861573,50.50.xxx.xxx,aprovada,0,0,34,SP
TXN-002379,2024-02-18 14:01:21,CUST-00523,MERCH-0006,outros,156.05,boleto,internet_banking,FP-877868,141.58.xxx.xxx,aprovada,0,,67,SC
TXN-002380,2024-01-06 17:06:27,CUST-00593,MERCH-0014,supermercados,185.31,cartao_credito,app_mobile,FP-658395,231.239.xxx.xxx,recusada,0,0,326,SP
TXN-002381,2024-02-02 15:44:29,CUST-00039,MERCH-0160,marketplace,71.95,cartao_credito,internet_banking,FP-363932,246.92.xxx.xxx,aprovada,0,,34,BA
TXN-002382,2024-02-17 22:13:19,CUST-00474,MERCH-0178,marketplace,39.77,boleto,app_mobile,FP-740083,228.159.xxx.xxx,aprovada,0,0,461,RO
TXN-002383,2024-02-05 08:48:46,CUST-00397,MERCH-0135,supermercados,107.6,PIX,API,,220.85.xxx.xxx,aprovada,0,,120,MT
TXN-002384,2024-01-22 07:22:16,CUST-00499,MERCH-0117,e-commerce,113.17,TED,internet_banking,FP-286149,72.115.xxx.xxx,pendente,0,,77,RJ
TXN-002385,2024-02-08 16:35:16,CUST-00713,MERCH-0011,outros,71.28,cartao_debito,app_mobile,FP-646006,253.138.xxx.xxx,aprovada,0,,36,MG
TXN-002386,2024-02-02 00:17:35,CUST-00503,MERCH-0172,marketplace,104.7,PIX,caixa_eletronico,FP-973822,82.28.xxx.xxx,pendente,0,,53,RJ
TXN-002387,2024-02-27 07:52:44,CUST-00046,MERCH-0166,e-commerce,1246.18,PIX,app_mobile,FP-116855,128.84.xxx.xxx,estornada,1,1,305,ES
TXN-002388,2024-02-29 16:33:25,CUST-00120,MERCH-0160,farmacias,500.05,cartao_credito,app_mobile,FP-141530,166.79.xxx.xxx,aprovada,0,,1043,PR
TXN-002389,2024-02-08 01:28:56,CUST-00371,MERCH-0082,outros,2370.34,cartao_credito,app_mobile,FP-231040,27.18.xxx.xxx,recusada,0,,126,SP
TXN-002390,2024-02-07 22:14:59,CUST-00392,MERCH-0030,supermercados,214.95,cartao_debito,app_mobile,FP-737093,38.34.xxx.xxx,estornada,0,,187,MG
TXN-002391,2024-02-08 20:54:34,CUST-00635,MERCH-0067,marketplace,52.76,cartao_credito,app_mobile,FP-729793,132.22.xxx.xxx,aprovada,0,,138,AL
TXN-002392,2024-02-26 04:02:24,CUST-00621,MERCH-0010,supermercados,0.0,cartao_debito,caixa_eletronico,FP-892660,239.17.xxx.xxx,aprovada,0,,197,MG
TXN-002393,2024-02-21 02:32:40,CUST-00580,MERCH-0129,supermercados,1841.33,PIX,API,,6.83.xxx.xxx,recusada,0,,318,RN
TXN-002394,2024-02-03 13:27:10,CUST-00063,MERCH-0037,e-commerce,110.98,cartao_debito,app_mobile,FP-716498,162.53.xxx.xxx,pendente,0,,68,PB
TXN-002395,2024-02-24 10:17:54,CUST-00776,MERCH-0046,supermercados,613.56,PIX,internet_banking,FP-966969,29.45.xxx.xxx,aprovada,0,,200,MG
TXN-002396,2024-02-04 00:46:44,CUST-00527,MERCH-0001,e-commerce,466.06,cartao_credito,caixa_eletronico,FP-605440,125.250.xxx.xxx,aprovada,0,,320,RS
TXN-002397,2024-01-02 00:15:14,CUST-00404,MERCH-0173,farmacias,144.99,cartao_credito,app_mobile,,78.10.xxx.xxx,recusada,0,,288,ES
TXN-002398,2024-01-31 03:14:13,CUST-00672,MERCH-0112,marketplace,523.39,PIX,app_mobile,FP-579432,113.176.xxx.xxx,aprovada,0,,121,GO
TXN-002399,2024-01-04 09:02:52,CUST-00155,MERCH-0150,supermercados,250.54,cartao_debito,app_mobile,FP-101761,177.241.xxx.xxx,pendente,0,0,15,MG
TXN-002400,2024-01-06 12:27:26,CUST-00481,MERCH-0177,servicos_digitais,170.65,cartao_credito,internet_banking,FP-450067,198.14.xxx.xxx,recusada,0,,412,RJ
TXN-002401,2024-02-09 21:29:16,CUST-00640,MERCH-0126,servicos_digitais,58.82,TED,internet_banking,FP-615978,41.130.xxx.xxx,aprovada,0,,194,GO
TXN-002402,2024-01-30 16:30:27,CUST-00142,MERCH-0006,outros,145.72,boleto,app_mobile,FP-256788,234.229.xxx.xxx,aprovada,0,,240,ES
TXN-002403,2024-02-07 02:57:17,CUST-00172,MERCH-0134,e-commerce,893.66,cartao_credito,app_mobile,FP-902008,87.24.xxx.xxx,aprovada,0,,143,MT
TXN-002404,2024-01-29 20:12:05,CUST-00751,MERCH-0040,e-commerce,25.65,PIX,app_mobile,FP-157466,66.206.xxx.xxx,aprovada,0,,62,ES
TXN-002405,2024-02-07 13:41:29,CUST-00403,MERCH-0158,outros,505.15,PIX,API,FP-397689,123.192.xxx.xxx,aprovada,0,,137,ES
TXN-002406,2024-01-30 15:00:05,CUST-00190,MERCH-0046,servicos_digitais,232.34,PIX,app_mobile,FP-771542,106.54.xxx.xxx,recusada,0,,349,SP
TXN-002407,2024-02-14 19:31:51,CUST-00567,MERCH-0150,farmacias,1694.03,cartao_debito,caixa_eletronico,FP-526826,181.62.xxx.xxx,aprovada,0,,229,SP
TXN-002408,2024-02-24 06:37:43,CUST-00038,MERCH-0069,farmacias,114.62,cartao_credito,app_mobile,,218.81.xxx.xxx,aprovada,0,,655,MG
TXN-002409,2024-02-21 23:43:28,CUST-00645,MERCH-0033,viagens,91.36,cartao_credito,app_mobile,FP-625516,108.153.xxx.xxx,aprovada,0,,276,ES
TXN-002410,2024-01-19 17:57:52,CUST-00246,MERCH-0054,postos,172.28,cartao_debito,app_mobile,FP-447133,242.198.xxx.xxx,recusada,0,,84,PB
TXN-002411,2024-02-10 08:24:12,CUST-00580,MERCH-0004,marketplace,934.8,cartao_debito,caixa_eletronico,FP-706772,81.80.xxx.xxx,aprovada,0,,186,AL
TXN-002412,2024-02-06 09:00:23,CUST-00159,MERCH-0171,servicos_digitais,118.62,PIX,app_mobile,FP-665143,156.93.xxx.xxx,recusada,0,,774,AL
TXN-002413,2024-02-27 05:34:53,CUST-00445,MERCH-0094,restaurantes,2588.06,PIX,internet_banking,FP-679203,179.96.xxx.xxx,estornada,0,0,164,GO
TXN-002414,2024-02-07 17:33:08,CUST-00387,MERCH-0059,servicos_digitais,317.09,cartao_credito,app_mobile,FP-248589,111.238.xxx.xxx,aprovada,0,,8,MS
TXN-002415,2024-01-11 13:49:45,CUST-00067,MERCH-0153,servicos_digitais,4100.72,boleto,app_mobile,FP-160330,95.224.xxx.xxx,estornada,0,,135,SP
TXN-002416,2024-02-06 23:28:11,CUST-00693,MERCH-0139,utilidades,344.49,cartao_credito,app_mobile,FP-727639,128.68.xxx.xxx,aprovada,0,,92,DF
TXN-002417,2024-01-30 14:11:31,CUST-00599,MERCH-0168,postos,62.6,TED,caixa_eletronico,FP-826359,140.136.xxx.xxx,aprovada,0,,671,MG
TXN-002418,2024-02-08 00:52:30,CUST-00024,MERCH-0089,utilidades,22.68,PIX,caixa_eletronico,FP-856779,205.232.xxx.xxx,pendente,0,,300,ES
TXN-002419,2024-02-15 12:25:53,CUST-00610,MERCH-0161,restaurantes,202.0,cartao_debito,app_mobile,FP-604424,224.206.xxx.xxx,aprovada,0,,252,PR
TXN-002420,2024-02-18 11:34:40,CUST-00617,MERCH-0094,marketplace,162.42,cartao_credito,internet_banking,FP-623780,28.41.xxx.xxx,aprovada,0,,48,SC
TXN-002421,2024-02-25 18:08:09,CUST-00649,MERCH-0081,utilidades,536.61,cartao_debito,caixa_eletronico,FP-939560,73.143.xxx.xxx,aprovada,0,,360,SP
TXN-002422,2024-02-10 17:57:10,CUST-00426,MERCH-0062,utilidades,809.82,PIX,caixa_eletronico,FP-286369,98.106.xxx.xxx,aprovada,0,,93,RJ
TXN-002423,2024-01-07 22:08:12,CUST-00513,MERCH-0109,servicos_digitais,204.35,cartao_credito,app_mobile,FP-542490,150.44.xxx.xxx,aprovada,0,,31,AM
TXN-002424,2024-01-21 12:34:53,CUST-00557,MERCH-0098,outros,111.9,cartao_credito,internet_banking,,176.55.xxx.xxx,aprovada,0,1,230,PR
TXN-002425,2024-02-02 04:45:10,CUST-00562,MERCH-0086,utilidades,237.49,PIX,app_mobile,FP-232115,222.26.xxx.xxx,aprovada,1,0,198,ES
TXN-002426,2024-01-29 19:50:07,CUST-00119,MERCH-0141,marketplace,46.89,cartao_debito,app_mobile,FP-170963,237.255.xxx.xxx,aprovada,0,,181,SE
TXN-002427,2024-02-24 04:18:55,CUST-00678,MERCH-0088,e-commerce,367.0,cartao_debito,app_mobile,FP-516540,207.186.xxx.xxx,aprovada,0,,119,SP
TXN-002428,2024-01-10 21:08:21,CUST-00559,MERCH-0176,servicos_digitais,1115.95,TED,app_mobile,FP-999452,6.186.xxx.xxx,aprovada,0,,179,RJ
TXN-002429,2024-01-19 20:28:04,CUST-00564,MERCH-0179,utilidades,1028.98,cartao_debito,app_mobile,,190.239.xxx.xxx,aprovada,0,,41,MG
TXN-002430,2024-02-15 08:24:50,CUST-00687,MERCH-0061,servicos_digitais,194.58,TED,caixa_eletronico,FP-491646,3.58.xxx.xxx,aprovada,0,,48,ES
TXN-002431,2024-01-01 10:42:07,CUST-00724,MERCH-0169,outros,232.48,cartao_debito,app_mobile,FP-335275,217.109.xxx.xxx,aprovada,0,0,179,MG
TXN-002432,2024-02-15 15:26:45,CUST-00682,MERCH-0198,servicos_digitais,35.31,cartao_debito,app_mobile,FP-216451,21.224.xxx.xxx,aprovada,0,,91,GO
TXN-002433,2024-02-07 19:46:25,CUST-00523,MERCH-0025,utilidades,1738.4,cartao_credito,internet_banking,FP-944187,226.95.xxx.xxx,pendente,0,,56,SC
TXN-002434,2024-02-03 13:18:11,CUST-00088,MERCH-0180,supermercados,25.76,PIX,app_mobile,FP-505437,17.96.xxx.xxx,aprovada,0,,199,RO
TXN-002435,2024-01-18 03:20:17,CUST-00225,MERCH-0020,servicos_digitais,224.36,cartao_credito,internet_banking,FP-769482,10.211.xxx.xxx,aprovada,0,0,304,ES
TXN-002436,2024-02-20 07:39:12,CUST-00230,MERCH-0111,viagens,1622.13,TED,app_mobile,FP-708641,48.161.xxx.xxx,aprovada,0,,919,RR
TXN-002437,2024-02-28 09:15:25,CUST-00161,MERCH-0019,e-commerce,452.39,PIX,app_mobile,FP-172881,187.224.xxx.xxx,pendente,0,,244,SE
TXN-002438,2024-02-07 11:59:42,CUST-00095,MERCH-0042,utilidades,156.96,cartao_debito,caixa_eletronico,FP-113907,141.105.xxx.xxx,aprovada,0,,104,SP
TXN-002439,2024-02-26 00:54:39,CUST-00126,MERCH-0018,marketplace,558.01,cartao_credito,API,,43.117.xxx.xxx,aprovada,0,,180,RJ
TXN-002440,2024-02-21 08:57:55,CUST-00184,MERCH-0172,farmacias,15.31,cartao_debito,app_mobile,FP-877607,151.3.xxx.xxx,aprovada,0,,185,ES
TXN-002441,2024-02-14 17:12:33,CUST-00736,MERCH-0063,utilidades,171.5,cartao_credito,internet_banking,FP-747742,253.33.xxx.xxx,recusada,0,,127,SP
TXN-002442,2024-02-22 03:41:27,CUST-00257,MERCH-0058,restaurantes,1212.73,TED,internet_banking,FP-283717,96.185.xxx.xxx,aprovada,0,0,220,PR
TXN-002443,2024-02-13 01:57:16,CUST-00106,MERCH-0087,e-commerce,198.79,PIX,internet_banking,FP-924329,222.221.xxx.xxx,aprovada,0,,425,PR
TXN-002444,2024-01-25 08:37:13,CUST-00347,MERCH-0031,supermercados,80.51,cartao_debito,internet_banking,FP-662988,58.188.xxx.xxx,aprovada,0,,183,SP
TXN-002445,2024-01-25 19:14:25,CUST-00492,MERCH-0179,servicos_digitais,280.09,PIX,internet_banking,FP-507191,74.58.xxx.xxx,aprovada,0,0,344,MG
TXN-002446,2024-02-06 13:50:34,CUST-00614,MERCH-0017,marketplace,560.85,cartao_debito,app_mobile,FP-114339,30.245.xxx.xxx,recusada,0,,75,SC
TXN-002447,2024-02-09 17:17:39,CUST-00276,MERCH-0167,servicos_digitais,95.54,boleto,app_mobile,FP-611295,234.101.xxx.xxx,recusada,0,,60,SC
TXN-002448,2024-02-24 08:47:24,CUST-00578,MERCH-0093,marketplace,101.15,cartao_credito,API,FP-300039,58.35.xxx.xxx,pendente,0,,297,MT
TXN-002449,2024-01-18 19:20:51,CUST-00251,MERCH-0050,marketplace,32.28,cartao_debito,app_mobile,FP-963810,122.246.xxx.xxx,aprovada,0,,396,ES
TXN-002450,2024-01-27 12:07:03,CUST-00562,MERCH-0091,e-commerce,546.7,cartao_credito,internet_banking,FP-728211,220.83.xxx.xxx,aprovada,0,,112,MG
TXN-002451,2024-01-30 02:32:52,CUST-00412,MERCH-0187,viagens,280.75,cartao_credito,API,,42.96.xxx.xxx,aprovada,0,,365,SP
TXN-002452,2024-01-19 10:15:12,CUST-00117,MERCH-0166,supermercados,54.59,cartao_credito,internet_banking,FP-272363,171.103.xxx.xxx,aprovada,0,,130,SP
TXN-002453,2024-02-10 02:36:40,CUST-00061,MERCH-0132,restaurantes,1151.27,boleto,app_mobile,FP-582324,213.150.xxx.xxx,recusada,1,1,96,AL
TXN-002454,2024-01-23 08:19:02,CUST-00229,MERCH-0187,farmacias,91.85,cartao_credito,API,,147.68.xxx.xxx,recusada,0,,648,RJ
TXN-002455,2024-01-03 15:44:11,CUST-00254,MERCH-0165,servicos_digitais,191.26,TED,app_mobile,FP-755550,148.214.xxx.xxx,aprovada,0,,186,RS
TXN-002456,2024-02-13 17:20:55,CUST-00759,MERCH-0071,farmacias,127.46,cartao_debito,app_mobile,FP-439949,67.206.xxx.xxx,aprovada,0,,104,RJ
TXN-002457,2024-02-09 07:46:39,CUST-00684,MERCH-0012,servicos_digitais,401.06,PIX,app_mobile,FP-764187,135.45.xxx.xxx,estornada,0,0,69,SP
TXN-002458,2024-02-17 09:21:37,CUST-00053,MERCH-0090,restaurantes,482.9,cartao_debito,internet_banking,FP-347889,116.22.xxx.xxx,aprovada,0,,214,PB
TXN-002459,2024-02-14 06:24:56,CUST-00784,MERCH-0033,viagens,161.65,PIX,app_mobile,FP-843440,77.234.xxx.xxx,aprovada,0,0,205,ES
TXN-002460,2024-01-22 23:38:07,CUST-00622,MERCH-0015,postos,53.56,PIX,app_mobile,FP-734847,206.205.xxx.xxx,aprovada,0,1,115,MT
TXN-002461,2024-01-31 11:26:05,CUST-00612,MERCH-0018,utilidades,148.08,cartao_credito,API,,12.41.xxx.xxx,aprovada,0,,117,SP
TXN-002462,2024-01-17 13:40:25,CUST-00277,MERCH-0057,e-commerce,97.69,PIX,app_mobile,FP-642960,237.70.xxx.xxx,aprovada,0,0,123,MG
TXN-002463,2024-01-21 11:40:45,CUST-00487,MERCH-0117,marketplace,212.6,cartao_credito,app_mobile,FP-768475,55.199.xxx.xxx,aprovada,0,,168,SE
TXN-002464,2024-01-21 06:41:17,CUST-00369,MERCH-0064,viagens,900.84,cartao_credito,app_mobile,FP-872672,159.174.xxx.xxx,recusada,0,,132,PB
TXN-002465,2024-02-23 04:00:31,CUST-00246,MERCH-0167,supermercados,463.76,cartao_credito,app_mobile,FP-414838,189.78.xxx.xxx,aprovada,0,,171,RN
TXN-002466,2024-02-02 05:31:05,CUST-00509,MERCH-0140,viagens,140.54,cartao_debito,app_mobile,FP-700636,87.147.xxx.xxx,aprovada,0,,98,RJ
TXN-002467,2024-02-16 00:45:40,CUST-00261,MERCH-0061,farmacias,1913.81,cartao_debito,app_mobile,FP-202519,211.121.xxx.xxx,pendente,0,,88,SC
TXN-002468,2024-01-06 03:14:15,CUST-00693,MERCH-0063,e-commerce,721.93,PIX,API,,10.79.xxx.xxx,aprovada,0,,305,MT
TXN-002469,2024-01-28 22:25:20,CUST-00644,MERCH-0109,postos,94.8,TED,app_mobile,FP-306933,80.63.xxx.xxx,aprovada,0,,114,MG
TXN-002470,2024-02-25 19:49:37,CUST-00739,MERCH-0161,e-commerce,533.33,TED,internet_banking,FP-831966,40.38.xxx.xxx,estornada,0,,69,RS
TXN-002471,2024-02-23 05:13:31,CUST-00196,MERCH-0133,e-commerce,238.56,PIX,app_mobile,FP-522519,142.231.xxx.xxx,aprovada,0,,510,RN
TXN-002472,2024-01-29 23:12:23,CUST-00520,MERCH-0058,outros,212.43,cartao_credito,API,,47.251.xxx.xxx,pendente,0,,283,RS
TXN-002473,2024-01-30 14:25:55,CUST-00369,MERCH-0123,marketplace,1758.59,cartao_debito,app_mobile,FP-395573,64.162.xxx.xxx,aprovada,0,,287,PI
TXN-002474,2024-02-05 19:10:34,CUST-00238,MERCH-0103,supermercados,350.53,cartao_debito,app_mobile,FP-340244,130.181.xxx.xxx,aprovada,0,,43,MG
TXN-002475,2024-02-15 06:57:48,CUST-00721,MERCH-0106,servicos_digitais,490.89,boleto,API,,66.45.xxx.xxx,aprovada,0,0,205,GO
TXN-002476,2024-02-29 23:51:55,CUST-00283,MERCH-0152,e-commerce,179.32,boleto,internet_banking,FP-246440,96.76.xxx.xxx,aprovada,0,0,121,ES
TXN-002477,2024-02-18 05:17:57,CUST-00214,MERCH-0007,marketplace,312.64,PIX,caixa_eletronico,FP-132484,237.12.xxx.xxx,aprovada,0,,316,DF
TXN-002478,2024-01-03 17:25:31,CUST-00385,MERCH-0121,postos,131.03,TED,API,,29.49.xxx.xxx,aprovada,0,,180,RJ
TXN-002479,2024-01-25 21:00:21,CUST-00727,MERCH-0172,e-commerce,1304.08,cartao_credito,app_mobile,FP-216094,112.35.xxx.xxx,aprovada,0,,876,AL
TXN-002480,2024-01-08 07:34:13,CUST-00614,MERCH-0153,restaurantes,343.84,TED,app_mobile,FP-776676,235.176.xxx.xxx,aprovada,0,,199,RS
TXN-002481,2024-01-22 12:48:57,CUST-00048,MERCH-0075,utilidades,358.94,cartao_debito,internet_banking,FP-342570,72.156.xxx.xxx,aprovada,0,,269,PB
TXN-002482,2024-02-16 16:42:15,CUST-00268,MERCH-0161,marketplace,48.58,TED,app_mobile,FP-892250,150.181.xxx.xxx,aprovada,0,,667,ES
TXN-002483,2024-02-09 23:30:42,CUST-00540,MERCH-0026,postos,111.04,cartao_debito,internet_banking,FP-444643,182.84.xxx.xxx,aprovada,0,,122,SC
TXN-002484,2024-02-15 14:21:11,CUST-00082,MERCH-0121,farmacias,478.78,cartao_credito,app_mobile,FP-159401,131.50.xxx.xxx,aprovada,0,,363,ES
TXN-002485,2024-02-06 07:42:50,CUST-00777,MERCH-0002,utilidades,490.73,PIX,API,,252.134.xxx.xxx,aprovada,0,,403,SP
TXN-002486,2024-01-08 03:23:20,CUST-00577,MERCH-0113,farmacias,1468.24,boleto,API,,65.78.xxx.xxx,aprovada,1,1,144,SP
TXN-002487,2024-01-17 20:24:15,CUST-00164,MERCH-0026,servicos_digitais,4258.8,PIX,API,,82.41.xxx.xxx,aprovada,0,,158,SP
TXN-002488,2024-01-27 00:40:51,CUST-00342,MERCH-0171,utilidades,28.68,PIX,app_mobile,FP-267251,5.238.xxx.xxx,aprovada,0,,537,DF
TXN-002489,2024-02-22 14:48:12,CUST-00606,MERCH-0128,servicos_digitais,411.53,TED,internet_banking,FP-648818,118.39.xxx.xxx,aprovada,0,,120,SP
TXN-002490,2024-02-01 02:56:12,CUST-00434,MERCH-0085,farmacias,2107.89,PIX,internet_banking,FP-286539,6.103.xxx.xxx,aprovada,0,,207,RJ
TXN-002491,2024-01-30 00:31:02,CUST-00627,MERCH-0171,servicos_digitais,894.16,PIX,API,,132.174.xxx.xxx,aprovada,0,,69,SP
TXN-002492,2024-02-21 22:50:47,CUST-00502,MERCH-0158,supermercados,293.01,PIX,API,FP-580273,169.51.xxx.xxx,pendente,0,,240,SP
TXN-002493,2024-01-28 21:17:19,CUST-00750,MERCH-0159,outros,701.72,cartao_credito,internet_banking,FP-330546,209.180.xxx.xxx,aprovada,1,1,236,SC
TXN-002494,2024-01-07 00:30:47,CUST-00646,MERCH-0012,e-commerce,2481.55,cartao_debito,app_mobile,FP-409847,188.238.xxx.xxx,aprovada,0,,260,ES
TXN-002495,2024-01-16 13:55:18,CUST-00577,MERCH-0044,e-commerce,1200.23,cartao_credito,internet_banking,,145.184.xxx.xxx,aprovada,0,,118,RJ
TXN-002496,2024-02-26 11:58:19,CUST-00281,MERCH-0066,restaurantes,187.49,TED,internet_banking,FP-822467,230.31.xxx.xxx,aprovada,0,,293,BA
TXN-002497,2024-02-24 17:26:32,CUST-00143,MERCH-0108,marketplace,737.67,PIX,app_mobile,FP-242214,115.43.xxx.xxx,aprovada,0,,125,RJ
TXN-002498,2024-01-03 20:15:41,CUST-00800,MERCH-0055,e-commerce,280.47,cartao_credito,app_mobile,FP-935312,125.1.xxx.xxx,aprovada,0,,306,AM
TXN-002499,2024-01-30 03:26:18,CUST-00173,MERCH-0055,restaurantes,109.48,boleto,app_mobile,FP-994849,68.18.xxx.xxx,estornada,1,0,173,MT
TXN-002500,2024-02-19 21:53:10,CUST-00709,MERCH-0027,utilidades,493.12,boleto,app_mobile,FP-677477,165.111.xxx.xxx,aprovada,0,,54,RO
TXN-002501,2024-01-13 19:37:39,CUST-00563,MERCH-0095,utilidades,712.84,cartao_debito,internet_banking,FP-617186,72.153.xxx.xxx,estornada,0,,86,RJ
TXN-002502,2024-02-08 16:47:29,CUST-00551,MERCH-0024,outros,44.32,PIX,caixa_eletronico,FP-874124,180.248.xxx.xxx,pendente,0,,80,MG
TXN-002503,2024-01-27 04:53:17,CUST-00154,MERCH-0142,postos,1585.26,PIX,app_mobile,FP-155343,117.203.xxx.xxx,aprovada,1,1,3541,ES
TXN-002504,2024-02-06 13:39:24,CUST-00095,MERCH-0080,supermercados,78.25,cartao_debito,internet_banking,,152.66.xxx.xxx,aprovada,0,,52,MG
TXN-002505,2024-02-21 13:33:21,CUST-00447,MERCH-0126,viagens,2954.67,PIX,API,,195.234.xxx.xxx,aprovada,0,,163,RJ
TXN-002506,2024-01-30 23:18:58,CUST-00049,MERCH-0019,marketplace,130.15,PIX,app_mobile,FP-557537,175.244.xxx.xxx,aprovada,0,,382,DF
TXN-002507,2024-02-12 09:43:05,CUST-00237,MERCH-0145,restaurantes,36.99,cartao_credito,internet_banking,FP-991859,192.112.xxx.xxx,aprovada,0,,205,RN
TXN-002508,2024-02-25 05:36:45,CUST-00685,MERCH-0186,e-commerce,133.24,cartao_credito,app_mobile,,8.143.xxx.xxx,pendente,0,,270,PI
TXN-002509,2024-01-22 13:30:52,CUST-00273,MERCH-0102,restaurantes,489.13,cartao_credito,API,,209.21.xxx.xxx,aprovada,0,,79,ES
TXN-002510,2024-02-04 15:09:00,CUST-00506,MERCH-0118,restaurantes,101.8,cartao_debito,internet_banking,FP-791976,109.253.xxx.xxx,aprovada,0,,40,SP
TXN-002511,2024-02-08 03:45:29,CUST-00106,MERCH-0180,utilidades,179.55,cartao_credito,caixa_eletronico,FP-835829,35.145.xxx.xxx,aprovada,0,,110,RS
TXN-002512,2024-01-28 13:53:39,CUST-00017,MERCH-0020,supermercados,425.59,PIX,API,,15.165.xxx.xxx,aprovada,0,,127,SC
TXN-002513,2024-02-25 23:42:31,CUST-00469,MERCH-0139,servicos_digitais,344.37,PIX,internet_banking,FP-719061,85.30.xxx.xxx,aprovada,0,,358,PE
TXN-002514,2024-02-11 17:31:25,CUST-00215,MERCH-0039,outros,335.54,PIX,internet_banking,,174.170.xxx.xxx,aprovada,0,1,1682,RJ
TXN-002515,2024-02-04 15:22:16,CUST-00588,MERCH-0156,supermercados,291.63,cartao_credito,internet_banking,FP-510435,87.165.xxx.xxx,aprovada,0,,159,SP
TXN-002516,2024-01-01 00:40:16,CUST-00482,MERCH-0102,marketplace,80.35,cartao_debito,internet_banking,FP-966662,179.62.xxx.xxx,aprovada,0,0,107,ES
TXN-002517,2024-01-12 17:08:58,CUST-00559,MERCH-0031,utilidades,2205.44,PIX,API,,45.62.xxx.xxx,aprovada,0,,32,MG
TXN-002518,2024-02-01 15:05:01,CUST-00372,MERCH-0031,restaurantes,120.29,cartao_debito,API,FP-857517,230.94.xxx.xxx,aprovada,0,,202,RR
TXN-002519,2024-01-11 19:15:05,CUST-00620,MERCH-0004,outros,112.59,boleto,caixa_eletronico,,215.149.xxx.xxx,aprovada,0,,290,PI
TXN-002520,2024-02-24 03:58:23,CUST-00611,MERCH-0133,marketplace,597.12,boleto,app_mobile,FP-818524,49.189.xxx.xxx,aprovada,0,,50,MT
TXN-002521,2024-02-18 16:22:37,CUST-00114,MERCH-0084,e-commerce,148.01,PIX,internet_banking,FP-630857,110.192.xxx.xxx,aprovada,1,,303,MG
TXN-002522,2024-02-02 19:46:02,CUST-00003,MERCH-0145,e-commerce,412.18,cartao_credito,app_mobile,FP-654530,81.197.xxx.xxx,aprovada,0,,55,SE
TXN-002523,2024-01-18 07:58:59,CUST-00415,MERCH-0031,restaurantes,310.79,TED,app_mobile,FP-401301,51.183.xxx.xxx,aprovada,0,,166,RJ
TXN-002524,2024-01-17 12:33:06,CUST-00456,MERCH-0191,supermercados,73.37,cartao_credito,app_mobile,FP-114406,76.27.xxx.xxx,aprovada,0,,141,ES
TXN-002525,2024-02-22 17:11:55,CUST-00288,MERCH-0060,e-commerce,37.35,PIX,internet_banking,FP-525657,140.159.xxx.xxx,pendente,0,,514,RJ
TXN-002526,2024-02-07 19:18:56,CUST-00637,MERCH-0029,e-commerce,29.72,cartao_credito,API,,121.241.xxx.xxx,aprovada,0,,644,BA
TXN-002527,2024-02-22 16:05:20,CUST-00665,MERCH-0080,farmacias,338.11,cartao_credito,app_mobile,FP-761889,46.211.xxx.xxx,pendente,0,,139,GO
TXN-002528,2024-02-03 18:00:38,CUST-00751,MERCH-0059,restaurantes,490.72,boleto,app_mobile,FP-567059,121.82.xxx.xxx,aprovada,0,,945,MG
TXN-002529,2024-01-01 04:29:51,CUST-00458,MERCH-0132,supermercados,730.97,boleto,app_mobile,FP-794767,133.132.xxx.xxx,recusada,0,,149,SC
TXN-002530,2024-02-01 15:33:49,CUST-00370,MERCH-0030,restaurantes,811.38,PIX,app_mobile,FP-807054,254.244.xxx.xxx,aprovada,0,,257,MG
TXN-002531,2024-02-18 21:43:21,CUST-00128,MERCH-0117,marketplace,182.69,cartao_credito,app_mobile,FP-271005,93.11.xxx.xxx,aprovada,0,,162,RS
TXN-002532,2024-02-29 22:00:08,CUST-00790,MERCH-0175,restaurantes,350.98,TED,API,,180.135.xxx.xxx,pendente,0,,165,PR
TXN-002533,2024-02-05 06:27:14,CUST-00784,MERCH-0081,restaurantes,494.75,cartao_credito,internet_banking,FP-990285,44.79.xxx.xxx,aprovada,0,0,353,MG
TXN-002534,2024-02-04 11:31:23,CUST-00291,MERCH-0076,supermercados,144.64,TED,app_mobile,FP-574141,239.91.xxx.xxx,aprovada,0,,221,RJ
TXN-002535,2024-02-24 16:25:04,CUST-00700,MERCH-0162,farmacias,778.91,PIX,internet_banking,FP-316111,14.1.xxx.xxx,aprovada,0,,400,MG
TXN-002536,2024-02-11 18:22:18,CUST-00489,MERCH-0019,marketplace,750.33,cartao_debito,app_mobile,FP-766167,217.242.xxx.xxx,recusada,0,,82,MS
TXN-002537,2024-01-02 13:59:43,CUST-00243,MERCH-0099,marketplace,271.06,TED,API,,30.233.xxx.xxx,aprovada,0,,111,DF
TXN-002538,2024-01-19 02:19:02,CUST-00187,MERCH-0003,supermercados,186.12,cartao_debito,app_mobile,FP-100056,196.191.xxx.xxx,aprovada,0,,97,AL
TXN-002539,2024-01-09 14:47:27,CUST-00382,MERCH-0004,supermercados,797.63,cartao_debito,app_mobile,FP-733155,123.25.xxx.xxx,recusada,0,,570,SP
TXN-002540,2024-01-07 23:17:02,CUST-00676,MERCH-0085,restaurantes,115.55,cartao_credito,app_mobile,FP-372861,162.15.xxx.xxx,aprovada,0,,56,RJ
TXN-002541,2024-01-12 02:51:16,CUST-00066,MERCH-0197,marketplace,743.83,PIX,internet_banking,FP-766415,176.63.xxx.xxx,aprovada,0,,31,RS
TXN-002542,2024-02-23 10:46:59,CUST-00057,MERCH-0056,supermercados,234.16,PIX,caixa_eletronico,FP-502043,99.239.xxx.xxx,aprovada,0,,278,MS
TXN-002543,2024-01-06 19:36:30,CUST-00352,MERCH-0071,viagens,81.46,PIX,app_mobile,FP-201980,169.150.xxx.xxx,aprovada,0,,63,MG
TXN-002544,2024-01-19 15:01:05,CUST-00579,MERCH-0172,postos,87.68,PIX,app_mobile,FP-782691,182.41.xxx.xxx,aprovada,0,0,304,SP
TXN-002545,2024-02-05 21:58:15,CUST-00394,MERCH-0186,supermercados,101.34,PIX,API,,202.165.xxx.xxx,aprovada,0,,99,MG
TXN-002546,2024-01-27 14:04:41,CUST-00645,MERCH-0171,farmacias,1893.19,boleto,API,,27.92.xxx.xxx,aprovada,0,,387,MG
TXN-002547,2024-01-22 03:11:57,CUST-00632,MERCH-0167,e-commerce,46.48,cartao_credito,internet_banking,FP-276828,208.119.xxx.xxx,aprovada,0,,500,MG
TXN-002548,2024-01-04 01:40:28,CUST-00704,MERCH-0130,restaurantes,89.87,cartao_credito,app_mobile,FP-746060,18.16.xxx.xxx,aprovada,0,,444,SP
TXN-002549,2024-02-21 06:24:44,CUST-00485,MERCH-0081,e-commerce,50.23,PIX,app_mobile,FP-984017,173.68.xxx.xxx,recusada,0,0,221,DF
TXN-002550,2024-01-09 09:34:04,CUST-00078,MERCH-0194,e-commerce,374.23,PIX,internet_banking,FP-174297,105.174.xxx.xxx,aprovada,0,,158,PR
TXN-002551,2024-02-15 18:37:22,CUST-00669,MERCH-0041,restaurantes,118.17,PIX,caixa_eletronico,FP-550484,202.97.xxx.xxx,aprovada,0,,76,MG
TXN-002552,2024-01-05 08:38:07,CUST-00740,MERCH-0019,viagens,24.95,cartao_debito,app_mobile,FP-857344,11.121.xxx.xxx,aprovada,0,,650,AM
TXN-002553,2024-02-14 03:17:09,CUST-00198,MERCH-0089,outros,239.11,TED,API,,148.140.xxx.xxx,aprovada,1,1,1312,SC
TXN-002554,2024-02-20 15:42:57,CUST-00638,MERCH-0193,supermercados,247.42,PIX,internet_banking,FP-910102,196.16.xxx.xxx,aprovada,0,,472,MG
TXN-002555,2024-02-14 23:14:01,CUST-00649,MERCH-0152,outros,88.81,PIX,app_mobile,FP-850008,64.67.xxx.xxx,aprovada,0,,145,ES
TXN-002556,2024-02-15 14:07:52,CUST-00561,MERCH-0030,marketplace,44.46,cartao_credito,internet_banking,FP-993784,216.223.xxx.xxx,estornada,0,,263,AL
TXN-002557,2024-01-23 05:15:55,CUST-00490,MERCH-0084,marketplace,376.49,cartao_debito,API,,101.1.xxx.xxx,aprovada,0,,92,ES
TXN-002558,2024-02-29 01:46:43,CUST-00620,MERCH-0059,servicos_digitais,530.22,PIX,app_mobile,,72.152.xxx.xxx,aprovada,0,,60,PB
TXN-002559,2024-02-03 14:58:23,CUST-00798,MERCH-0199,farmacias,114.15,cartao_credito,internet_banking,FP-780516,75.49.xxx.xxx,aprovada,0,,248,MS
TXN-002560,2024-02-17 06:35:02,CUST-00098,MERCH-0113,e-commerce,310.72,PIX,app_mobile,FP-239128,192.20.xxx.xxx,aprovada,0,,278,RO
TXN-002561,2024-01-13 19:02:34,CUST-00007,MERCH-0003,viagens,242.58,cartao_credito,app_mobile,FP-257670,244.31.xxx.xxx,aprovada,0,,269,ES
TXN-002562,2024-02-28 02:47:20,CUST-00389,MERCH-0179,farmacias,412.55,boleto,app_mobile,FP-165057,23.166.xxx.xxx,estornada,0,,342,MG
TXN-002563,2024-01-29 06:34:08,CUST-00729,MERCH-0029,restaurantes,233.18,TED,app_mobile,FP-732107,245.163.xxx.xxx,aprovada,0,,131,ES
TXN-002564,2024-02-19 01:03:58,CUST-00441,MERCH-0198,marketplace,156.99,cartao_credito,internet_banking,FP-430252,241.132.xxx.xxx,aprovada,0,,190,MG
TXN-002565,2024-02-09 14:48:36,CUST-00722,MERCH-0192,marketplace,189.87,cartao_debito,app_mobile,FP-808662,62.3.xxx.xxx,aprovada,0,0,203,ES
TXN-002566,2024-01-01 07:42:54,CUST-00289,MERCH-0018,marketplace,650.73,TED,app_mobile,FP-742115,52.76.xxx.xxx,recusada,0,,142,ES
TXN-002567,2024-01-23 01:25:15,CUST-00059,MERCH-0073,servicos_digitais,189.36,TED,internet_banking,FP-967315,184.198.xxx.xxx,aprovada,0,,248,SP
TXN-002568,2024-01-08 20:05:58,CUST-00160,MERCH-0005,servicos_digitais,522.7,cartao_credito,internet_banking,FP-935169,61.81.xxx.xxx,aprovada,0,,328,MG
TXN-002569,2024-02-14 19:39:22,CUST-00761,MERCH-0079,postos,330.9,boleto,internet_banking,,33.172.xxx.xxx,aprovada,0,0,101,ES
TXN-002570,2024-01-08 17:30:44,CUST-00711,MERCH-0188,marketplace,1008.47,PIX,app_mobile,FP-241699,211.191.xxx.xxx,aprovada,0,,247,RO
TXN-002571,2024-01-07 21:39:17,CUST-00350,MERCH-0136,marketplace,433.18,cartao_credito,caixa_eletronico,FP-346619,55.97.xxx.xxx,aprovada,0,,461,RS
TXN-002572,2024-01-11 11:24:15,CUST-00233,MERCH-0108,e-commerce,188.54,cartao_credito,internet_banking,FP-156748,131.92.xxx.xxx,aprovada,0,,216,MG
TXN-002573,2024-01-08 10:02:25,CUST-00156,MERCH-0150,servicos_digitais,27.89,PIX,internet_banking,FP-316646,12.32.xxx.xxx,aprovada,0,,233,AP
TXN-002574,2024-01-03 00:56:36,CUST-00433,MERCH-0170,e-commerce,256.66,cartao_credito,caixa_eletronico,FP-672103,31.136.xxx.xxx,aprovada,0,,150,AP
TXN-002575,2024-02-22 16:42:00,CUST-00372,MERCH-0146,supermercados,244.92,cartao_credito,internet_banking,FP-539066,67.139.xxx.xxx,aprovada,0,,2244,AC
TXN-002576,2024-02-07 01:09:20,CUST-00739,MERCH-0121,marketplace,2227.46,PIX,internet_banking,FP-142375,207.248.xxx.xxx,aprovada,0,,175,RS
TXN-002577,2024-01-30 05:47:06,CUST-00093,MERCH-0166,farmacias,607.08,cartao_debito,internet_banking,FP-452182,230.200.xxx.xxx,aprovada,0,,35,SP
TXN-002578,2024-02-22 07:26:15,CUST-00278,MERCH-0049,utilidades,130.99,cartao_credito,API,,107.97.xxx.xxx,aprovada,0,,48,SP
TXN-002579,2024-02-06 16:20:33,CUST-00608,MERCH-0171,farmacias,122.29,PIX,internet_banking,FP-650101,178.179.xxx.xxx,aprovada,0,0,49,RS
TXN-002580,2024-02-10 13:31:52,CUST-00604,MERCH-0151,e-commerce,591.07,boleto,internet_banking,FP-124000,153.154.xxx.xxx,recusada,0,,190,MG
TXN-002581,2024-02-21 19:53:23,CUST-00295,MERCH-0083,restaurantes,778.19,cartao_credito,app_mobile,FP-522215,134.66.xxx.xxx,aprovada,0,,1205,SP
TXN-002582,2024-02-16 06:09:41,CUST-00595,MERCH-0180,outros,48.52,boleto,internet_banking,,120.140.xxx.xxx,recusada,0,,250,RJ
TXN-002583,2024-02-02 19:30:50,CUST-00329,MERCH-0199,postos,380.94,PIX,internet_banking,FP-338391,192.45.xxx.xxx,aprovada,0,,198,MG
TXN-002584,2024-01-10 09:05:25,CUST-00230,MERCH-0032,supermercados,29.68,cartao_debito,app_mobile,,85.163.xxx.xxx,recusada,0,,95,PA
TXN-002585,2024-02-20 12:06:26,CUST-00456,MERCH-0037,servicos_digitais,205.82,cartao_debito,app_mobile,FP-404485,35.9.xxx.xxx,estornada,0,,276,ES
TXN-002586,2024-02-08 18:24:33,CUST-00169,MERCH-0184,marketplace,249.92,TED,app_mobile,FP-676428,234.38.xxx.xxx,aprovada,0,,670,RS
TXN-002587,2024-01-27 06:35:20,CUST-00605,MERCH-0054,supermercados,68.99,cartao_credito,internet_banking,FP-344333,96.228.xxx.xxx,recusada,0,,323,ES
TXN-002588,2024-01-28 04:37:59,CUST-00325,MERCH-0115,supermercados,457.13,PIX,internet_banking,FP-806981,191.233.xxx.xxx,aprovada,0,,135,DF
TXN-002589,2024-02-11 03:53:34,CUST-00195,MERCH-0057,farmacias,203.29,PIX,app_mobile,FP-720344,116.231.xxx.xxx,aprovada,0,,47,SP
TXN-002590,2024-02-21 18:49:36,CUST-00554,MERCH-0009,utilidades,106.59,PIX,app_mobile,FP-630307,118.231.xxx.xxx,aprovada,0,,22,AC
TXN-002591,2024-01-15 13:24:24,CUST-00290,MERCH-0134,e-commerce,602.09,PIX,API,,182.2.xxx.xxx,aprovada,0,,270,RN
TXN-002592,2024-02-24 23:21:35,CUST-00596,MERCH-0200,viagens,1064.29,cartao_debito,internet_banking,FP-709823,133.21.xxx.xxx,aprovada,0,,350,RJ
TXN-002593,2024-02-25 23:13:04,CUST-00747,MERCH-0194,supermercados,138.6,PIX,API,FP-631733,191.97.xxx.xxx,aprovada,1,0,86,ES
TXN-002594,2024-01-25 11:47:00,CUST-00293,MERCH-0165,utilidades,4533.63,TED,API,,94.156.xxx.xxx,pendente,0,,280,AL
TXN-002595,2024-01-02 02:49:23,CUST-00570,MERCH-0146,servicos_digitais,186.05,cartao_credito,internet_banking,FP-936768,57.231.xxx.xxx,aprovada,0,,290,RS
TXN-002596,2024-02-18 20:47:11,CUST-00693,MERCH-0169,restaurantes,1173.83,PIX,app_mobile,FP-678990,222.151.xxx.xxx,aprovada,0,,191,MS
TXN-002597,2024-01-22 15:21:43,CUST-00504,MERCH-0039,supermercados,156.11,cartao_credito,app_mobile,FP-964441,219.162.xxx.xxx,aprovada,0,,147,RS
TXN-002598,2024-01-09 03:54:46,CUST-00173,MERCH-0080,marketplace,204.93,cartao_credito,API,,72.75.xxx.xxx,aprovada,0,,115,MT
TXN-002599,2024-02-26 23:11:05,CUST-00643,MERCH-0077,marketplace,422.81,cartao_credito,API,FP-330621,11.196.xxx.xxx,aprovada,0,1,92,MG
TXN-002600,2024-02-09 13:39:45,CUST-00193,MERCH-0032,marketplace,146.08,cartao_credito,API,,74.57.xxx.xxx,aprovada,0,,96,MG
TXN-002601,2024-01-16 08:20:27,CUST-00758,MERCH-0184,viagens,362.28,cartao_credito,app_mobile,FP-978031,130.61.xxx.xxx,aprovada,0,,90,SP
TXN-002602,2024-02-29 23:07:45,CUST-00276,MERCH-0087,e-commerce,932.83,cartao_credito,app_mobile,FP-196292,1.168.xxx.xxx,aprovada,0,,629,PR
TXN-002603,2024-01-29 11:26:03,CUST-00091,MERCH-0078,outros,2786.43,cartao_credito,internet_banking,FP-999967,147.239.xxx.xxx,aprovada,0,,130,ES
TXN-002604,2024-02-27 17:29:16,CUST-00109,MERCH-0054,servicos_digitais,69.79,cartao_credito,caixa_eletronico,FP-824419,115.26.xxx.xxx,aprovada,1,,163,SP
TXN-002605,2024-02-09 11:03:18,CUST-00029,MERCH-0141,marketplace,334.71,TED,API,,127.97.xxx.xxx,aprovada,0,,176,PB
TXN-002606,2024-01-13 06:14:09,CUST-00654,MERCH-0184,e-commerce,91.51,boleto,app_mobile,FP-566277,243.36.xxx.xxx,aprovada,0,,103,AC
TXN-002607,2024-01-10 09:50:29,CUST-00020,MERCH-0162,marketplace,31.45,TED,internet_banking,FP-580425,171.101.xxx.xxx,aprovada,0,,860,PR
TXN-002608,2024-01-14 06:00:29,CUST-00063,MERCH-0193,servicos_digitais,135.13,PIX,internet_banking,FP-923792,252.130.xxx.xxx,aprovada,0,,219,RN
TXN-002609,2024-02-22 11:54:45,CUST-00351,MERCH-0192,marketplace,187.08,PIX,caixa_eletronico,FP-560191,141.33.xxx.xxx,aprovada,0,0,43,ES
TXN-002610,2024-01-10 07:54:13,CUST-00694,MERCH-0063,servicos_digitais,160.45,PIX,app_mobile,FP-476793,58.98.xxx.xxx,aprovada,0,0,120,RJ
TXN-002611,2024-01-20 03:33:20,CUST-00523,MERCH-0067,marketplace,391.55,PIX,internet_banking,FP-298302,67.130.xxx.xxx,aprovada,0,,820,PR
TXN-002612,2024-01-24 15:51:06,CUST-00716,MERCH-0180,servicos_digitais,365.68,cartao_credito,API,FP-819630,5.190.xxx.xxx,aprovada,0,,59,DF
TXN-002613,2024-01-10 12:07:16,CUST-00075,MERCH-0132,servicos_digitais,136.86,cartao_credito,internet_banking,FP-701157,86.235.xxx.xxx,aprovada,0,,316,PR
TXN-002614,2024-01-01 08:11:02,CUST-00225,MERCH-0078,utilidades,333.34,cartao_debito,app_mobile,FP-806715,98.145.xxx.xxx,estornada,0,,37,SP
TXN-002615,2024-01-16 14:42:41,CUST-00778,MERCH-0098,postos,1926.71,PIX,app_mobile,FP-187577,112.192.xxx.xxx,aprovada,0,,377,RJ
TXN-002616,2024-01-01 01:04:01,CUST-00228,MERCH-0011,e-commerce,548.27,cartao_credito,caixa_eletronico,FP-409664,4.234.xxx.xxx,aprovada,0,,296,PI
TXN-002617,2024-01-26 16:38:55,CUST-00094,MERCH-0099,outros,252.87,boleto,API,,122.234.xxx.xxx,recusada,0,,367,ES
TXN-002618,2024-02-08 04:25:10,CUST-00704,MERCH-0022,servicos_digitais,354.47,boleto,app_mobile,FP-528644,118.199.xxx.xxx,aprovada,0,,667,MG
TXN-002619,2024-01-23 00:00:44,CUST-00159,MERCH-0053,marketplace,56.43,PIX,internet_banking,FP-398248,114.229.xxx.xxx,estornada,0,,236,PB
TXN-002620,2024-01-12 05:46:09,CUST-00058,MERCH-0095,e-commerce,190.51,cartao_debito,internet_banking,FP-451048,10.104.xxx.xxx,aprovada,0,,101,AM
TXN-002621,2024-02-05 04:47:18,CUST-00680,MERCH-0131,utilidades,1233.68,cartao_debito,API,,142.252.xxx.xxx,recusada,0,,39,SC
TXN-002622,2024-01-20 18:41:07,CUST-00027,MERCH-0111,utilidades,94.57,cartao_credito,app_mobile,FP-203274,235.72.xxx.xxx,aprovada,0,,460,SC
TXN-002623,2024-02-28 23:19:55,CUST-00238,MERCH-0175,e-commerce,39.08,boleto,caixa_eletronico,FP-925859,171.99.xxx.xxx,aprovada,0,,134,MG
TXN-002624,2024-02-15 14:13:18,CUST-00362,MERCH-0169,restaurantes,76.02,TED,app_mobile,FP-305285,66.130.xxx.xxx,aprovada,0,,281,PE
TXN-002625,2024-02-14 05:10:00,CUST-00090,MERCH-0019,farmacias,194.85,cartao_debito,API,,236.174.xxx.xxx,aprovada,0,,48,RJ
TXN-002626,2024-02-17 16:21:45,CUST-00018,MERCH-0124,outros,66.39,PIX,app_mobile,FP-360514,166.20.xxx.xxx,aprovada,0,,163,RJ
TXN-002627,2024-02-25 05:03:23,CUST-00407,MERCH-0147,farmacias,313.42,PIX,API,,50.6.xxx.xxx,aprovada,0,,155,MG
TXN-002628,2024-01-03 17:51:25,CUST-00710,MERCH-0173,outros,56.01,PIX,app_mobile,FP-516675,52.167.xxx.xxx,aprovada,0,,82,ES
TXN-002629,2024-02-20 00:00:35,CUST-00021,MERCH-0150,supermercados,230.43,PIX,caixa_eletronico,FP-477716,136.129.xxx.xxx,aprovada,0,,77,PR
TXN-002630,2024-02-22 06:42:31,CUST-00221,MERCH-0068,restaurantes,439.8,cartao_credito,internet_banking,FP-667721,232.11.xxx.xxx,aprovada,0,,203,RJ
TXN-002631,2024-02-08 10:18:38,CUST-00136,MERCH-0076,e-commerce,683.39,PIX,app_mobile,FP-545225,59.222.xxx.xxx,aprovada,0,,72,AM
TXN-002632,2024-02-26 20:02:33,CUST-00633,MERCH-0144,farmacias,28.28,cartao_credito,API,,162.127.xxx.xxx,recusada,0,,352,AM
TXN-002633,2024-01-12 02:46:52,CUST-00062,MERCH-0046,postos,396.76,PIX,internet_banking,FP-293135,32.122.xxx.xxx,aprovada,0,,141,SE
TXN-002634,2024-01-22 06:46:35,CUST-00071,MERCH-0171,restaurantes,46.61,TED,app_mobile,FP-248920,252.129.xxx.xxx,aprovada,0,,97,TO
TXN-002635,2024-02-15 16:08:57,CUST-00052,MERCH-0112,postos,437.65,cartao_debito,app_mobile,FP-775668,234.165.xxx.xxx,aprovada,0,,392,MG
TXN-002636,2024-01-11 23:18:17,CUST-00690,MERCH-0105,outros,589.72,TED,internet_banking,FP-886799,179.40.xxx.xxx,aprovada,0,,85,RJ
TXN-002637,2024-02-18 06:05:57,CUST-00409,MERCH-0088,e-commerce,29.94,cartao_debito,app_mobile,FP-385033,249.65.xxx.xxx,aprovada,1,0,514,MG
TXN-002638,2024-01-14 06:23:02,CUST-00282,MERCH-0189,marketplace,52.94,boleto,app_mobile,FP-952828,17.159.xxx.xxx,aprovada,0,,156,MT
TXN-002639,2024-01-26 16:03:28,CUST-00762,MERCH-0158,postos,140.22,boleto,API,FP-318909,121.7.xxx.xxx,aprovada,0,,89,ES
TXN-002640,2024-01-23 13:04:59,CUST-00276,MERCH-0073,supermercados,776.7,TED,internet_banking,FP-453433,200.178.xxx.xxx,aprovada,0,,164,PR
TXN-002641,2024-01-17 16:40:37,CUST-00261,MERCH-0117,e-commerce,281.13,cartao_debito,app_mobile,FP-863232,68.118.xxx.xxx,recusada,1,0,78,SC
TXN-002642,2024-02-25 16:19:47,CUST-00226,MERCH-0003,marketplace,160.58,cartao_credito,internet_banking,FP-838418,65.92.xxx.xxx,pendente,0,,248,RN
TXN-002643,2024-02-21 00:38:22,CUST-00755,MERCH-0196,utilidades,574.63,cartao_debito,API,FP-484992,56.210.xxx.xxx,aprovada,0,,147,SP
TXN-002644,2024-02-13 02:43:50,CUST-00800,MERCH-0034,restaurantes,226.37,cartao_credito,internet_banking,FP-295438,242.134.xxx.xxx,aprovada,0,0,68,RR
TXN-002645,2024-02-19 04:41:07,CUST-00100,MERCH-0154,supermercados,29.75,PIX,internet_banking,FP-168701,141.143.xxx.xxx,aprovada,0,,56,SP
TXN-002646,2024-02-13 22:34:14,CUST-00565,MERCH-0046,servicos_digitais,190.1,boleto,caixa_eletronico,FP-133426,47.174.xxx.xxx,recusada,0,,110,ES
TXN-002647,2024-02-23 13:25:18,CUST-00493,MERCH-0038,postos,123.45,TED,API,,174.85.xxx.xxx,recusada,0,0,140,MG
TXN-002648,2024-01-29 23:20:59,CUST-00520,MERCH-0132,utilidades,362.61,cartao_credito,app_mobile,FP-877987,108.72.xxx.xxx,aprovada,0,,214,PR
TXN-002649,2024-02-17 02:03:53,CUST-00225,MERCH-0063,e-commerce,1041.03,TED,app_mobile,FP-292380,33.139.xxx.xxx,aprovada,0,,514,SP
TXN-002650,2024-02-13 07:47:04,CUST-00630,MERCH-0052,outros,195.5,cartao_debito,app_mobile,FP-307998,135.25.xxx.xxx,aprovada,0,,152,RR
TXN-002651,2024-01-11 19:19:34,CUST-00800,MERCH-0198,e-commerce,99.79,cartao_credito,app_mobile,FP-381535,10.66.xxx.xxx,aprovada,0,0,294,AC
TXN-002652,2024-02-23 21:47:40,CUST-00678,MERCH-0079,utilidades,70.38,cartao_debito,internet_banking,FP-910670,131.161.xxx.xxx,aprovada,0,,46,SP
TXN-002653,2024-01-25 08:58:06,CUST-00644,MERCH-0105,utilidades,200.31,PIX,internet_banking,FP-427028,249.175.xxx.xxx,aprovada,0,,538,RJ
TXN-002654,2024-01-20 16:31:18,CUST-00205,MERCH-0025,supermercados,179.58,PIX,app_mobile,FP-400469,144.30.xxx.xxx,aprovada,0,,252,PA
TXN-002655,2024-02-26 11:07:40,CUST-00625,MERCH-0066,e-commerce,211.52,boleto,app_mobile,FP-967160,193.83.xxx.xxx,aprovada,0,,264,BA
TXN-002656,2024-02-19 13:36:51,CUST-00692,MERCH-0017,farmacias,132.88,PIX,internet_banking,FP-258729,91.207.xxx.xxx,aprovada,0,,37,RJ
TXN-002657,2024-02-05 15:21:57,CUST-00267,MERCH-0113,utilidades,176.95,cartao_credito,API,,18.26.xxx.xxx,estornada,0,,67,MG
TXN-002658,2024-02-19 06:53:01,CUST-00240,MERCH-0177,utilidades,82.93,boleto,app_mobile,FP-207819,122.36.xxx.xxx,aprovada,0,,734,MT
TXN-002659,2024-02-29 23:28:31,CUST-00414,MERCH-0125,e-commerce,1155.33,PIX,internet_banking,FP-629413,195.45.xxx.xxx,recusada,0,,42,RN
TXN-002660,2024-02-20 07:50:12,CUST-00478,MERCH-0103,marketplace,328.78,cartao_debito,internet_banking,FP-898565,28.4.xxx.xxx,estornada,0,,201,SE
TXN-002661,2024-01-29 07:00:09,CUST-00585,MERCH-0015,e-commerce,289.07,cartao_credito,API,,2.213.xxx.xxx,aprovada,0,,129,SC
TXN-002662,2024-01-06 06:00:10,CUST-00085,MERCH-0050,e-commerce,68.66,cartao_credito,internet_banking,FP-244567,231.121.xxx.xxx,aprovada,0,0,431,CE
TXN-002663,2024-02-05 22:37:56,CUST-00019,MERCH-0060,utilidades,70.25,boleto,internet_banking,FP-198478,254.118.xxx.xxx,aprovada,0,,135,ES
TXN-002664,2024-02-27 11:48:02,CUST-00722,MERCH-0151,supermercados,40.85,boleto,API,,85.98.xxx.xxx,aprovada,0,,203,RJ
TXN-002665,2024-01-28 08:47:02,CUST-00752,MERCH-0159,farmacias,262.61,boleto,API,,128.57.xxx.xxx,pendente,0,,161,ES
TXN-002666,2024-01-22 20:24:45,CUST-00781,MERCH-0136,restaurantes,162.52,cartao_credito,caixa_eletronico,FP-434387,74.144.xxx.xxx,aprovada,0,,109,ES
TXN-002667,2024-01-11 22:48:36,CUST-00303,MERCH-0041,utilidades,40.13,TED,caixa_eletronico,FP-743887,243.60.xxx.xxx,aprovada,1,0,136,CE
TXN-002668,2024-02-24 20:27:50,CUST-00527,MERCH-0128,farmacias,109.43,cartao_credito,internet_banking,FP-325038,117.106.xxx.xxx,recusada,0,,282,PR
TXN-002669,2024-01-25 19:50:05,CUST-00151,MERCH-0164,marketplace,162.05,cartao_debito,internet_banking,FP-270072,237.23.xxx.xxx,pendente,1,1,804,MT
TXN-002670,2024-01-14 01:13:09,CUST-00053,MERCH-0181,restaurantes,300.2,boleto,internet_banking,,112.133.xxx.xxx,aprovada,0,,167,PE
TXN-002671,2024-02-24 01:16:26,CUST-00512,MERCH-0018,servicos_digitais,232.49,TED,app_mobile,FP-699227,162.124.xxx.xxx,aprovada,0,,392,SC
TXN-002672,2024-02-01 19:21:05,CUST-00027,MERCH-0004,e-commerce,588.67,cartao_credito,internet_banking,FP-446130,108.82.xxx.xxx,aprovada,0,,185,RS
TXN-002673,2024-02-28 04:15:23,CUST-00790,MERCH-0025,e-commerce,779.79,cartao_credito,API,FP-685099,158.159.xxx.xxx,aprovada,0,,593,RS
TXN-002674,2024-01-29 04:48:30,CUST-00372,MERCH-0034,postos,122.0,boleto,app_mobile,FP-985272,203.236.xxx.xxx,aprovada,0,,171,TO
TXN-002675,2024-02-23 14:43:21,CUST-00141,MERCH-0173,restaurantes,619.41,cartao_credito,API,,211.95.xxx.xxx,estornada,0,0,102,ES
TXN-002676,2024-01-31 17:49:58,CUST-00389,MERCH-0043,utilidades,861.82,PIX,internet_banking,FP-286550,6.215.xxx.xxx,aprovada,0,,130,RJ
TXN-002677,2024-01-30 15:14:27,CUST-00643,MERCH-0046,viagens,2874.0,cartao_credito,app_mobile,FP-887412,131.2.xxx.xxx,aprovada,0,,66,RJ
TXN-002678,2024-02-21 02:06:51,CUST-00658,MERCH-0051,e-commerce,698.03,cartao_credito,internet_banking,FP-657019,28.65.xxx.xxx,aprovada,1,1,819,MG
TXN-002679,2024-01-02 14:37:07,CUST-00251,MERCH-0175,supermercados,133.4,cartao_debito,API,,242.65.xxx.xxx,recusada,0,0,262,ES
TXN-002680,2024-01-05 13:45:28,CUST-00183,MERCH-0130,viagens,546.27,cartao_credito,app_mobile,FP-758271,32.42.xxx.xxx,aprovada,0,,237,PI
TXN-002681,2024-01-12 00:32:55,CUST-00078,MERCH-0047,outros,553.55,boleto,internet_banking,FP-304595,145.28.xxx.xxx,aprovada,0,0,176,PR
TXN-002682,2024-02-17 20:25:41,CUST-00247,MERCH-0066,utilidades,52.96,boleto,internet_banking,FP-932011,31.253.xxx.xxx,aprovada,0,0,214,MG
TXN-002683,2024-02-22 09:00:10,CUST-00303,MERCH-0107,viagens,832.07,TED,internet_banking,FP-595983,158.28.xxx.xxx,aprovada,0,,143,PE
TXN-002684,2024-02-26 00:53:27,CUST-00793,MERCH-0097,utilidades,146.58,cartao_credito,internet_banking,FP-136797,253.188.xxx.xxx,pendente,0,,163,RS
TXN-002685,2024-01-09 05:44:51,CUST-00487,MERCH-0034,supermercados,148.52,PIX,caixa_eletronico,FP-161183,218.199.xxx.xxx,estornada,1,1,77,BA
TXN-002686,2024-02-03 21:01:34,CUST-00752,MERCH-0120,marketplace,245.14,TED,app_mobile,,120.196.xxx.xxx,aprovada,0,,42,SP
TXN-002687,2024-01-26 07:16:33,CUST-00252,MERCH-0077,viagens,6.77,TED,app_mobile,FP-719421,68.143.xxx.xxx,pendente,0,,127,RJ
TXN-002688,2024-01-10 07:10:11,CUST-00353,MERCH-0049,supermercados,1026.77,cartao_credito,app_mobile,FP-745611,166.155.xxx.xxx,aprovada,0,,284,MA
TXN-002689,2024-01-16 10:56:44,CUST-00633,MERCH-0166,farmacias,63.95,cartao_debito,internet_banking,FP-511335,6.29.xxx.xxx,aprovada,0,,237,TO
TXN-002690,2024-01-07 13:17:04,CUST-00456,MERCH-0149,servicos_digitais,1420.44,cartao_debito,internet_banking,FP-161271,148.29.xxx.xxx,aprovada,0,,160,MG
TXN-002691,2024-02-28 20:19:36,CUST-00054,MERCH-0070,restaurantes,324.38,cartao_credito,API,,102.1.xxx.xxx,aprovada,0,0,785,DF
TXN-002692,2024-01-16 04:30:11,CUST-00752,MERCH-0169,utilidades,482.17,cartao_debito,caixa_eletronico,FP-709751,7.88.xxx.xxx,aprovada,0,,63,SP
TXN-002693,2024-02-12 18:15:20,CUST-00649,MERCH-0195,servicos_digitais,155.28,PIX,caixa_eletronico,FP-267978,85.63.xxx.xxx,aprovada,0,,240,ES
TXN-002694,2024-01-20 19:43:13,CUST-00175,MERCH-0126,e-commerce,1700.78,cartao_credito,API,,97.183.xxx.xxx,aprovada,0,,179,DF
TXN-002695,2024-02-12 08:23:48,CUST-00153,MERCH-0037,supermercados,476.28,cartao_credito,app_mobile,FP-150340,124.217.xxx.xxx,aprovada,0,,92,ES
TXN-002696,2024-02-19 02:02:21,CUST-00748,MERCH-0184,farmacias,630.55,cartao_debito,API,,151.75.xxx.xxx,aprovada,0,,724,RO
TXN-002697,2024-02-17 21:53:55,CUST-00081,MERCH-0198,supermercados,444.92,PIX,app_mobile,FP-607456,253.209.xxx.xxx,aprovada,0,0,460,RJ
TXN-002698,2024-02-13 18:08:08,CUST-00666,MERCH-0147,e-commerce,46.22,boleto,app_mobile,FP-802626,123.81.xxx.xxx,aprovada,0,,58,BA
TXN-002699,2024-01-21 02:38:22,CUST-00315,MERCH-0116,marketplace,153.98,PIX,internet_banking,FP-557924,97.126.xxx.xxx,aprovada,0,,53,AC
TXN-002700,2024-01-20 14:25:45,CUST-00533,MERCH-0075,e-commerce,24.74,PIX,API,,32.67.xxx.xxx,aprovada,0,,227,PR
TXN-002701,2024-01-26 10:54:57,CUST-00137,MERCH-0137,supermercados,498.18,TED,app_mobile,FP-500108,12.49.xxx.xxx,aprovada,0,,67,ES
TXN-002702,2024-01-12 23:17:27,CUST-00082,MERCH-0178,utilidades,161.92,cartao_credito,app_mobile,FP-529078,109.223.xxx.xxx,aprovada,0,,65,SP
TXN-002703,2024-01-09 03:26:36,CUST-00594,MERCH-0127,restaurantes,714.01,PIX,app_mobile,FP-182520,180.82.xxx.xxx,estornada,0,,195,ES
TXN-002704,2024-02-04 03:39:43,CUST-00330,MERCH-0017,supermercados,680.85,cartao_credito,internet_banking,FP-359579,150.193.xxx.xxx,aprovada,0,,63,SP
TXN-002705,2024-01-18 03:09:10,CUST-00498,MERCH-0074,e-commerce,216.61,PIX,caixa_eletronico,FP-247602,127.105.xxx.xxx,recusada,0,,78,RJ
TXN-002706,2024-01-12 02:24:04,CUST-00463,MERCH-0065,outros,1781.7,cartao_debito,app_mobile,FP-820294,103.21.xxx.xxx,aprovada,0,,48,PR
TXN-002707,2024-01-09 18:04:05,CUST-00498,MERCH-0144,postos,627.5,cartao_debito,API,,241.88.xxx.xxx,aprovada,0,0,208,RJ
TXN-002708,2024-02-01 06:48:09,CUST-00381,MERCH-0144,outros,190.21,cartao_credito,app_mobile,FP-748725,163.242.xxx.xxx,aprovada,0,,181,MG
TXN-002709,2024-01-10 19:39:30,CUST-00592,MERCH-0030,supermercados,310.4,cartao_credito,app_mobile,FP-850056,80.93.xxx.xxx,aprovada,0,,41,DF
TXN-002710,2024-01-23 13:21:23,CUST-00005,MERCH-0126,viagens,199.72,TED,app_mobile,FP-897523,177.202.xxx.xxx,aprovada,0,,52,ES
TXN-002711,2024-02-24 11:15:08,CUST-00038,MERCH-0157,e-commerce,133.45,TED,app_mobile,FP-744678,6.57.xxx.xxx,aprovada,0,,134,SP
TXN-002712,2024-02-27 11:36:33,CUST-00300,MERCH-0125,restaurantes,146.5,TED,internet_banking,FP-868002,93.122.xxx.xxx,aprovada,0,,198,RJ
TXN-002713,2024-01-17 08:27:14,CUST-00601,MERCH-0168,restaurantes,245.97,boleto,caixa_eletronico,FP-784423,204.23.xxx.xxx,aprovada,0,,106,RS
TXN-002714,2024-01-25 12:19:50,CUST-00745,MERCH-0036,marketplace,344.9,boleto,internet_banking,FP-252588,74.246.xxx.xxx,aprovada,0,,599,PE
TXN-002715,2024-01-30 13:58:28,CUST-00225,MERCH-0115,viagens,377.13,PIX,app_mobile,FP-782030,228.181.xxx.xxx,aprovada,0,,260,SP
TXN-002716,2024-02-19 05:54:04,CUST-00639,MERCH-0182,servicos_digitais,253.39,cartao_credito,internet_banking,FP-867104,233.72.xxx.xxx,estornada,0,,413,ES
TXN-002717,2024-02-17 19:05:30,CUST-00617,MERCH-0159,postos,445.2,PIX,internet_banking,FP-961202,202.90.xxx.xxx,aprovada,0,,277,SC
TXN-002718,2024-02-03 08:42:23,CUST-00358,MERCH-0154,marketplace,124.94,cartao_credito,app_mobile,FP-333303,126.75.xxx.xxx,pendente,0,,69,RJ
TXN-002719,2024-02-06 02:37:32,CUST-00362,MERCH-0153,outros,1321.33,TED,internet_banking,FP-212311,222.199.xxx.xxx,aprovada,0,,297,RN
TXN-002720,2024-02-04 04:12:19,CUST-00456,MERCH-0167,servicos_digitais,1776.65,PIX,internet_banking,FP-927604,232.115.xxx.xxx,aprovada,0,,114,MG
TXN-002721,2024-02-23 12:01:25,CUST-00344,MERCH-0060,marketplace,1405.16,cartao_credito,app_mobile,FP-245616,7.65.xxx.xxx,aprovada,0,,592,PB
TXN-002722,2024-01-13 05:48:50,CUST-00180,MERCH-0143,restaurantes,931.06,cartao_credito,app_mobile,FP-541660,59.0.xxx.xxx,aprovada,0,,373,MS
TXN-002723,2024-02-09 13:39:13,CUST-00553,MERCH-0144,servicos_digitais,253.71,boleto,internet_banking,FP-755345,146.169.xxx.xxx,pendente,0,0,69,SP
TXN-002724,2024-01-19 10:49:11,CUST-00539,MERCH-0185,marketplace,1007.29,cartao_credito,app_mobile,FP-624956,191.202.xxx.xxx,aprovada,0,,829,SP
TXN-002725,2024-01-02 06:28:15,CUST-00775,MERCH-0101,servicos_digitais,109.36,cartao_credito,caixa_eletronico,FP-174218,212.50.xxx.xxx,pendente,0,,59,PR
TXN-002726,2024-01-25 11:28:22,CUST-00794,MERCH-0153,utilidades,35.86,cartao_credito,internet_banking,FP-713097,5.26.xxx.xxx,aprovada,0,1,94,MS
TXN-002727,2024-02-21 14:09:45,CUST-00517,MERCH-0159,marketplace,287.98,boleto,app_mobile,FP-966648,6.186.xxx.xxx,aprovada,0,,77,RJ
TXN-002728,2024-01-01 19:00:04,CUST-00721,MERCH-0189,marketplace,253.53,cartao_credito,app_mobile,FP-901183,22.10.xxx.xxx,aprovada,0,,210,GO
TXN-002729,2024-01-10 04:12:32,CUST-00130,MERCH-0126,e-commerce,67.5,boleto,caixa_eletronico,FP-605573,174.13.xxx.xxx,recusada,0,0,320,SC
TXN-002730,2024-01-24 09:44:19,CUST-00437,MERCH-0182,e-commerce,149.94,PIX,internet_banking,FP-325140,99.167.xxx.xxx,aprovada,0,,415,MG
TXN-002731,2024-01-18 08:16:43,CUST-00711,MERCH-0033,restaurantes,181.95,TED,internet_banking,FP-490528,11.139.xxx.xxx,estornada,0,,69,AC
TXN-002732,2024-01-28 19:33:17,CUST-00799,MERCH-0021,viagens,102.85,cartao_credito,app_mobile,FP-881762,201.196.xxx.xxx,aprovada,0,,225,SC
TXN-002733,2024-01-26 08:58:29,CUST-00559,MERCH-0132,supermercados,217.16,TED,internet_banking,FP-106189,37.164.xxx.xxx,aprovada,0,,321,RJ
TXN-002734,2024-02-21 10:28:09,CUST-00345,MERCH-0195,farmacias,104.66,PIX,API,,20.8.xxx.xxx,aprovada,0,,113,RJ
TXN-002735,2024-02-12 12:30:15,CUST-00346,MERCH-0032,farmacias,26.36,PIX,caixa_eletronico,FP-280854,32.14.xxx.xxx,aprovada,0,,154,TO
TXN-002736,2024-02-25 01:27:21,CUST-00205,MERCH-0003,e-commerce,181.79,cartao_credito,app_mobile,FP-970853,101.243.xxx.xxx,aprovada,0,,16,AP
TXN-002737,2024-02-11 11:02:34,CUST-00731,MERCH-0142,e-commerce,652.75,PIX,API,,117.193.xxx.xxx,aprovada,0,,84,MS
TXN-002738,2024-01-04 21:31:57,CUST-00654,MERCH-0183,marketplace,49.07,boleto,internet_banking,FP-497458,63.150.xxx.xxx,aprovada,0,,145,PA
TXN-002739,2024-02-05 03:37:52,CUST-00254,MERCH-0068,utilidades,1280.67,cartao_credito,API,FP-539913,192.187.xxx.xxx,aprovada,0,,59,PR
TXN-002740,2024-01-14 01:24:36,CUST-00487,MERCH-0050,postos,568.9,cartao_debito,internet_banking,FP-151125,236.248.xxx.xxx,aprovada,0,,116,CE
TXN-002741,2024-02-18 19:11:04,CUST-00253,MERCH-0110,supermercados,148.18,PIX,internet_banking,FP-684229,32.26.xxx.xxx,recusada,0,,75,MG
TXN-002742,2024-02-07 18:25:01,CUST-00443,MERCH-0199,farmacias,507.27,cartao_credito,app_mobile,FP-518409,90.43.xxx.xxx,aprovada,0,,143,SC
TXN-002743,2024-01-07 06:36:55,CUST-00666,MERCH-0136,servicos_digitais,299.27,PIX,app_mobile,FP-128176,2.174.xxx.xxx,aprovada,0,,454,PB
TXN-002744,2024-01-24 07:41:49,CUST-00409,MERCH-0040,restaurantes,424.84,cartao_debito,internet_banking,FP-532941,15.66.xxx.xxx,aprovada,0,,94,ES
TXN-002745,2024-02-10 16:58:37,CUST-00406,MERCH-0115,servicos_digitais,1681.3,PIX,app_mobile,,230.196.xxx.xxx,aprovada,0,,326,PB
TXN-002746,2024-02-25 16:46:29,CUST-00286,MERCH-0022,outros,388.69,boleto,app_mobile,,203.224.xxx.xxx,aprovada,0,,71,RJ
TXN-002747,2024-02-13 05:59:55,CUST-00342,MERCH-0107,utilidades,368.26,cartao_credito,app_mobile,,166.45.xxx.xxx,aprovada,0,,164,MS
TXN-002748,2024-01-25 02:51:18,CUST-00203,MERCH-0072,postos,973.5,PIX,caixa_eletronico,FP-635504,25.207.xxx.xxx,aprovada,0,,203,RS
TXN-002749,2024-02-01 19:57:21,CUST-00117,MERCH-0125,outros,200.55,cartao_debito,app_mobile,FP-698895,25.224.xxx.xxx,aprovada,0,,108,SP
TXN-002750,2024-01-10 15:04:23,CUST-00556,MERCH-0141,e-commerce,264.13,TED,app_mobile,FP-170180,80.243.xxx.xxx,aprovada,0,,389,MT
TXN-002751,2024-02-13 06:41:08,CUST-00636,MERCH-0177,utilidades,734.29,cartao_credito,app_mobile,FP-186049,104.174.xxx.xxx,aprovada,0,,116,RJ
TXN-002752,2024-01-07 10:51:42,CUST-00381,MERCH-0071,farmacias,186.29,cartao_credito,app_mobile,FP-651413,236.149.xxx.xxx,aprovada,0,,290,MG
TXN-002753,2024-01-08 03:39:53,CUST-00541,MERCH-0176,restaurantes,751.12,cartao_credito,internet_banking,,11.68.xxx.xxx,aprovada,0,,134,SP
TXN-002754,2024-01-14 00:06:26,CUST-00109,MERCH-0129,e-commerce,1897.94,PIX,app_mobile,FP-305505,245.200.xxx.xxx,aprovada,0,,72,RJ
TXN-002755,2024-01-30 06:20:49,CUST-00705,MERCH-0033,supermercados,39.88,TED,internet_banking,FP-347620,140.175.xxx.xxx,aprovada,1,0,364,SP
TXN-002756,2024-01-22 19:46:12,CUST-00190,MERCH-0162,e-commerce,177.6,TED,API,FP-754164,188.116.xxx.xxx,aprovada,0,0,106,SP
TXN-002757,2024-01-31 02:15:17,CUST-00351,MERCH-0153,marketplace,21.7,cartao_credito,API,,138.234.xxx.xxx,aprovada,0,,311,SP
TXN-002758,2024-02-13 19:16:49,CUST-00541,MERCH-0200,farmacias,37.66,PIX,app_mobile,FP-881984,161.100.xxx.xxx,aprovada,0,,58,SP
TXN-002759,2024-01-02 23:30:25,CUST-00523,MERCH-0133,e-commerce,1312.87,TED,caixa_eletronico,FP-484611,161.16.xxx.xxx,aprovada,0,,175,PR
TXN-002760,2024-02-04 00:02:28,CUST-00430,MERCH-0006,restaurantes,686.22,cartao_credito,app_mobile,FP-815914,228.252.xxx.xxx,aprovada,0,,134,ES
TXN-002761,2024-02-24 23:28:49,CUST-00626,MERCH-0025,utilidades,25.91,PIX,app_mobile,FP-719190,133.56.xxx.xxx,recusada,0,,151,CE
TXN-002762,2024-01-24 10:38:55,CUST-00581,MERCH-0142,e-commerce,45.17,PIX,app_mobile,FP-206901,105.210.xxx.xxx,aprovada,0,,215,SP
TXN-002763,2024-02-25 16:25:38,CUST-00021,MERCH-0103,e-commerce,71.14,boleto,caixa_eletronico,FP-941486,122.59.xxx.xxx,aprovada,0,,166,RS
TXN-002764,2024-01-23 07:10:04,CUST-00071,MERCH-0169,supermercados,152.75,cartao_credito,app_mobile,FP-785362,167.117.xxx.xxx,pendente,0,,73,RO
TXN-002765,2024-01-16 04:32:13,CUST-00124,MERCH-0135,servicos_digitais,719.08,cartao_credito,app_mobile,FP-386640,134.221.xxx.xxx,aprovada,0,,127,MT
TXN-002766,2024-02-27 06:41:14,CUST-00059,MERCH-0131,e-commerce,4140.66,PIX,internet_banking,FP-494908,58.154.xxx.xxx,aprovada,0,,159,ES
TXN-002767,2024-02-07 07:24:01,CUST-00428,MERCH-0200,e-commerce,655.9,PIX,caixa_eletronico,FP-460776,123.18.xxx.xxx,recusada,0,,140,DF
TXN-002768,2024-01-21 19:10:49,CUST-00232,MERCH-0068,servicos_digitais,17.16,cartao_debito,app_mobile,FP-482095,115.179.xxx.xxx,pendente,0,,88,RJ
TXN-002769,2024-02-16 01:25:37,CUST-00188,MERCH-0090,marketplace,301.71,boleto,app_mobile,FP-525140,89.103.xxx.xxx,aprovada,0,,138,MG
TXN-002770,2024-02-02 09:42:35,CUST-00683,MERCH-0044,supermercados,357.22,TED,API,,66.169.xxx.xxx,aprovada,0,,28,RJ
TXN-002771,2024-01-19 06:49:25,CUST-00142,MERCH-0192,e-commerce,300.6,cartao_debito,internet_banking,FP-212255,13.76.xxx.xxx,estornada,0,,109,SP
TXN-002772,2024-02-27 05:19:35,CUST-00707,MERCH-0025,e-commerce,605.69,cartao_credito,app_mobile,FP-312466,36.151.xxx.xxx,aprovada,0,,120,ES
TXN-002773,2024-01-29 17:59:28,CUST-00182,MERCH-0118,restaurantes,640.17,PIX,app_mobile,FP-585778,107.73.xxx.xxx,aprovada,0,,133,RN
TXN-002774,2024-02-14 20:05:28,CUST-00003,MERCH-0150,e-commerce,228.98,boleto,internet_banking,FP-607259,155.14.xxx.xxx,aprovada,0,,410,PE
TXN-002775,2024-02-21 17:52:47,CUST-00182,MERCH-0094,supermercados,201.4,PIX,app_mobile,FP-302256,25.44.xxx.xxx,aprovada,0,,98,MA
TXN-002776,2024-02-01 01:00:23,CUST-00281,MERCH-0096,farmacias,55.03,boleto,app_mobile,FP-540342,129.95.xxx.xxx,pendente,0,,176,MA
TXN-002777,2024-02-11 19:19:13,CUST-00299,MERCH-0009,e-commerce,769.46,cartao_debito,app_mobile,FP-914537,136.23.xxx.xxx,aprovada,0,,159,ES
TXN-002778,2024-01-31 22:35:08,CUST-00084,MERCH-0042,outros,378.35,boleto,internet_banking,FP-588402,163.104.xxx.xxx,aprovada,0,,80,PB
TXN-002779,2024-01-25 06:20:28,CUST-00408,MERCH-0183,servicos_digitais,62.28,cartao_credito,app_mobile,FP-956482,117.40.xxx.xxx,aprovada,0,,78,ES
TXN-002780,2024-02-28 05:10:13,CUST-00093,MERCH-0153,viagens,14.48,cartao_debito,app_mobile,FP-281580,103.194.xxx.xxx,aprovada,0,0,98,RJ
TXN-002781,2024-02-17 20:44:24,CUST-00595,MERCH-0167,e-commerce,31.62,TED,API,,104.78.xxx.xxx,pendente,0,,215,RJ
TXN-002782,2024-01-15 00:46:10,CUST-00266,MERCH-0083,farmacias,931.63,cartao_debito,internet_banking,FP-781912,29.65.xxx.xxx,aprovada,0,,393,ES
TXN-002783,2024-01-27 06:19:26,CUST-00109,MERCH-0177,marketplace,246.85,cartao_credito,API,,246.64.xxx.xxx,aprovada,0,,99,SP
TXN-002784,2024-02-24 16:46:11,CUST-00221,MERCH-0108,restaurantes,730.53,PIX,internet_banking,FP-223295,81.34.xxx.xxx,pendente,0,,470,ES
TXN-002785,2024-01-15 15:35:11,CUST-00541,MERCH-0180,supermercados,112.37,TED,internet_banking,FP-850088,161.239.xxx.xxx,aprovada,0,,388,MG
TXN-002786,2024-01-21 13:19:52,CUST-00454,MERCH-0158,e-commerce,40.61,PIX,app_mobile,FP-139231,237.234.xxx.xxx,aprovada,0,,123,ES
TXN-002787,2024-01-30 20:43:21,CUST-00542,MERCH-0101,supermercados,36.26,PIX,app_mobile,,40.253.xxx.xxx,pendente,0,,170,MG
TXN-002788,2024-02-20 12:27:37,CUST-00267,MERCH-0191,e-commerce,196.23,cartao_debito,app_mobile,,53.204.xxx.xxx,aprovada,0,,519,RJ
TXN-002789,2024-02-02 13:22:12,CUST-00023,MERCH-0041,outros,102.13,cartao_credito,app_mobile,FP-507976,242.93.xxx.xxx,aprovada,0,,70,AL
TXN-002790,2024-02-27 18:30:06,CUST-00344,MERCH-0055,viagens,218.45,PIX,app_mobile,FP-930902,17.22.xxx.xxx,aprovada,0,0,18,BA
TXN-002791,2024-02-06 04:33:55,CUST-00109,MERCH-0194,supermercados,804.37,cartao_debito,app_mobile,FP-774108,95.8.xxx.xxx,recusada,0,,537,ES
TXN-002792,2024-01-18 17:39:06,CUST-00587,MERCH-0016,e-commerce,188.47,cartao_debito,app_mobile,FP-520017,94.148.xxx.xxx,recusada,0,,207,ES
TXN-002793,2024-02-02 03:04:42,CUST-00698,MERCH-0072,utilidades,634.41,TED,API,FP-586080,202.33.xxx.xxx,pendente,0,,73,ES
TXN-002794,2024-02-07 02:02:40,CUST-00572,MERCH-0093,e-commerce,1292.26,TED,app_mobile,FP-278697,233.88.xxx.xxx,aprovada,0,,90,AP
TXN-002795,2024-01-07 21:31:21,CUST-00486,MERCH-0139,supermercados,59.6,cartao_debito,internet_banking,FP-247373,183.118.xxx.xxx,aprovada,0,,84,SP
TXN-002796,2024-01-22 03:44:03,CUST-00601,MERCH-0086,utilidades,249.03,cartao_debito,internet_banking,FP-402184,31.84.xxx.xxx,aprovada,0,,35,PR
TXN-002797,2024-02-08 01:29:23,CUST-00335,MERCH-0020,farmacias,396.74,cartao_credito,caixa_eletronico,FP-130211,24.183.xxx.xxx,aprovada,0,,62,SC
TXN-002798,2024-01-15 16:30:36,CUST-00738,MERCH-0014,farmacias,2327.8,boleto,app_mobile,FP-646773,138.241.xxx.xxx,aprovada,0,,203,SP
TXN-002799,2024-02-18 17:32:40,CUST-00758,MERCH-0144,outros,1063.78,cartao_credito,internet_banking,FP-319038,20.155.xxx.xxx,aprovada,0,,133,ES
TXN-002800,2024-01-31 20:07:13,CUST-00623,MERCH-0048,postos,481.91,boleto,app_mobile,FP-944930,196.250.xxx.xxx,recusada,0,,217,PR
TXN-002801,2024-01-15 04:15:12,CUST-00198,MERCH-0153,restaurantes,698.57,PIX,API,,176.126.xxx.xxx,estornada,0,,182,PR
TXN-002802,2024-01-10 00:50:47,CUST-00392,MERCH-0032,postos,1422.52,PIX,API,FP-744751,237.197.xxx.xxx,recusada,0,,137,MG
TXN-002803,2024-02-02 02:16:18,CUST-00371,MERCH-0181,postos,1018.67,boleto,app_mobile,FP-975291,87.233.xxx.xxx,aprovada,0,,168,SP
TXN-002804,2024-02-23 11:24:13,CUST-00744,MERCH-0033,utilidades,181.81,PIX,app_mobile,FP-525523,196.68.xxx.xxx,aprovada,0,0,43,RJ
TXN-002805,2024-01-24 04:25:55,CUST-00035,MERCH-0108,marketplace,44.66,cartao_credito,app_mobile,FP-998517,115.2.xxx.xxx,aprovada,0,0,1180,SP
TXN-002806,2024-02-12 03:01:47,CUST-00629,MERCH-0010,supermercados,536.65,PIX,caixa_eletronico,FP-396959,204.47.xxx.xxx,pendente,0,,55,SP
TXN-002807,2024-02-17 19:15:10,CUST-00351,MERCH-0079,outros,119.11,PIX,API,FP-611460,73.251.xxx.xxx,recusada,0,,51,MG
TXN-002808,2024-01-18 20:55:34,CUST-00706,MERCH-0065,supermercados,418.99,cartao_credito,app_mobile,FP-166921,207.186.xxx.xxx,estornada,0,,120,MS
TXN-002809,2024-01-21 12:48:03,CUST-00304,MERCH-0109,viagens,44.86,cartao_credito,app_mobile,FP-247667,99.90.xxx.xxx,aprovada,0,,317,RJ
TXN-002810,2024-02-26 10:29:11,CUST-00064,MERCH-0122,servicos_digitais,32.41,PIX,internet_banking,FP-301339,110.251.xxx.xxx,aprovada,0,,229,RJ
TXN-002811,2024-01-10 22:08:13,CUST-00136,MERCH-0061,servicos_digitais,1029.41,cartao_credito,internet_banking,FP-619349,11.240.xxx.xxx,aprovada,0,,186,AM
TXN-002812,2024-02-11 17:08:23,CUST-00533,MERCH-0092,marketplace,43.74,cartao_debito,app_mobile,FP-427885,64.238.xxx.xxx,aprovada,0,,116,SC
TXN-002813,2024-01-07 14:16:30,CUST-00373,MERCH-0139,farmacias,75.74,boleto,app_mobile,FP-981820,71.29.xxx.xxx,pendente,0,,99,ES
TXN-002814,2024-02-25 03:52:56,CUST-00379,MERCH-0125,e-commerce,1057.03,PIX,app_mobile,FP-237526,164.146.xxx.xxx,aprovada,0,,397,SP
TXN-002815,2024-01-27 04:00:58,CUST-00059,MERCH-0188,viagens,666.95,cartao_credito,API,,38.38.xxx.xxx,aprovada,0,,871,MG
TXN-002816,2024-01-28 11:30:08,CUST-00478,MERCH-0107,marketplace,366.1,PIX,app_mobile,FP-332421,40.226.xxx.xxx,aprovada,0,,60,PI
TXN-002817,2024-01-30 13:48:58,CUST-00214,MERCH-0039,supermercados,302.9,cartao_credito,API,,122.243.xxx.xxx,recusada,0,,216,MS
TXN-002818,2024-02-23 05:51:54,CUST-00295,MERCH-0035,marketplace,163.07,cartao_credito,app_mobile,FP-339894,129.185.xxx.xxx,aprovada,0,,1181,SP
TXN-002819,2024-02-24 23:19:18,CUST-00543,MERCH-0191,servicos_digitais,203.54,PIX,API,,222.171.xxx.xxx,aprovada,0,,269,SP
TXN-002820,2024-02-21 17:46:29,CUST-00056,MERCH-0198,servicos_digitais,84.98,PIX,caixa_eletronico,FP-898063,201.231.xxx.xxx,aprovada,0,0,42,ES
TXN-002821,2024-01-03 22:10:23,CUST-00655,MERCH-0037,e-commerce,355.15,cartao_debito,internet_banking,FP-248150,168.48.xxx.xxx,aprovada,1,1,179,TO
TXN-002822,2024-01-01 22:16:44,CUST-00078,MERCH-0020,postos,185.0,cartao_debito,app_mobile,FP-360181,244.193.xxx.xxx,aprovada,0,,73,RS
TXN-002823,2024-02-03 22:23:06,CUST-00587,MERCH-0077,marketplace,609.49,cartao_credito,app_mobile,FP-153915,120.108.xxx.xxx,aprovada,0,0,265,RJ
TXN-002824,2024-02-16 16:35:08,CUST-00059,MERCH-0155,utilidades,171.88,PIX,internet_banking,FP-253468,116.68.xxx.xxx,aprovada,0,0,159,RJ
TXN-002825,2024-02-20 09:05:25,CUST-00375,MERCH-0058,supermercados,521.77,PIX,internet_banking,FP-450601,130.241.xxx.xxx,pendente,0,,57,PE
TXN-002826,2024-02-08 10:35:54,CUST-00554,MERCH-0124,utilidades,223.08,boleto,app_mobile,FP-563746,145.207.xxx.xxx,pendente,0,,71,AM
TXN-002827,2024-02-25 19:55:49,CUST-00126,MERCH-0050,utilidades,4249.92,cartao_debito,internet_banking,FP-252714,246.89.xxx.xxx,estornada,0,,85,ES
TXN-002828,2024-01-23 11:36:10,CUST-00378,MERCH-0188,postos,174.81,TED,app_mobile,FP-662293,59.194.xxx.xxx,aprovada,0,,171,SP
TXN-002829,2024-02-12 14:36:10,CUST-00021,MERCH-0091,restaurantes,439.06,PIX,internet_banking,FP-975484,182.117.xxx.xxx,estornada,0,,246,SC
TXN-002830,2024-02-16 04:13:40,CUST-00206,MERCH-0064,utilidades,1709.54,PIX,app_mobile,FP-978947,165.173.xxx.xxx,aprovada,0,,90,ES
TXN-002831,2024-01-13 04:39:09,CUST-00639,MERCH-0159,supermercados,81.01,TED,internet_banking,FP-511223,36.58.xxx.xxx,aprovada,0,,79,SP
TXN-002832,2024-02-27 07:45:22,CUST-00705,MERCH-0160,marketplace,272.58,boleto,API,,217.119.xxx.xxx,aprovada,1,0,174,RJ
TXN-002833,2024-01-02 12:22:41,CUST-00206,MERCH-0097,farmacias,1481.77,TED,caixa_eletronico,FP-163767,230.233.xxx.xxx,aprovada,0,,283,ES
TXN-002834,2024-02-15 17:56:11,CUST-00126,MERCH-0057,farmacias,261.23,cartao_credito,app_mobile,FP-852268,38.247.xxx.xxx,pendente,0,,168,SP
TXN-002835,2024-02-10 09:41:43,CUST-00372,MERCH-0103,servicos_digitais,469.09,PIX,API,,9.120.xxx.xxx,aprovada,0,,146,AP
TXN-002836,2024-02-26 18:13:19,CUST-00678,MERCH-0077,restaurantes,177.6,PIX,internet_banking,FP-728508,9.4.xxx.xxx,aprovada,0,,721,SP
TXN-002837,2024-01-20 01:40:33,CUST-00567,MERCH-0053,supermercados,0.0,PIX,internet_banking,FP-889996,60.254.xxx.xxx,aprovada,0,,228,RJ
TXN-002838,2024-02-09 02:25:48,CUST-00748,MERCH-0178,e-commerce,2826.41,cartao_debito,app_mobile,FP-966372,31.215.xxx.xxx,aprovada,0,0,179,AP
TXN-002839,2024-02-06 02:24:53,CUST-00773,MERCH-0131,farmacias,2089.05,cartao_credito,app_mobile,FP-157994,42.235.xxx.xxx,recusada,0,,34,SP
TXN-002840,2024-02-27 05:21:38,CUST-00526,MERCH-0188,marketplace,180.73,PIX,app_mobile,FP-884105,123.255.xxx.xxx,aprovada,0,,140,CE
TXN-002841,2024-02-02 20:59:17,CUST-00443,MERCH-0056,farmacias,74.13,PIX,app_mobile,FP-245919,17.145.xxx.xxx,recusada,0,,73,RS
TXN-002842,2024-01-05 12:44:35,CUST-00071,MERCH-0175,viagens,124.71,TED,app_mobile,FP-826127,33.138.xxx.xxx,aprovada,0,0,94,AC
TXN-002843,2024-02-15 02:53:40,CUST-00254,MERCH-0047,e-commerce,1350.11,PIX,internet_banking,FP-871255,215.124.xxx.xxx,aprovada,0,,202,RS
TXN-002844,2024-01-20 18:38:41,CUST-00380,MERCH-0182,utilidades,750.29,boleto,app_mobile,FP-195689,174.80.xxx.xxx,aprovada,0,,170,MG
TXN-002845,2024-02-19 01:00:02,CUST-00002,MERCH-0007,supermercados,50.95,PIX,caixa_eletronico,FP-969704,18.53.xxx.xxx,aprovada,0,,125,GO
TXN-002846,2024-01-01 10:32:51,CUST-00687,MERCH-0121,farmacias,42.74,PIX,internet_banking,FP-838659,153.240.xxx.xxx,aprovada,0,,218,RJ
TXN-002847,2024-02-05 13:51:43,CUST-00242,MERCH-0022,postos,153.61,TED,app_mobile,FP-450600,105.149.xxx.xxx,aprovada,0,,77,MA
TXN-002848,2024-02-27 00:22:07,CUST-00402,MERCH-0157,postos,368.66,PIX,internet_banking,FP-306398,181.81.xxx.xxx,aprovada,0,0,134,PA
TXN-002849,2024-02-19 17:59:36,CUST-00290,MERCH-0139,e-commerce,174.5,PIX,caixa_eletronico,FP-647151,210.227.xxx.xxx,aprovada,0,,230,PE
TXN-002850,2024-01-16 18:27:11,CUST-00676,MERCH-0060,postos,517.37,boleto,API,,194.198.xxx.xxx,aprovada,0,,227,MG
TXN-002851,2024-02-14 08:58:42,CUST-00039,MERCH-0141,marketplace,1286.04,cartao_credito,app_mobile,FP-322489,71.201.xxx.xxx,aprovada,0,,372,AL
TXN-002852,2024-02-02 23:34:39,CUST-00473,MERCH-0074,restaurantes,70.12,cartao_credito,internet_banking,FP-239683,243.252.xxx.xxx,pendente,0,,108,MG
TXN-002853,2024-01-16 05:03:13,CUST-00668,MERCH-0135,e-commerce,151.28,cartao_credito,app_mobile,FP-680938,148.221.xxx.xxx,aprovada,0,,262,RS
TXN-002854,2024-02-22 08:57:28,CUST-00105,MERCH-0020,farmacias,62.33,TED,internet_banking,FP-762337,1.55.xxx.xxx,pendente,0,0,74,SC
TXN-002855,2024-01-06 00:22:18,CUST-00183,MERCH-0072,outros,1190.43,TED,caixa_eletronico,,146.219.xxx.xxx,aprovada,0,,45,RN
TXN-002856,2024-01-13 22:06:49,CUST-00366,MERCH-0114,farmacias,95.78,TED,caixa_eletronico,FP-228611,29.83.xxx.xxx,aprovada,0,0,126,MG
TXN-002857,2024-02-03 14:05:43,CUST-00325,MERCH-0136,outros,71.88,PIX,internet_banking,FP-571212,220.4.xxx.xxx,aprovada,0,,55,GO
TXN-002858,2024-01-28 18:27:45,CUST-00181,MERCH-0191,e-commerce,573.32,cartao_debito,app_mobile,,52.249.xxx.xxx,aprovada,0,,169,SP
TXN-002859,2024-01-24 13:37:14,CUST-00602,MERCH-0071,supermercados,941.37,cartao_debito,internet_banking,FP-623420,178.39.xxx.xxx,aprovada,0,0,239,RJ
TXN-002860,2024-02-05 17:45:12,CUST-00064,MERCH-0024,supermercados,65.23,cartao_debito,caixa_eletronico,FP-673567,167.236.xxx.xxx,aprovada,0,,170,SP
TXN-002861,2024-02-10 05:23:14,CUST-00631,MERCH-0192,outros,58.21,PIX,app_mobile,FP-885830,185.125.xxx.xxx,aprovada,0,,95,RJ
TXN-002862,2024-02-20 14:36:02,CUST-00457,MERCH-0141,supermercados,418.56,cartao_credito,app_mobile,FP-948131,150.173.xxx.xxx,aprovada,0,,159,AC
TXN-002863,2024-02-02 10:56:22,CUST-00630,MERCH-0047,e-commerce,194.51,TED,internet_banking,FP-535240,62.200.xxx.xxx,aprovada,0,,165,RR
TXN-002864,2024-02-22 12:19:39,CUST-00278,MERCH-0109,utilidades,3208.08,cartao_debito,internet_banking,FP-577441,126.122.xxx.xxx,aprovada,0,,69,SP
TXN-002865,2024-01-27 05:58:24,CUST-00012,MERCH-0085,restaurantes,236.88,cartao_debito,app_mobile,FP-807173,115.110.xxx.xxx,aprovada,0,,101,MS
TXN-002866,2024-02-24 17:52:39,CUST-00074,MERCH-0191,e-commerce,250.78,PIX,app_mobile,FP-131692,226.241.xxx.xxx,aprovada,0,,554,PI
TXN-002867,2024-01-25 12:56:59,CUST-00787,MERCH-0179,e-commerce,256.25,TED,app_mobile,FP-694075,248.37.xxx.xxx,recusada,0,,147,PE
TXN-002868,2024-01-21 14:21:21,CUST-00188,MERCH-0060,e-commerce,209.06,cartao_debito,caixa_eletronico,FP-174998,223.114.xxx.xxx,aprovada,0,,60,RJ
TXN-002869,2024-02-01 07:07:51,CUST-00680,MERCH-0008,servicos_digitais,301.38,cartao_credito,internet_banking,FP-604223,26.162.xxx.xxx,aprovada,0,,86,PR
TXN-002870,2024-01-20 09:03:54,CUST-00424,MERCH-0141,utilidades,39.16,boleto,API,,27.252.xxx.xxx,recusada,0,,198,MT
TXN-002871,2024-01-31 11:44:49,CUST-00193,MERCH-0181,farmacias,160.81,cartao_debito,app_mobile,FP-783274,200.173.xxx.xxx,recusada,0,0,110,MG
TXN-002872,2024-02-26 17:31:29,CUST-00469,MERCH-0182,supermercados,66.47,cartao_debito,app_mobile,FP-113621,174.238.xxx.xxx,pendente,0,,52,RN
TXN-002873,2024-01-18 10:15:40,CUST-00010,MERCH-0042,restaurantes,278.44,cartao_credito,app_mobile,FP-242539,214.11.xxx.xxx,aprovada,0,,67,ES
TXN-002874,2024-02-02 15:25:01,CUST-00303,MERCH-0114,e-commerce,57.08,cartao_debito,app_mobile,FP-697152,58.81.xxx.xxx,aprovada,1,0,236,PE
TXN-002875,2024-01-03 14:49:47,CUST-00138,MERCH-0165,supermercados,272.96,TED,app_mobile,FP-593025,228.216.xxx.xxx,aprovada,0,,183,ES
TXN-002876,2024-01-17 22:07:49,CUST-00219,MERCH-0115,supermercados,55.27,cartao_debito,internet_banking,FP-601051,90.142.xxx.xxx,aprovada,0,,153,DF
TXN-002877,2024-02-11 11:55:46,CUST-00196,MERCH-0045,farmacias,359.69,cartao_credito,internet_banking,FP-121715,247.62.xxx.xxx,aprovada,0,0,131,PE
TXN-002878,2024-02-02 06:12:33,CUST-00638,MERCH-0003,marketplace,321.21,boleto,API,,18.104.xxx.xxx,aprovada,0,0,179,MG
TXN-002879,2024-01-02 15:55:24,CUST-00418,MERCH-0141,viagens,1021.33,PIX,app_mobile,FP-204556,94.200.xxx.xxx,aprovada,0,,410,AC
TXN-002880,2024-01-14 20:21:22,CUST-00516,MERCH-0166,restaurantes,128.1,PIX,app_mobile,FP-441198,207.229.xxx.xxx,aprovada,0,,106,PB
TXN-002881,2024-01-25 12:17:46,CUST-00353,MERCH-0177,e-commerce,73.13,cartao_credito,caixa_eletronico,FP-890272,249.70.xxx.xxx,aprovada,0,,53,SE
TXN-002882,2024-01-14 09:33:24,CUST-00667,MERCH-0173,supermercados,231.11,boleto,internet_banking,,163.180.xxx.xxx,aprovada,0,,309,BA
TXN-002883,2024-01-03 08:20:10,CUST-00112,MERCH-0119,servicos_digitais,467.16,TED,internet_banking,FP-353993,141.201.xxx.xxx,aprovada,0,,215,ES
TXN-002884,2024-02-23 01:15:24,CUST-00453,MERCH-0171,postos,161.24,boleto,API,FP-829837,58.202.xxx.xxx,pendente,0,,308,RS
TXN-002885,2024-02-21 23:04:55,CUST-00055,MERCH-0183,farmacias,226.57,cartao_credito,internet_banking,FP-308598,127.4.xxx.xxx,aprovada,0,,84,SP
TXN-002886,2024-01-16 13:08:25,CUST-00396,MERCH-0167,supermercados,139.66,PIX,app_mobile,FP-723476,60.36.xxx.xxx,aprovada,0,,247,SC
TXN-002887,2024-02-11 22:13:00,CUST-00250,MERCH-0057,viagens,264.56,cartao_debito,app_mobile,,10.42.xxx.xxx,aprovada,0,,623,MG
TXN-002888,2024-02-20 02:24:16,CUST-00294,MERCH-0069,supermercados,798.2,PIX,app_mobile,FP-123365,204.242.xxx.xxx,aprovada,0,,73,PB
TXN-002889,2024-01-15 05:09:21,CUST-00407,MERCH-0013,marketplace,15.34,cartao_credito,caixa_eletronico,FP-504616,235.208.xxx.xxx,aprovada,0,,914,MG
TXN-002890,2024-01-10 20:02:46,CUST-00178,MERCH-0068,outros,4475.76,TED,app_mobile,FP-395647,48.68.xxx.xxx,pendente,0,,239,RJ
TXN-002891,2024-02-26 18:50:16,CUST-00774,MERCH-0065,servicos_digitais,138.81,TED,API,,95.157.xxx.xxx,aprovada,0,,126,AC
TXN-002892,2024-02-14 00:39:59,CUST-00231,MERCH-0104,supermercados,1066.84,cartao_credito,internet_banking,FP-927884,126.99.xxx.xxx,aprovada,0,,48,ES
TXN-002893,2024-02-04 03:20:43,CUST-00419,MERCH-0175,postos,373.6,PIX,app_mobile,FP-259052,4.228.xxx.xxx,aprovada,0,,118,ES
TXN-002894,2024-01-30 01:43:27,CUST-00212,MERCH-0192,marketplace,1230.39,PIX,app_mobile,FP-831652,146.197.xxx.xxx,aprovada,0,,87,ES
TXN-002895,2024-02-09 19:28:21,CUST-00509,MERCH-0008,supermercados,123.79,cartao_credito,API,FP-274728,90.43.xxx.xxx,aprovada,0,,245,SP
TXN-002896,2024-02-14 04:32:01,CUST-00145,MERCH-0111,restaurantes,37.18,PIX,app_mobile,FP-329392,231.101.xxx.xxx,aprovada,0,,1240,SP
TXN-002897,2024-02-07 09:47:48,CUST-00161,MERCH-0009,marketplace,738.13,cartao_credito,app_mobile,FP-572628,135.160.xxx.xxx,aprovada,0,,36,CE
TXN-002898,2024-02-17 22:21:57,CUST-00395,MERCH-0197,outros,77.41,PIX,app_mobile,FP-586752,107.62.xxx.xxx,aprovada,0,,313,ES
TXN-002899,2024-01-01 22:38:19,CUST-00311,MERCH-0006,e-commerce,173.46,PIX,caixa_eletronico,FP-858658,106.246.xxx.xxx,aprovada,0,,103,AL
TXN-002900,2024-01-20 08:42:10,CUST-00530,MERCH-0103,farmacias,174.35,PIX,app_mobile,FP-141942,121.227.xxx.xxx,aprovada,0,,95,ES
TXN-002901,2024-01-09 18:52:44,CUST-00317,MERCH-0045,e-commerce,1107.66,cartao_credito,app_mobile,FP-744084,156.100.xxx.xxx,aprovada,0,0,560,BA
TXN-002902,2024-02-03 01:43:06,CUST-00367,MERCH-0026,marketplace,207.47,cartao_credito,internet_banking,FP-644021,5.234.xxx.xxx,estornada,1,,107,SP
TXN-002903,2024-01-04 09:59:59,CUST-00076,MERCH-0163,e-commerce,163.57,cartao_debito,app_mobile,FP-683574,6.23.xxx.xxx,aprovada,0,,57,ES
TXN-002904,2024-01-29 00:14:43,CUST-00676,MERCH-0067,e-commerce,397.27,boleto,app_mobile,FP-750534,8.184.xxx.xxx,aprovada,1,1,762,SP
TXN-002905,2024-02-03 10:11:36,CUST-00553,MERCH-0089,marketplace,104.11,cartao_debito,app_mobile,FP-681912,103.120.xxx.xxx,aprovada,0,,214,ES
TXN-002906,2024-02-10 00:56:02,CUST-00375,MERCH-0177,supermercados,1052.24,cartao_credito,internet_banking,FP-480084,99.16.xxx.xxx,aprovada,0,,134,RN
TXN-002907,2024-01-22 04:43:40,CUST-00391,MERCH-0007,outros,486.72,cartao_debito,app_mobile,FP-221972,167.47.xxx.xxx,aprovada,0,,340,ES
TXN-002908,2024-02-01 06:29:40,CUST-00246,MERCH-0058,supermercados,791.25,boleto,internet_banking,FP-281462,186.229.xxx.xxx,aprovada,0,,9,MA
TXN-002909,2024-02-12 08:41:35,CUST-00017,MERCH-0168,viagens,1727.24,cartao_debito,app_mobile,FP-203186,25.31.xxx.xxx,aprovada,0,,454,RS
TXN-002910,2024-01-24 01:24:57,CUST-00625,MERCH-0179,viagens,154.27,PIX,internet_banking,FP-150031,21.244.xxx.xxx,aprovada,0,,257,BA
TXN-002911,2024-01-17 10:08:11,CUST-00476,MERCH-0159,e-commerce,227.82,TED,API,,141.65.xxx.xxx,aprovada,0,,184,SP
TXN-002912,2024-01-24 17:31:00,CUST-00405,MERCH-0110,postos,627.4,TED,app_mobile,FP-862812,152.217.xxx.xxx,aprovada,0,,371,BA
TXN-002913,2024-02-07 09:35:50,CUST-00135,MERCH-0007,farmacias,333.46,PIX,API,FP-157805,162.209.xxx.xxx,aprovada,0,,314,RJ
TXN-002914,2024-02-07 19:44:39,CUST-00255,MERCH-0162,e-commerce,303.67,PIX,app_mobile,FP-711431,239.226.xxx.xxx,aprovada,0,,261,MG
TXN-002915,2024-01-15 15:47:20,CUST-00450,MERCH-0035,postos,105.85,boleto,caixa_eletronico,FP-572336,210.8.xxx.xxx,recusada,0,,349,PE
TXN-002916,2024-02-28 14:32:58,CUST-00233,MERCH-0058,e-commerce,64.54,PIX,internet_banking,FP-825811,35.216.xxx.xxx,recusada,0,0,43,RJ
TXN-002917,2024-01-22 13:15:32,CUST-00628,MERCH-0014,restaurantes,567.71,PIX,internet_banking,FP-919286,148.34.xxx.xxx,aprovada,0,,251,AL
TXN-002918,2024-02-07 06:37:38,CUST-00029,MERCH-0112,postos,235.3,PIX,app_mobile,FP-561155,128.76.xxx.xxx,aprovada,0,,165,PB
TXN-002919,2024-02-17 04:57:50,CUST-00610,MERCH-0005,viagens,1565.57,boleto,app_mobile,FP-812573,226.104.xxx.xxx,aprovada,0,,303,RS
TXN-002920,2024-02-27 12:20:59,CUST-00791,MERCH-0106,viagens,31.02,PIX,internet_banking,,117.114.xxx.xxx,aprovada,0,,98,ES
TXN-002921,2024-02-22 08:12:19,CUST-00181,MERCH-0069,outros,197.66,TED,internet_banking,FP-121212,212.170.xxx.xxx,aprovada,0,0,736,MG
TXN-002922,2024-02-08 09:03:12,CUST-00174,MERCH-0003,marketplace,179.23,TED,app_mobile,FP-899761,188.170.xxx.xxx,aprovada,1,,72,RJ
TXN-002923,2024-01-25 10:40:59,CUST-00190,MERCH-0149,servicos_digitais,102.19,boleto,app_mobile,FP-615606,194.158.xxx.xxx,aprovada,0,,81,MG
TXN-002924,2024-01-21 12:15:07,CUST-00388,MERCH-0142,utilidades,513.26,PIX,app_mobile,FP-803617,137.247.xxx.xxx,aprovada,0,,223,SE
TXN-002925,2024-02-23 11:26:09,CUST-00532,MERCH-0080,e-commerce,385.7,boleto,app_mobile,FP-850056,10.77.xxx.xxx,aprovada,0,,61,SP
TXN-002926,2024-02-23 03:26:25,CUST-00588,MERCH-0150,e-commerce,0.0,cartao_debito,app_mobile,FP-628842,192.168.xxx.xxx,pendente,0,0,55,SP
TXN-002927,2024-02-14 14:18:31,CUST-00125,MERCH-0023,utilidades,284.09,cartao_debito,internet_banking,FP-542887,240.206.xxx.xxx,aprovada,0,,80,RJ
TXN-002928,2024-02-21 11:20:14,CUST-00234,MERCH-0187,utilidades,161.38,boleto,app_mobile,FP-722747,187.188.xxx.xxx,aprovada,0,0,136,SP
TXN-002929,2024-01-25 20:39:36,CUST-00631,MERCH-0066,restaurantes,172.74,TED,internet_banking,FP-797260,165.111.xxx.xxx,aprovada,0,,595,SP
TXN-002930,2024-01-30 07:04:23,CUST-00041,MERCH-0120,servicos_digitais,41.64,PIX,app_mobile,FP-468756,19.215.xxx.xxx,pendente,0,,207,BA
TXN-002931,2024-01-05 23:58:05,CUST-00035,MERCH-0044,postos,78.46,cartao_credito,internet_banking,FP-246932,160.133.xxx.xxx,estornada,0,,58,SP
TXN-002932,2024-01-28 13:06:54,CUST-00443,MERCH-0081,servicos_digitais,37.58,cartao_debito,app_mobile,FP-414629,179.187.xxx.xxx,recusada,0,,357,RS
TXN-002933,2024-01-20 06:00:42,CUST-00593,MERCH-0129,marketplace,505.4,TED,internet_banking,FP-365060,99.224.xxx.xxx,aprovada,0,,374,RJ
TXN-002934,2024-01-31 02:13:25,CUST-00187,MERCH-0162,restaurantes,560.65,cartao_debito,internet_banking,FP-882069,72.214.xxx.xxx,aprovada,0,,595,PB
TXN-002935,2024-01-15 07:48:37,CUST-00444,MERCH-0128,restaurantes,1305.47,cartao_credito,internet_banking,FP-799308,125.199.xxx.xxx,aprovada,0,,111,SE
TXN-002936,2024-02-21 07:30:25,CUST-00293,MERCH-0158,restaurantes,24.4,PIX,app_mobile,FP-131608,252.34.xxx.xxx,aprovada,0,,143,SE
TXN-002937,2024-01-26 02:28:11,CUST-00590,MERCH-0131,utilidades,2745.41,PIX,internet_banking,FP-249314,236.194.xxx.xxx,aprovada,0,,348,RS
TXN-002938,2024-02-14 21:50:15,CUST-00139,MERCH-0031,farmacias,395.52,cartao_credito,app_mobile,FP-954760,244.113.xxx.xxx,aprovada,0,,118,SP
TXN-002939,2024-02-24 20:17:41,CUST-00587,MERCH-0152,marketplace,347.96,cartao_credito,app_mobile,FP-111298,91.160.xxx.xxx,recusada,0,0,173,ES
TXN-002940,2024-01-01 10:32:58,CUST-00243,MERCH-0101,restaurantes,972.94,cartao_credito,app_mobile,,149.231.xxx.xxx,recusada,0,,318,MS
TXN-002941,2024-02-09 19:45:02,CUST-00181,MERCH-0077,marketplace,638.8,PIX,internet_banking,FP-870224,65.37.xxx.xxx,aprovada,0,,337,RJ
TXN-002942,2024-02-20 09:04:55,CUST-00168,MERCH-0174,e-commerce,56.7,boleto,internet_banking,FP-276489,174.246.xxx.xxx,recusada,0,,135,RS
TXN-002943,2024-01-16 12:55:41,CUST-00482,MERCH-0140,marketplace,57.54,cartao_debito,internet_banking,FP-699431,164.189.xxx.xxx,aprovada,0,,27,SP
TXN-002944,2024-02-23 09:21:40,CUST-00270,MERCH-0162,servicos_digitais,102.3,cartao_credito,internet_banking,FP-663695,163.151.xxx.xxx,aprovada,0,,97,AC
TXN-002945,2024-01-07 08:00:04,CUST-00538,MERCH-0140,restaurantes,1931.98,cartao_debito,caixa_eletronico,FP-324990,52.131.xxx.xxx,aprovada,0,,72,PB
TXN-002946,2024-01-23 11:29:01,CUST-00556,MERCH-0025,postos,292.11,cartao_debito,app_mobile,FP-247599,193.118.xxx.xxx,aprovada,0,,332,DF
TXN-002947,2024-02-08 14:04:54,CUST-00512,MERCH-0133,restaurantes,846.38,cartao_debito,internet_banking,FP-902232,43.84.xxx.xxx,aprovada,0,1,182,SC
TXN-002948,2024-01-04 05:18:28,CUST-00242,MERCH-0113,supermercados,575.34,TED,app_mobile,FP-553465,139.45.xxx.xxx,aprovada,0,,280,RN
TXN-002949,2024-01-14 17:37:51,CUST-00251,MERCH-0066,viagens,688.43,PIX,API,FP-869507,45.93.xxx.xxx,aprovada,0,,41,ES
TXN-002950,2024-01-12 17:11:21,CUST-00267,MERCH-0174,servicos_digitais,5261.65,cartao_credito,API,,180.28.xxx.xxx,aprovada,0,1,32,RJ
TXN-002951,2024-02-23 00:05:39,CUST-00104,MERCH-0029,e-commerce,89.66,boleto,app_mobile,FP-411988,191.118.xxx.xxx,aprovada,0,,60,RJ
TXN-002952,2024-02-16 20:46:31,CUST-00150,MERCH-0108,utilidades,607.68,cartao_debito,app_mobile,FP-974415,89.147.xxx.xxx,aprovada,0,,116,SP
TXN-002953,2024-02-01 03:43:33,CUST-00103,MERCH-0121,marketplace,1951.79,PIX,internet_banking,FP-557865,34.76.xxx.xxx,aprovada,0,,318,PR
TXN-002954,2024-01-30 05:01:21,CUST-00553,MERCH-0114,marketplace,85.27,PIX,app_mobile,FP-793245,181.196.xxx.xxx,aprovada,0,,47,SP
TXN-002955,2024-01-30 02:51:04,CUST-00732,MERCH-0089,farmacias,5151.19,cartao_credito,internet_banking,,246.44.xxx.xxx,aprovada,0,0,217,MG
TXN-002956,2024-01-16 00:07:40,CUST-00718,MERCH-0032,utilidades,28.84,cartao_credito,app_mobile,FP-768229,254.36.xxx.xxx,aprovada,0,,139,RS
TXN-002957,2024-01-31 18:42:36,CUST-00294,MERCH-0187,restaurantes,198.54,PIX,app_mobile,FP-825359,199.232.xxx.xxx,aprovada,0,,139,CE
TXN-002958,2024-02-17 22:41:41,CUST-00420,MERCH-0161,farmacias,785.02,TED,internet_banking,FP-801459,254.220.xxx.xxx,aprovada,0,,420,RN
TXN-002959,2024-02-26 22:19:02,CUST-00561,MERCH-0118,e-commerce,547.59,PIX,app_mobile,FP-616366,213.57.xxx.xxx,aprovada,0,,1240,CE
TXN-002960,2024-01-18 22:51:13,CUST-00390,MERCH-0105,servicos_digitais,218.96,cartao_credito,internet_banking,FP-811231,124.44.xxx.xxx,aprovada,0,,153,AM
TXN-002961,2024-01-06 01:03:00,CUST-00431,MERCH-0110,marketplace,31.39,cartao_credito,internet_banking,FP-254272,133.15.xxx.xxx,pendente,0,,84,SP
TXN-002962,2024-01-05 02:39:41,CUST-00155,MERCH-0160,outros,1427.11,TED,API,,210.198.xxx.xxx,aprovada,0,,138,RJ
TXN-002963,2024-01-09 07:58:22,CUST-00610,MERCH-0141,marketplace,664.09,boleto,app_mobile,FP-966077,97.18.xxx.xxx,pendente,0,,359,SC
TXN-002964,2024-02-22 09:56:40,CUST-00085,MERCH-0190,restaurantes,68.68,cartao_debito,API,,130.32.xxx.xxx,recusada,0,,89,SE
TXN-002965,2024-02-08 08:35:09,CUST-00661,MERCH-0147,farmacias,300.66,boleto,internet_banking,FP-631550,202.140.xxx.xxx,estornada,0,,557,PI
TXN-002966,2024-02-28 14:27:04,CUST-00463,MERCH-0066,marketplace,481.76,PIX,internet_banking,FP-742009,81.247.xxx.xxx,aprovada,0,,284,SC
TXN-002967,2024-01-12 11:37:13,CUST-00327,MERCH-0029,utilidades,1037.1,PIX,internet_banking,FP-813542,113.202.xxx.xxx,aprovada,0,,456,AL
TXN-002968,2024-02-01 23:47:59,CUST-00282,MERCH-0166,marketplace,142.15,cartao_credito,internet_banking,FP-770627,222.224.xxx.xxx,aprovada,0,,227,MS
TXN-002969,2024-01-13 21:44:35,CUST-00762,MERCH-0047,restaurantes,326.21,PIX,API,,225.195.xxx.xxx,aprovada,0,,130,ES
TXN-002970,2024-02-09 00:46:51,CUST-00088,MERCH-0008,postos,176.34,cartao_debito,API,,142.52.xxx.xxx,aprovada,0,0,190,AP
TXN-002971,2024-01-03 21:17:36,CUST-00410,MERCH-0027,postos,221.61,cartao_credito,API,,11.139.xxx.xxx,aprovada,0,,389,SP
TXN-002972,2024-02-29 02:51:07,CUST-00252,MERCH-0159,restaurantes,238.46,PIX,internet_banking,FP-652931,116.86.xxx.xxx,aprovada,0,0,262,ES
TXN-002973,2024-02-11 22:44:04,CUST-00113,MERCH-0051,postos,98.11,TED,app_mobile,FP-133442,6.106.xxx.xxx,aprovada,0,0,208,SP
TXN-002974,2024-02-05 10:04:56,CUST-00336,MERCH-0015,e-commerce,197.62,cartao_credito,internet_banking,FP-718034,156.134.xxx.xxx,aprovada,0,,285,SC
TXN-002975,2024-01-26 00:26:25,CUST-00202,MERCH-0078,restaurantes,338.9,cartao_credito,app_mobile,,85.103.xxx.xxx,aprovada,1,1,97,CE
TXN-002976,2024-02-26 06:39:11,CUST-00433,MERCH-0059,e-commerce,93.1,PIX,internet_banking,FP-638452,27.61.xxx.xxx,aprovada,0,,301,AP
TXN-002977,2024-02-06 23:27:12,CUST-00430,MERCH-0187,supermercados,845.16,TED,app_mobile,FP-582324,132.152.xxx.xxx,aprovada,0,0,181,SP
TXN-002978,2024-01-20 08:10:58,CUST-00047,MERCH-0084,marketplace,113.04,boleto,API,,16.112.xxx.xxx,aprovada,0,,72,SP
TXN-002979,2024-02-16 11:10:39,CUST-00745,MERCH-0061,supermercados,2607.8,cartao_credito,app_mobile,FP-468251,228.123.xxx.xxx,aprovada,0,,133,RN
TXN-002980,2024-02-08 23:27:30,CUST-00132,MERCH-0034,utilidades,184.63,cartao_debito,API,,4.8.xxx.xxx,aprovada,0,0,55,SP
TXN-002981,2024-01-26 16:18:47,CUST-00720,MERCH-0143,outros,179.79,cartao_debito,caixa_eletronico,FP-498282,71.181.xxx.xxx,aprovada,0,0,268,MS
TXN-002982,2024-01-29 22:48:52,CUST-00299,MERCH-0198,e-commerce,143.04,PIX,app_mobile,FP-902350,10.31.xxx.xxx,aprovada,0,,120,MG
TXN-002983,2024-01-13 12:40:35,CUST-00771,MERCH-0044,restaurantes,1094.35,cartao_credito,internet_banking,FP-260637,13.10.xxx.xxx,aprovada,0,,66,PR
TXN-002984,2024-01-01 16:26:32,CUST-00443,MERCH-0073,farmacias,548.74,PIX,caixa_eletronico,FP-357519,2.179.xxx.xxx,aprovada,0,,131,SC
TXN-002985,2024-02-26 23:06:25,CUST-00754,MERCH-0113,outros,126.04,cartao_debito,caixa_eletronico,FP-907837,67.45.xxx.xxx,pendente,0,,71,RS
TXN-002986,2024-02-08 03:41:23,CUST-00795,MERCH-0136,restaurantes,16.01,TED,caixa_eletronico,FP-423703,42.188.xxx.xxx,aprovada,0,,311,SC
TXN-002987,2024-02-05 14:45:35,CUST-00519,MERCH-0039,farmacias,1065.67,PIX,app_mobile,,74.46.xxx.xxx,aprovada,0,,36,PR
TXN-002988,2024-02-22 11:11:07,CUST-00268,MERCH-0187,utilidades,253.93,cartao_credito,app_mobile,FP-919623,223.143.xxx.xxx,aprovada,0,,36,MG
TXN-002989,2024-01-05 09:19:53,CUST-00711,MERCH-0099,utilidades,340.56,cartao_debito,app_mobile,FP-818309,74.221.xxx.xxx,recusada,0,,31,RR
TXN-002990,2024-02-13 18:06:50,CUST-00673,MERCH-0034,e-commerce,2202.6,cartao_credito,app_mobile,FP-676153,76.233.xxx.xxx,aprovada,0,,109,MG
TXN-002991,2024-01-22 23:52:35,CUST-00323,MERCH-0109,farmacias,1515.34,TED,internet_banking,FP-104975,156.32.xxx.xxx,aprovada,0,,220,ES
TXN-002992,2024-01-29 18:22:29,CUST-00440,MERCH-0161,supermercados,505.38,cartao_credito,app_mobile,FP-164969,199.50.xxx.xxx,pendente,0,,11,MG
TXN-002993,2024-01-26 10:50:34,CUST-00337,MERCH-0041,e-commerce,21.35,PIX,app_mobile,FP-963179,37.39.xxx.xxx,aprovada,0,,183,RS
TXN-002994,2024-02-14 02:10:41,CUST-00441,MERCH-0165,farmacias,2010.28,TED,app_mobile,FP-718394,186.227.xxx.xxx,aprovada,0,,215,ES
TXN-002995,2024-01-12 01:04:39,CUST-00532,MERCH-0117,supermercados,74.61,TED,API,,182.210.xxx.xxx,aprovada,0,,217,ES
TXN-002996,2024-01-07 08:55:28,CUST-00427,MERCH-0035,postos,196.68,cartao_credito,internet_banking,FP-964916,46.79.xxx.xxx,aprovada,0,,241,MG
TXN-002997,2024-01-28 01:19:07,CUST-00759,MERCH-0186,e-commerce,78.76,PIX,caixa_eletronico,FP-176445,74.42.xxx.xxx,aprovada,0,,33,RJ
TXN-002998,2024-02-03 04:34:14,CUST-00796,MERCH-0015,viagens,338.86,cartao_credito,app_mobile,FP-805211,155.64.xxx.xxx,aprovada,0,0,197,PE
TXN-002999,2024-01-30 10:57:43,CUST-00607,MERCH-0073,servicos_digitais,1654.25,cartao_debito,caixa_eletronico,FP-358909,91.69.xxx.xxx,aprovada,0,,23,SP
TXN-003000,2024-01-29 07:08:54,CUST-00406,MERCH-0200,e-commerce,223.2,TED,internet_banking,FP-291038,59.144.xxx.xxx,recusada,0,,619,MA
TXN-003001,2024-01-11 05:13:56,CUST-00692,MERCH-0007,farmacias,89.05,PIX,app_mobile,FP-991569,31.246.xxx.xxx,aprovada,0,,427,MG
TXN-003002,2024-01-27 07:37:34,CUST-00589,MERCH-0121,marketplace,1340.29,PIX,app_mobile,FP-856146,47.176.xxx.xxx,estornada,0,,116,AM
TXN-003003,2024-02-22 17:02:38,CUST-00569,MERCH-0195,outros,372.99,PIX,internet_banking,FP-105518,197.212.xxx.xxx,aprovada,0,,227,SC
TXN-003004,2024-02-28 17:06:15,CUST-00317,MERCH-0074,e-commerce,1043.81,cartao_debito,app_mobile,FP-355464,244.60.xxx.xxx,aprovada,1,,98,BA
TXN-003005,2024-01-31 01:21:11,CUST-00328,MERCH-0149,supermercados,785.9,cartao_credito,caixa_eletronico,FP-118983,62.20.xxx.xxx,aprovada,0,,193,SP
TXN-003006,2024-02-11 14:57:28,CUST-00054,MERCH-0113,marketplace,1470.69,cartao_credito,internet_banking,FP-191009,75.6.xxx.xxx,aprovada,0,,115,DF
TXN-003007,2024-01-21 20:42:33,CUST-00425,MERCH-0114,postos,574.43,cartao_debito,app_mobile,FP-178339,63.66.xxx.xxx,aprovada,0,,104,MG
TXN-003008,2024-01-20 23:08:10,CUST-00471,MERCH-0154,marketplace,187.37,cartao_credito,API,,218.106.xxx.xxx,aprovada,0,0,289,RN
TXN-003009,2024-02-09 02:47:32,CUST-00473,MERCH-0016,e-commerce,519.27,PIX,app_mobile,FP-998436,58.74.xxx.xxx,aprovada,0,,179,SP
TXN-003010,2024-02-21 00:48:10,CUST-00618,MERCH-0131,restaurantes,178.04,PIX,app_mobile,FP-752299,50.112.xxx.xxx,recusada,0,,216,ES
TXN-003011,2024-01-11 23:15:06,CUST-00432,MERCH-0196,e-commerce,32.94,TED,app_mobile,FP-679526,162.84.xxx.xxx,aprovada,0,,141,MG
TXN-003012,2024-01-13 19:43:08,CUST-00627,MERCH-0105,servicos_digitais,434.91,TED,internet_banking,FP-908125,212.225.xxx.xxx,aprovada,0,,199,ES
TXN-003013,2024-01-12 22:12:15,CUST-00483,MERCH-0034,marketplace,909.53,PIX,internet_banking,,181.217.xxx.xxx,aprovada,0,,425,AL
TXN-003014,2024-02-18 16:17:53,CUST-00318,MERCH-0005,outros,90.75,cartao_debito,caixa_eletronico,FP-835009,218.253.xxx.xxx,aprovada,0,1,176,PA
TXN-003015,2024-01-06 10:26:12,CUST-00664,MERCH-0078,marketplace,405.26,cartao_credito,internet_banking,FP-681689,76.94.xxx.xxx,aprovada,0,,153,CE
TXN-003016,2024-02-07 20:43:59,CUST-00463,MERCH-0147,e-commerce,14.71,cartao_credito,internet_banking,FP-834446,99.181.xxx.xxx,aprovada,0,,33,SC
TXN-003017,2024-02-27 14:18:09,CUST-00417,MERCH-0149,marketplace,471.21,cartao_credito,app_mobile,FP-813782,173.3.xxx.xxx,aprovada,0,,264,SP
TXN-003018,2024-01-23 21:33:32,CUST-00298,MERCH-0060,viagens,860.69,PIX,API,,152.181.xxx.xxx,aprovada,0,,252,ES
TXN-003019,2024-01-22 13:35:47,CUST-00599,MERCH-0040,utilidades,245.39,cartao_credito,API,,89.69.xxx.xxx,aprovada,0,,117,RJ
TXN-003020,2024-01-18 19:16:21,CUST-00208,MERCH-0022,viagens,195.62,cartao_debito,caixa_eletronico,FP-255756,72.107.xxx.xxx,recusada,0,,150,MG
TXN-003021,2024-02-13 02:00:17,CUST-00334,MERCH-0091,marketplace,136.01,cartao_credito,internet_banking,FP-512385,41.191.xxx.xxx,aprovada,0,,295,PB
TXN-003022,2024-02-05 00:34:29,CUST-00586,MERCH-0004,outros,906.7,cartao_credito,app_mobile,FP-836385,125.104.xxx.xxx,aprovada,0,,508,SP
TXN-003023,2024-02-22 15:41:56,CUST-00735,MERCH-0005,servicos_digitais,97.89,PIX,internet_banking,FP-669044,218.145.xxx.xxx,aprovada,0,0,107,RJ
TXN-003024,2024-02-14 08:41:35,CUST-00529,MERCH-0089,supermercados,138.81,TED,internet_banking,FP-483210,164.119.xxx.xxx,aprovada,0,,234,SP
TXN-003025,2024-02-14 16:14:08,CUST-00285,MERCH-0018,supermercados,611.43,TED,app_mobile,FP-630337,236.163.xxx.xxx,aprovada,0,,123,PR
TXN-003026,2024-02-24 17:56:59,CUST-00108,MERCH-0154,servicos_digitais,90.73,cartao_credito,app_mobile,FP-731183,237.226.xxx.xxx,recusada,0,,180,RR
TXN-003027,2024-01-18 19:27:47,CUST-00410,MERCH-0157,e-commerce,49.81,cartao_credito,API,,206.19.xxx.xxx,aprovada,0,,130,RJ
TXN-003028,2024-01-28 05:40:17,CUST-00316,MERCH-0092,supermercados,387.95,cartao_debito,internet_banking,FP-436808,33.241.xxx.xxx,aprovada,0,,1780,TO
TXN-003029,2024-01-10 06:28:04,CUST-00749,MERCH-0132,e-commerce,582.46,cartao_credito,internet_banking,FP-929012,3.56.xxx.xxx,aprovada,0,,105,PE
TXN-003030,2024-02-09 22:35:21,CUST-00623,MERCH-0122,e-commerce,29.64,cartao_debito,app_mobile,FP-433176,183.22.xxx.xxx,aprovada,0,,189,SC
TXN-003031,2024-02-28 19:19:56,CUST-00250,MERCH-0152,viagens,450.34,PIX,internet_banking,FP-530152,35.28.xxx.xxx,aprovada,0,,202,ES
TXN-003032,2024-02-08 08:17:32,CUST-00650,MERCH-0171,e-commerce,1531.37,PIX,app_mobile,FP-122564,38.25.xxx.xxx,aprovada,0,,353,RJ
TXN-003033,2024-01-16 16:51:03,CUST-00345,MERCH-0082,supermercados,289.59,PIX,internet_banking,FP-334280,38.193.xxx.xxx,recusada,0,,48,RJ
TXN-003034,2024-01-01 17:21:45,CUST-00178,MERCH-0194,servicos_digitais,149.68,cartao_credito,app_mobile,FP-960768,45.152.xxx.xxx,aprovada,0,,219,MG
TXN-003035,2024-01-02 14:33:14,CUST-00504,MERCH-0125,supermercados,86.46,PIX,app_mobile,FP-994168,29.204.xxx.xxx,pendente,0,,93,SC
TXN-003036,2024-01-12 03:08:08,CUST-00312,MERCH-0128,restaurantes,168.31,cartao_credito,app_mobile,FP-738507,38.153.xxx.xxx,aprovada,0,,47,ES
TXN-003037,2024-01-06 13:57:34,CUST-00455,MERCH-0107,servicos_digitais,964.0,TED,internet_banking,,224.16.xxx.xxx,aprovada,0,,114,ES
TXN-003038,2024-01-12 04:24:09,CUST-00191,MERCH-0200,outros,960.28,TED,app_mobile,FP-572475,112.165.xxx.xxx,aprovada,0,,1066,SP
TXN-003039,2024-01-24 09:54:53,CUST-00639,MERCH-0006,restaurantes,136.69,cartao_debito,internet_banking,FP-266374,30.82.xxx.xxx,aprovada,0,,775,ES
TXN-003040,2024-01-02 01:47:04,CUST-00013,MERCH-0195,e-commerce,113.8,TED,API,,9.135.xxx.xxx,aprovada,0,,151,RJ
TXN-003041,2024-01-07 20:54:38,CUST-00496,MERCH-0167,restaurantes,327.1,TED,app_mobile,FP-318402,56.119.xxx.xxx,aprovada,0,,101,ES
TXN-003042,2024-01-06 02:52:46,CUST-00749,MERCH-0061,restaurantes,141.05,PIX,app_mobile,FP-657803,34.207.xxx.xxx,aprovada,0,0,404,RN
TXN-003043,2024-01-04 08:10:59,CUST-00194,MERCH-0102,outros,3588.22,cartao_credito,internet_banking,FP-108020,188.181.xxx.xxx,aprovada,0,,587,PI
TXN-003044,2024-02-20 11:58:24,CUST-00637,MERCH-0121,marketplace,1049.47,boleto,app_mobile,FP-984348,177.95.xxx.xxx,aprovada,0,,112,PI
TXN-003045,2024-02-24 11:11:35,CUST-00649,MERCH-0190,farmacias,50.77,TED,app_mobile,FP-425684,28.176.xxx.xxx,aprovada,0,,333,ES
TXN-003046,2024-02-21 06:08:06,CUST-00615,MERCH-0130,marketplace,50.29,boleto,app_mobile,FP-289720,158.187.xxx.xxx,estornada,0,,354,SC
TXN-003047,2024-01-26 14:15:24,CUST-00400,MERCH-0096,e-commerce,81.57,TED,internet_banking,FP-863852,68.182.xxx.xxx,aprovada,0,,228,RS
TXN-003048,2024-02-21 06:39:51,CUST-00244,MERCH-0150,servicos_digitais,497.49,TED,app_mobile,FP-304559,116.16.xxx.xxx,aprovada,0,0,76,MG
TXN-003049,2024-02-28 21:33:16,CUST-00700,MERCH-0026,utilidades,19.55,boleto,app_mobile,FP-258620,89.43.xxx.xxx,aprovada,0,,86,ES
TXN-003050,2024-02-19 06:01:57,CUST-00337,MERCH-0007,marketplace,52.15,PIX,internet_banking,FP-130199,160.226.xxx.xxx,aprovada,0,,74,RS
TXN-003051,2024-01-23 05:19:55,CUST-00316,MERCH-0187,outros,879.83,PIX,caixa_eletronico,FP-221600,123.160.xxx.xxx,aprovada,0,,323,TO
TXN-003052,2024-02-07 21:18:26,CUST-00770,MERCH-0103,supermercados,413.9,PIX,app_mobile,FP-835928,183.145.xxx.xxx,recusada,0,,127,RS
TXN-003053,2024-01-08 23:07:50,CUST-00525,MERCH-0121,e-commerce,580.57,PIX,app_mobile,FP-151687,96.69.xxx.xxx,aprovada,0,,553,ES
TXN-003054,2024-01-06 10:53:50,CUST-00495,MERCH-0017,restaurantes,100.7,TED,app_mobile,FP-573393,123.57.xxx.xxx,pendente,0,,64,PR
TXN-003055,2024-02-23 08:15:29,CUST-00347,MERCH-0080,outros,275.42,cartao_credito,caixa_eletronico,FP-457815,15.139.xxx.xxx,aprovada,0,,276,MG
TXN-003056,2024-02-24 06:35:11,CUST-00434,MERCH-0107,outros,89.37,cartao_credito,app_mobile,FP-348949,243.55.xxx.xxx,aprovada,0,,716,SP
TXN-003057,2024-01-18 17:22:58,CUST-00218,MERCH-0007,e-commerce,1964.38,PIX,API,,77.166.xxx.xxx,recusada,0,,64,ES
TXN-003058,2024-02-19 00:24:49,CUST-00386,MERCH-0078,outros,156.18,cartao_credito,internet_banking,FP-293788,136.242.xxx.xxx,aprovada,0,,290,SP
TXN-003059,2024-01-18 01:53:56,CUST-00488,MERCH-0003,postos,248.49,boleto,app_mobile,FP-862620,129.239.xxx.xxx,aprovada,0,,118,PE
TXN-003060,2024-02-06 10:57:25,CUST-00071,MERCH-0157,outros,203.23,cartao_debito,internet_banking,FP-739357,89.79.xxx.xxx,recusada,0,,46,RO
TXN-003061,2024-01-16 12:48:37,CUST-00368,MERCH-0143,marketplace,619.41,cartao_credito,internet_banking,FP-641139,79.200.xxx.xxx,aprovada,1,,355,ES
TXN-003062,2024-01-31 18:12:47,CUST-00127,MERCH-0172,postos,603.39,TED,app_mobile,FP-901847,30.3.xxx.xxx,aprovada,0,,109,MG
TXN-003063,2024-02-26 10:11:50,CUST-00607,MERCH-0183,marketplace,224.47,PIX,caixa_eletronico,FP-384283,152.138.xxx.xxx,aprovada,0,,73,RJ
TXN-003064,2024-02-19 15:00:14,CUST-00158,MERCH-0007,e-commerce,14.86,cartao_credito,internet_banking,FP-932543,97.131.xxx.xxx,pendente,0,,122,RJ
TXN-003065,2024-02-02 17:28:31,CUST-00538,MERCH-0043,farmacias,10.13,TED,app_mobile,FP-197805,29.25.xxx.xxx,aprovada,0,,68,PI
TXN-003066,2024-01-31 22:28:02,CUST-00665,MERCH-0094,e-commerce,347.01,cartao_credito,API,,109.125.xxx.xxx,aprovada,0,,81,MS
TXN-003067,2024-02-27 13:54:20,CUST-00431,MERCH-0085,utilidades,2009.99,PIX,internet_banking,FP-590180,16.63.xxx.xxx,pendente,0,,663,ES
TXN-003068,2024-02-09 14:39:22,CUST-00222,MERCH-0088,marketplace,377.65,PIX,app_mobile,FP-920359,150.85.xxx.xxx,aprovada,0,,131,AL
TXN-003069,2024-01-25 00:35:47,CUST-00674,MERCH-0125,servicos_digitais,1023.22,PIX,app_mobile,FP-162285,163.241.xxx.xxx,aprovada,0,,21,RN
TXN-003070,2024-01-15 18:08:14,CUST-00609,MERCH-0146,marketplace,80.28,TED,internet_banking,FP-163260,2.64.xxx.xxx,aprovada,0,,91,ES
TXN-003071,2024-02-18 07:40:56,CUST-00071,MERCH-0162,utilidades,137.85,TED,API,,56.118.xxx.xxx,aprovada,0,,161,PA
TXN-003072,2024-02-15 16:37:42,CUST-00244,MERCH-0153,e-commerce,257.21,cartao_debito,app_mobile,FP-208754,49.134.xxx.xxx,aprovada,0,,143,RJ
TXN-003073,2024-02-06 12:51:00,CUST-00091,MERCH-0079,outros,163.43,cartao_debito,app_mobile,FP-921555,54.91.xxx.xxx,aprovada,0,,174,RJ
TXN-003074,2024-01-01 13:06:25,CUST-00537,MERCH-0161,supermercados,610.5,TED,app_mobile,FP-839667,125.132.xxx.xxx,recusada,0,,45,SP
TXN-003075,2024-01-18 13:27:36,CUST-00465,MERCH-0144,outros,221.92,cartao_credito,app_mobile,FP-572668,152.214.xxx.xxx,aprovada,0,0,259,RJ
TXN-003076,2024-02-29 11:52:17,CUST-00327,MERCH-0067,restaurantes,407.85,cartao_debito,app_mobile,FP-109899,180.2.xxx.xxx,aprovada,0,,137,PB
TXN-003077,2024-01-07 19:15:47,CUST-00292,MERCH-0106,e-commerce,759.81,TED,internet_banking,FP-377203,11.190.xxx.xxx,aprovada,0,0,55,RJ
TXN-003078,2024-01-23 14:56:34,CUST-00191,MERCH-0032,supermercados,321.44,PIX,internet_banking,FP-243663,154.212.xxx.xxx,aprovada,0,,390,SP
TXN-003079,2024-02-23 23:00:00,CUST-00316,MERCH-0040,outros,368.29,PIX,caixa_eletronico,FP-151251,37.111.xxx.xxx,aprovada,0,,260,TO
TXN-003080,2024-02-21 03:49:30,CUST-00406,MERCH-0180,outros,139.85,cartao_debito,internet_banking,FP-709476,116.234.xxx.xxx,aprovada,0,,174,BA
TXN-003081,2024-01-10 17:18:08,CUST-00297,MERCH-0197,farmacias,206.73,boleto,API,,57.154.xxx.xxx,pendente,0,,250,RO
TXN-003082,2024-01-05 23:40:30,CUST-00135,MERCH-0063,marketplace,104.56,TED,app_mobile,FP-934819,246.116.xxx.xxx,pendente,0,,169,MG
TXN-003083,2024-01-14 01:03:05,CUST-00332,MERCH-0143,viagens,104.49,cartao_debito,internet_banking,FP-210310,224.3.xxx.xxx,pendente,0,1,69,SP
TXN-003084,2024-01-23 02:49:59,CUST-00027,MERCH-0006,outros,591.49,cartao_credito,caixa_eletronico,,63.40.xxx.xxx,aprovada,0,,247,PR
TXN-003085,2024-01-15 05:42:11,CUST-00385,MERCH-0107,servicos_digitais,308.7,PIX,app_mobile,FP-801744,21.174.xxx.xxx,recusada,0,,60,ES
TXN-003086,2024-01-23 04:48:53,CUST-00076,MERCH-0155,marketplace,173.9,PIX,app_mobile,FP-777577,40.80.xxx.xxx,aprovada,0,,253,ES
TXN-003087,2024-01-17 03:33:25,CUST-00440,MERCH-0043,viagens,1235.07,cartao_credito,app_mobile,FP-563655,220.101.xxx.xxx,aprovada,0,,88,SP
TXN-003088,2024-01-04 22:04:52,CUST-00769,MERCH-0191,e-commerce,113.26,cartao_credito,internet_banking,FP-500306,172.232.xxx.xxx,pendente,0,,106,ES
TXN-003089,2024-01-11 23:10:38,CUST-00592,MERCH-0067,outros,578.18,PIX,app_mobile,,19.188.xxx.xxx,aprovada,0,,333,MT
TXN-003090,2024-01-16 22:32:31,CUST-00599,MERCH-0095,e-commerce,129.1,cartao_credito,app_mobile,FP-722309,204.22.xxx.xxx,aprovada,0,,248,MG
TXN-003091,2024-02-09 11:24:30,CUST-00401,MERCH-0170,servicos_digitais,163.37,TED,app_mobile,FP-152755,4.70.xxx.xxx,aprovada,0,,320,RJ
TXN-003092,2024-02-02 04:52:52,CUST-00304,MERCH-0132,postos,142.95,boleto,app_mobile,FP-305768,183.249.xxx.xxx,aprovada,0,,488,SP
TXN-003093,2024-02-16 22:59:51,CUST-00591,MERCH-0156,supermercados,3713.13,PIX,API,,250.78.xxx.xxx,aprovada,0,,384,MS
TXN-003094,2024-02-18 13:10:28,CUST-00174,MERCH-0159,farmacias,995.66,cartao_debito,caixa_eletronico,FP-994678,93.242.xxx.xxx,aprovada,0,,120,MG
TXN-003095,2024-02-27 15:09:22,CUST-00469,MERCH-0067,marketplace,117.22,PIX,internet_banking,FP-599904,174.137.xxx.xxx,estornada,0,0,255,BA
TXN-003096,2024-02-17 23:30:54,CUST-00531,MERCH-0018,utilidades,272.98,cartao_credito,app_mobile,FP-897345,61.76.xxx.xxx,aprovada,0,,172,RS
TXN-003097,2024-02-05 00:39:07,CUST-00378,MERCH-0010,farmacias,27.49,PIX,API,FP-512426,160.105.xxx.xxx,aprovada,0,,82,SP
TXN-003098,2024-02-23 15:02:11,CUST-00319,MERCH-0070,marketplace,47.65,cartao_debito,caixa_eletronico,FP-837426,124.73.xxx.xxx,aprovada,0,,403,RJ
TXN-003099,2024-02-27 11:02:59,CUST-00678,MERCH-0053,servicos_digitais,207.77,cartao_debito,internet_banking,FP-150884,160.78.xxx.xxx,aprovada,0,,145,RJ
TXN-003100,2024-01-12 08:13:48,CUST-00199,MERCH-0138,farmacias,229.9,PIX,API,FP-763313,115.219.xxx.xxx,aprovada,0,,420,MT
TXN-003101,2024-01-14 19:27:31,CUST-00063,MERCH-0078,e-commerce,116.09,TED,app_mobile,FP-528036,195.125.xxx.xxx,aprovada,0,,163,BA
TXN-003102,2024-01-22 15:37:59,CUST-00009,MERCH-0186,utilidades,105.1,PIX,API,,47.5.xxx.xxx,aprovada,0,,281,PI
TXN-003103,2024-01-14 14:14:22,CUST-00301,MERCH-0107,e-commerce,140.13,PIX,app_mobile,,206.44.xxx.xxx,aprovada,0,0,316,SP
TXN-003104,2024-01-22 17:51:25,CUST-00005,MERCH-0177,e-commerce,41.5,PIX,internet_banking,FP-434108,54.220.xxx.xxx,aprovada,0,0,89,RJ
TXN-003105,2024-01-17 17:14:31,CUST-00103,MERCH-0048,e-commerce,89.59,TED,API,FP-767182,125.73.xxx.xxx,aprovada,0,,212,RS
TXN-003106,2024-01-05 19:10:36,CUST-00718,MERCH-0021,restaurantes,1049.84,cartao_debito,internet_banking,FP-470354,162.15.xxx.xxx,aprovada,0,,319,PR
TXN-003107,2024-01-20 10:11:08,CUST-00380,MERCH-0094,viagens,314.37,TED,internet_banking,FP-994126,40.31.xxx.xxx,aprovada,0,,97,MG
TXN-003108,2024-02-28 14:31:05,CUST-00282,MERCH-0161,postos,87.2,cartao_credito,app_mobile,FP-932659,151.108.xxx.xxx,aprovada,0,,285,MS
TXN-003109,2024-02-20 19:18:47,CUST-00175,MERCH-0003,utilidades,426.21,TED,caixa_eletronico,FP-495511,146.98.xxx.xxx,aprovada,0,,78,MS
TXN-003110,2024-01-30 19:13:18,CUST-00279,MERCH-0087,e-commerce,43.08,cartao_debito,caixa_eletronico,FP-493715,102.33.xxx.xxx,aprovada,0,,426,RS
TXN-003111,2024-01-24 05:14:24,CUST-00116,MERCH-0103,farmacias,204.77,cartao_credito,internet_banking,FP-986086,13.59.xxx.xxx,aprovada,0,0,228,SP
TXN-003112,2024-02-16 14:28:24,CUST-00100,MERCH-0097,farmacias,181.88,cartao_credito,internet_banking,FP-961208,8.139.xxx.xxx,aprovada,0,,653,ES
TXN-003113,2024-02-21 13:40:20,CUST-00506,MERCH-0155,farmacias,1770.07,TED,internet_banking,FP-789994,83.128.xxx.xxx,aprovada,0,,262,SP
TXN-003114,2024-01-04 21:47:17,CUST-00771,MERCH-0096,restaurantes,54.15,cartao_credito,API,FP-289600,71.4.xxx.xxx,pendente,0,,791,SC
TXN-003115,2024-01-29 14:26:41,CUST-00510,MERCH-0194,supermercados,27.49,cartao_debito,app_mobile,FP-423207,241.13.xxx.xxx,aprovada,0,,64,RJ
TXN-003116,2024-01-21 02:20:15,CUST-00021,MERCH-0055,supermercados,489.92,PIX,app_mobile,FP-928239,85.32.xxx.xxx,pendente,0,,151,RS
TXN-003117,2024-01-24 18:14:43,CUST-00521,MERCH-0097,servicos_digitais,551.0,PIX,internet_banking,FP-622129,122.119.xxx.xxx,aprovada,0,,298,MG
TXN-003118,2024-02-14 14:30:27,CUST-00480,MERCH-0081,postos,735.75,PIX,internet_banking,FP-785769,63.98.xxx.xxx,estornada,0,,82,RJ
TXN-003119,2024-01-29 04:16:37,CUST-00792,MERCH-0023,utilidades,935.07,PIX,internet_banking,FP-670095,2.201.xxx.xxx,aprovada,0,,539,PR
TXN-003120,2024-02-20 00:26:16,CUST-00386,MERCH-0197,restaurantes,158.97,TED,API,FP-850458,53.215.xxx.xxx,pendente,0,,350,ES
TXN-003121,2024-02-04 16:25:22,CUST-00316,MERCH-0057,farmacias,1185.75,TED,app_mobile,FP-179678,249.156.xxx.xxx,aprovada,0,,190,AP
TXN-003122,2024-02-19 23:21:24,CUST-00364,MERCH-0044,e-commerce,61.95,cartao_credito,app_mobile,FP-419866,245.162.xxx.xxx,aprovada,0,0,154,PR
TXN-003123,2024-02-08 12:54:50,CUST-00752,MERCH-0075,viagens,515.88,boleto,app_mobile,FP-536489,96.81.xxx.xxx,aprovada,0,,100,MG
TXN-003124,2024-01-05 15:43:59,CUST-00153,MERCH-0122,postos,197.82,PIX,app_mobile,FP-877082,32.90.xxx.xxx,aprovada,0,,40,ES
TXN-003125,2024-02-12 23:51:03,CUST-00680,MERCH-0098,restaurantes,613.04,PIX,app_mobile,FP-519715,43.183.xxx.xxx,aprovada,0,,231,RS
TXN-003126,2024-02-26 18:47:55,CUST-00653,MERCH-0161,marketplace,669.38,cartao_credito,internet_banking,FP-471573,248.50.xxx.xxx,aprovada,0,,70,ES
TXN-003127,2024-02-25 12:22:16,CUST-00537,MERCH-0014,utilidades,414.04,cartao_debito,internet_banking,FP-462420,64.108.xxx.xxx,aprovada,0,,93,ES
TXN-003128,2024-02-22 17:45:11,CUST-00186,MERCH-0195,postos,982.85,TED,app_mobile,FP-105650,183.174.xxx.xxx,recusada,0,,123,RS
TXN-003129,2024-01-05 05:05:17,CUST-00502,MERCH-0143,marketplace,57.2,cartao_debito,API,,126.205.xxx.xxx,aprovada,0,,192,RJ
TXN-003130,2024-02-26 06:46:20,CUST-00776,MERCH-0065,restaurantes,217.73,PIX,app_mobile,FP-651717,109.249.xxx.xxx,recusada,0,,115,ES
TXN-003131,2024-02-11 23:14:14,CUST-00670,MERCH-0088,e-commerce,1043.95,cartao_debito,app_mobile,FP-101976,13.213.xxx.xxx,aprovada,0,,130,AP
TXN-003132,2024-01-26 18:16:19,CUST-00253,MERCH-0072,servicos_digitais,703.88,TED,app_mobile,FP-389669,194.78.xxx.xxx,aprovada,0,,341,RJ
TXN-003133,2024-01-06 07:38:19,CUST-00539,MERCH-0028,e-commerce,167.98,cartao_debito,app_mobile,FP-538048,5.12.xxx.xxx,recusada,0,,53,ES
TXN-003134,2024-02-07 11:19:30,CUST-00526,MERCH-0034,e-commerce,1111.23,cartao_debito,internet_banking,FP-980103,42.73.xxx.xxx,pendente,0,,238,PI
TXN-003135,2024-01-31 10:48:33,CUST-00023,MERCH-0017,marketplace,226.1,cartao_debito,caixa_eletronico,FP-530037,118.77.xxx.xxx,aprovada,0,,122,PE
TXN-003136,2024-01-08 12:30:41,CUST-00072,MERCH-0093,marketplace,355.97,boleto,caixa_eletronico,FP-485449,138.141.xxx.xxx,aprovada,0,,251,PI
TXN-003137,2024-02-11 07:47:28,CUST-00002,MERCH-0101,outros,370.22,cartao_credito,internet_banking,FP-372360,52.70.xxx.xxx,recusada,0,,35,MS
TXN-003138,2024-02-05 04:33:01,CUST-00369,MERCH-0146,e-commerce,576.19,TED,caixa_eletronico,FP-110382,239.55.xxx.xxx,estornada,1,,40,BA
TXN-003139,2024-01-23 14:56:02,CUST-00459,MERCH-0017,supermercados,476.0,PIX,caixa_eletronico,FP-584164,46.248.xxx.xxx,pendente,0,0,220,MG
TXN-003140,2024-02-18 22:08:46,CUST-00645,MERCH-0073,viagens,104.58,cartao_credito,app_mobile,FP-743141,162.241.xxx.xxx,aprovada,0,,73,RJ
TXN-003141,2024-02-19 08:07:58,CUST-00210,MERCH-0163,e-commerce,18.56,cartao_credito,app_mobile,FP-516566,120.88.xxx.xxx,aprovada,0,0,92,PE
TXN-003142,2024-02-01 19:19:55,CUST-00503,MERCH-0054,postos,79.68,cartao_debito,internet_banking,FP-991530,165.131.xxx.xxx,estornada,0,,82,SP
TXN-003143,2024-02-08 01:16:24,CUST-00344,MERCH-0028,marketplace,1733.47,PIX,app_mobile,FP-190266,15.221.xxx.xxx,recusada,0,,122,RN
TXN-003144,2024-01-20 03:47:50,CUST-00150,MERCH-0037,postos,347.48,cartao_credito,caixa_eletronico,FP-433188,79.125.xxx.xxx,aprovada,0,0,72,ES
TXN-003145,2024-02-27 09:22:55,CUST-00268,MERCH-0140,restaurantes,1122.17,cartao_credito,internet_banking,FP-668162,223.190.xxx.xxx,recusada,0,,226,MG
TXN-003146,2024-02-19 22:18:32,CUST-00179,MERCH-0151,supermercados,905.37,cartao_credito,app_mobile,FP-338312,249.120.xxx.xxx,recusada,0,,119,RS
TXN-003147,2024-02-08 11:15:48,CUST-00086,MERCH-0084,e-commerce,261.85,cartao_credito,app_mobile,FP-866472,194.6.xxx.xxx,estornada,0,,346,SP
TXN-003148,2024-02-15 00:57:07,CUST-00702,MERCH-0102,farmacias,339.96,PIX,app_mobile,FP-414733,173.209.xxx.xxx,estornada,0,,47,PI
TXN-003149,2024-02-12 06:32:29,CUST-00469,MERCH-0147,e-commerce,274.2,cartao_debito,caixa_eletronico,FP-631660,201.130.xxx.xxx,aprovada,0,0,111,MA
TXN-003150,2024-02-14 10:50:20,CUST-00106,MERCH-0117,e-commerce,717.45,PIX,internet_banking,FP-563610,52.57.xxx.xxx,aprovada,0,,18,SC
TXN-003151,2024-02-12 17:26:40,CUST-00187,MERCH-0132,restaurantes,73.08,cartao_credito,API,,103.42.xxx.xxx,pendente,0,,189,BA
TXN-003152,2024-01-19 08:17:26,CUST-00588,MERCH-0129,e-commerce,67.23,cartao_debito,internet_banking,FP-875379,200.244.xxx.xxx,aprovada,0,,92,RJ
TXN-003153,2024-02-20 16:54:29,CUST-00682,MERCH-0016,restaurantes,1682.9,TED,caixa_eletronico,FP-500710,172.68.xxx.xxx,aprovada,0,,176,GO
TXN-003154,2024-01-09 23:15:08,CUST-00070,MERCH-0072,restaurantes,113.42,cartao_credito,caixa_eletronico,FP-868983,31.81.xxx.xxx,aprovada,0,,182,RJ
TXN-003155,2024-02-27 00:20:24,CUST-00173,MERCH-0073,e-commerce,203.45,TED,API,,24.78.xxx.xxx,pendente,0,,51,MT
TXN-003156,2024-02-29 04:50:21,CUST-00758,MERCH-0150,marketplace,1840.25,PIX,internet_banking,FP-844888,70.26.xxx.xxx,aprovada,0,0,445,ES
TXN-003157,2024-02-06 03:18:02,CUST-00251,MERCH-0161,e-commerce,683.46,boleto,internet_banking,FP-924529,152.146.xxx.xxx,aprovada,1,0,121,MG
TXN-003158,2024-01-31 23:39:43,CUST-00377,MERCH-0184,farmacias,33.78,cartao_credito,internet_banking,FP-109091,2.202.xxx.xxx,aprovada,0,,42,DF
TXN-003159,2024-02-25 15:52:39,CUST-00602,MERCH-0140,e-commerce,2735.46,cartao_credito,internet_banking,FP-722458,120.226.xxx.xxx,aprovada,0,,161,ES
TXN-003160,2024-02-13 23:18:30,CUST-00038,MERCH-0051,utilidades,1244.18,cartao_credito,internet_banking,,63.106.xxx.xxx,aprovada,0,,87,SP
TXN-003161,2024-01-05 21:42:06,CUST-00006,MERCH-0162,servicos_digitais,1259.13,cartao_credito,internet_banking,FP-258434,36.42.xxx.xxx,estornada,0,,201,MG
TXN-003162,2024-02-28 15:51:19,CUST-00718,MERCH-0058,supermercados,180.44,TED,app_mobile,FP-845380,70.29.xxx.xxx,aprovada,0,,35,SC
TXN-003163,2024-02-08 02:17:21,CUST-00565,MERCH-0172,e-commerce,120.52,cartao_debito,app_mobile,FP-411042,156.135.xxx.xxx,aprovada,0,,172,RJ
TXN-003164,2024-02-13 13:48:09,CUST-00049,MERCH-0019,postos,108.75,PIX,internet_banking,FP-464978,14.213.xxx.xxx,aprovada,0,,117,MS
TXN-003165,2024-01-31 11:25:55,CUST-00312,MERCH-0175,postos,114.63,cartao_credito,API,,161.206.xxx.xxx,pendente,0,,390,RJ
TXN-003166,2024-02-04 05:39:46,CUST-00550,MERCH-0026,e-commerce,88.81,PIX,API,,201.188.xxx.xxx,aprovada,0,,86,SP
TXN-003167,2024-01-19 19:06:54,CUST-00585,MERCH-0101,e-commerce,219.72,boleto,app_mobile,FP-255165,96.209.xxx.xxx,aprovada,0,,69,PR
TXN-003168,2024-02-12 14:56:25,CUST-00637,MERCH-0030,outros,65.68,TED,internet_banking,FP-671261,128.159.xxx.xxx,aprovada,0,,64,RN
TXN-003169,2024-01-25 04:30:19,CUST-00044,MERCH-0037,e-commerce,962.67,PIX,app_mobile,FP-771742,97.182.xxx.xxx,aprovada,1,1,56,ES
TXN-003170,2024-02-16 03:00:11,CUST-00238,MERCH-0156,servicos_digitais,2121.64,boleto,app_mobile,FP-354823,45.189.xxx.xxx,aprovada,0,,69,ES
TXN-003171,2024-02-20 21:02:06,CUST-00185,MERCH-0002,farmacias,197.99,boleto,internet_banking,FP-633957,41.223.xxx.xxx,aprovada,0,,208,MG
TXN-003172,2024-02-19 04:13:16,CUST-00413,MERCH-0135,utilidades,399.62,PIX,internet_banking,FP-261987,178.151.xxx.xxx,aprovada,0,,138,PI
TXN-003173,2024-02-09 06:04:45,CUST-00175,MERCH-0110,supermercados,288.02,cartao_debito,app_mobile,FP-996058,87.33.xxx.xxx,recusada,0,,70,GO
TXN-003174,2024-02-27 17:45:03,CUST-00059,MERCH-0028,utilidades,35.49,boleto,app_mobile,FP-819849,64.23.xxx.xxx,recusada,0,,98,MG
TXN-003175,2024-02-18 20:30:33,CUST-00237,MERCH-0022,supermercados,78.23,TED,app_mobile,FP-754306,120.168.xxx.xxx,aprovada,0,,133,SE
TXN-003176,2024-01-13 03:45:37,CUST-00751,MERCH-0064,marketplace,440.66,cartao_credito,app_mobile,FP-691026,59.140.xxx.xxx,aprovada,0,,60,MG
TXN-003177,2024-02-22 09:12:47,CUST-00066,MERCH-0062,servicos_digitais,1784.93,cartao_debito,app_mobile,FP-389953,135.204.xxx.xxx,aprovada,0,,271,PR
TXN-003178,2024-01-25 22:22:09,CUST-00032,MERCH-0122,supermercados,275.81,cartao_debito,internet_banking,FP-130170,59.97.xxx.xxx,aprovada,0,0,79,RS
TXN-003179,2024-01-06 11:36:11,CUST-00397,MERCH-0159,farmacias,22.72,PIX,app_mobile,FP-974401,240.204.xxx.xxx,aprovada,0,,155,MS
TXN-003180,2024-02-08 18:40:15,CUST-00005,MERCH-0143,marketplace,678.0,boleto,app_mobile,,188.20.xxx.xxx,aprovada,0,,273,RJ
TXN-003181,2024-02-03 21:38:13,CUST-00288,MERCH-0165,farmacias,213.36,TED,internet_banking,FP-231887,4.85.xxx.xxx,aprovada,0,,112,MG
TXN-003182,2024-02-10 18:57:57,CUST-00375,MERCH-0011,utilidades,617.96,boleto,internet_banking,FP-982336,208.245.xxx.xxx,aprovada,0,,76,RN
TXN-003183,2024-02-24 17:36:02,CUST-00334,MERCH-0193,supermercados,63.95,cartao_credito,internet_banking,FP-541729,247.50.xxx.xxx,aprovada,1,1,284,MA
TXN-003184,2024-01-07 05:09:37,CUST-00785,MERCH-0163,utilidades,109.07,PIX,app_mobile,FP-114548,4.144.xxx.xxx,aprovada,0,,212,PB
TXN-003185,2024-01-09 19:09:52,CUST-00600,MERCH-0134,e-commerce,416.68,PIX,internet_banking,FP-445336,115.18.xxx.xxx,aprovada,1,1,1134,MG
TXN-003186,2024-01-14 07:43:08,CUST-00333,MERCH-0151,utilidades,476.49,PIX,app_mobile,FP-393932,246.140.xxx.xxx,pendente,0,,163,MT
TXN-003187,2024-02-20 07:59:33,CUST-00679,MERCH-0165,e-commerce,29.92,PIX,app_mobile,FP-112147,130.120.xxx.xxx,aprovada,0,,205,RJ
TXN-003188,2024-02-18 15:02:27,CUST-00555,MERCH-0021,marketplace,150.65,cartao_debito,internet_banking,FP-507481,58.213.xxx.xxx,estornada,0,,53,ES
TXN-003189,2024-01-29 04:38:37,CUST-00327,MERCH-0115,postos,62.56,cartao_debito,API,,178.164.xxx.xxx,aprovada,0,,147,PB
TXN-003190,2024-02-12 19:13:03,CUST-00163,MERCH-0142,postos,30.07,boleto,API,,92.62.xxx.xxx,aprovada,0,,199,RJ
TXN-003191,2024-02-18 14:28:58,CUST-00209,MERCH-0064,postos,247.33,cartao_credito,app_mobile,FP-447186,192.147.xxx.xxx,aprovada,0,,268,CE
TXN-003192,2024-02-17 06:53:52,CUST-00382,MERCH-0008,postos,273.27,cartao_credito,app_mobile,FP-416198,81.49.xxx.xxx,aprovada,0,,885,SP
TXN-003193,2024-01-04 17:53:47,CUST-00020,MERCH-0122,e-commerce,52.45,PIX,API,,163.88.xxx.xxx,aprovada,0,,368,SC
TXN-003194,2024-02-18 23:52:37,CUST-00798,MERCH-0078,outros,5863.78,cartao_credito,app_mobile,FP-776736,92.94.xxx.xxx,aprovada,0,,39,DF
TXN-003195,2024-02-15 14:13:29,CUST-00172,MERCH-0030,e-commerce,259.17,cartao_debito,app_mobile,FP-667617,63.206.xxx.xxx,aprovada,0,,346,MT
TXN-003196,2024-01-28 22:35:45,CUST-00600,MERCH-0142,restaurantes,194.42,PIX,app_mobile,FP-578641,73.111.xxx.xxx,aprovada,0,,149,RJ
TXN-003197,2024-01-24 20:35:23,CUST-00272,MERCH-0150,utilidades,161.37,cartao_credito,app_mobile,FP-686393,162.107.xxx.xxx,recusada,0,,293,SP
TXN-003198,2024-01-18 10:37:33,CUST-00623,MERCH-0186,utilidades,303.07,cartao_credito,API,,18.241.xxx.xxx,recusada,0,,282,PR
TXN-003199,2024-02-19 06:00:59,CUST-00704,MERCH-0155,farmacias,23.86,PIX,app_mobile,FP-318486,40.110.xxx.xxx,aprovada,0,,107,MG
TXN-003200,2024-01-15 05:16:22,CUST-00165,MERCH-0115,farmacias,741.29,cartao_credito,internet_banking,FP-402644,167.65.xxx.xxx,pendente,0,0,97,RR
TXN-003201,2024-01-23 18:50:41,CUST-00160,MERCH-0190,utilidades,314.6,PIX,internet_banking,FP-102884,89.137.xxx.xxx,aprovada,0,,121,RJ
TXN-003202,2024-02-13 16:39:46,CUST-00797,MERCH-0079,marketplace,979.01,cartao_debito,internet_banking,FP-125277,93.231.xxx.xxx,aprovada,0,,73,MT
TXN-003203,2024-01-31 23:06:03,CUST-00145,MERCH-0147,restaurantes,424.55,boleto,app_mobile,FP-970456,215.191.xxx.xxx,pendente,0,,78,ES
TXN-003204,2024-02-18 15:38:50,CUST-00155,MERCH-0190,supermercados,201.28,cartao_credito,internet_banking,FP-403438,199.12.xxx.xxx,aprovada,0,,198,ES
TXN-003205,2024-02-03 11:00:32,CUST-00213,MERCH-0176,e-commerce,122.09,PIX,internet_banking,FP-553930,250.102.xxx.xxx,pendente,0,,194,SC
TXN-003206,2024-02-23 23:00:34,CUST-00720,MERCH-0159,e-commerce,430.69,cartao_credito,internet_banking,FP-265923,21.135.xxx.xxx,pendente,0,,77,MT
TXN-003207,2024-01-03 19:57:17,CUST-00105,MERCH-0130,servicos_digitais,101.14,cartao_credito,app_mobile,FP-372564,139.2.xxx.xxx,recusada,0,,715,RS
TXN-003208,2024-01-02 08:49:42,CUST-00441,MERCH-0162,e-commerce,50.61,cartao_credito,app_mobile,FP-168294,7.136.xxx.xxx,aprovada,0,,718,RJ
TXN-003209,2024-02-20 06:23:09,CUST-00230,MERCH-0102,e-commerce,812.24,PIX,app_mobile,FP-191291,213.169.xxx.xxx,aprovada,0,,188,PA
TXN-003210,2024-01-20 16:42:53,CUST-00680,MERCH-0083,viagens,40.99,PIX,internet_banking,FP-176300,163.1.xxx.xxx,aprovada,0,,41,SC
TXN-003211,2024-02-29 21:34:30,CUST-00681,MERCH-0074,supermercados,110.21,cartao_credito,internet_banking,FP-946451,100.91.xxx.xxx,aprovada,0,,65,MG
TXN-003212,2024-01-14 12:25:18,CUST-00485,MERCH-0110,supermercados,116.28,cartao_credito,app_mobile,FP-727453,242.102.xxx.xxx,aprovada,0,0,161,MT
TXN-003213,2024-01-05 11:11:38,CUST-00690,MERCH-0104,utilidades,455.82,PIX,app_mobile,FP-517311,18.22.xxx.xxx,aprovada,0,,245,RJ
TXN-003214,2024-01-31 03:31:41,CUST-00354,MERCH-0111,utilidades,167.83,boleto,app_mobile,,76.197.xxx.xxx,recusada,0,,64,AC
TXN-003215,2024-01-26 19:05:51,CUST-00566,MERCH-0078,farmacias,2196.44,PIX,API,,202.115.xxx.xxx,aprovada,0,,1139,SP
TXN-003216,2024-01-26 16:10:47,CUST-00501,MERCH-0139,e-commerce,171.95,cartao_credito,internet_banking,FP-327520,118.94.xxx.xxx,aprovada,1,1,89,AC
TXN-003217,2024-01-02 18:00:17,CUST-00328,MERCH-0135,marketplace,166.94,cartao_debito,app_mobile,FP-232363,69.15.xxx.xxx,aprovada,0,,179,RJ
TXN-003218,2024-02-26 02:48:55,CUST-00690,MERCH-0128,marketplace,585.49,PIX,internet_banking,FP-469667,126.38.xxx.xxx,aprovada,0,,375,SP
TXN-003219,2024-01-23 00:36:27,CUST-00416,MERCH-0135,restaurantes,314.08,cartao_debito,app_mobile,FP-858323,105.84.xxx.xxx,recusada,0,,195,RR
TXN-003220,2024-01-11 11:33:07,CUST-00452,MERCH-0083,supermercados,375.28,boleto,app_mobile,FP-707779,241.248.xxx.xxx,aprovada,0,,75,AL
TXN-003221,2024-01-21 06:34:04,CUST-00550,MERCH-0063,utilidades,39.37,cartao_credito,API,,192.66.xxx.xxx,aprovada,0,,120,RJ
TXN-003222,2024-02-15 13:09:15,CUST-00516,MERCH-0076,supermercados,732.31,cartao_debito,API,,25.32.xxx.xxx,aprovada,0,,391,AL
TXN-003223,2024-02-16 10:59:57,CUST-00379,MERCH-0121,servicos_digitais,895.54,PIX,app_mobile,FP-267265,165.221.xxx.xxx,aprovada,0,0,382,ES
TXN-003224,2024-01-05 12:04:21,CUST-00539,MERCH-0105,servicos_digitais,397.27,PIX,internet_banking,FP-121602,148.34.xxx.xxx,aprovada,0,0,160,RJ
TXN-003225,2024-01-07 22:31:56,CUST-00601,MERCH-0175,restaurantes,217.05,TED,caixa_eletronico,FP-110398,216.140.xxx.xxx,aprovada,0,,165,RS
TXN-003226,2024-01-28 03:38:01,CUST-00458,MERCH-0091,outros,71.91,boleto,app_mobile,FP-596931,174.32.xxx.xxx,aprovada,0,,136,PR
TXN-003227,2024-01-14 13:34:32,CUST-00760,MERCH-0003,farmacias,291.18,boleto,app_mobile,FP-478288,204.38.xxx.xxx,aprovada,0,,149,PR
TXN-003228,2024-02-09 12:56:47,CUST-00020,MERCH-0042,supermercados,269.34,TED,app_mobile,FP-903142,245.93.xxx.xxx,aprovada,0,0,243,RS
TXN-003229,2024-02-05 05:25:33,CUST-00109,MERCH-0111,e-commerce,117.12,PIX,app_mobile,FP-559484,160.149.xxx.xxx,aprovada,0,0,113,RJ
TXN-003230,2024-01-05 13:26:43,CUST-00518,MERCH-0009,viagens,200.08,cartao_credito,app_mobile,FP-975089,93.175.xxx.xxx,aprovada,0,,270,RN
TXN-003231,2024-01-23 21:06:14,CUST-00386,MERCH-0063,restaurantes,597.21,PIX,API,FP-736446,58.227.xxx.xxx,aprovada,0,,102,SP
TXN-003232,2024-02-21 22:14:03,CUST-00488,MERCH-0099,viagens,407.65,boleto,internet_banking,FP-310351,69.44.xxx.xxx,aprovada,0,,229,SE
TXN-003233,2024-02-13 17:42:50,CUST-00132,MERCH-0132,servicos_digitais,3081.55,PIX,API,,119.60.xxx.xxx,pendente,0,0,121,ES
TXN-003234,2024-02-12 20:16:39,CUST-00429,MERCH-0060,viagens,17.36,PIX,caixa_eletronico,FP-583404,81.5.xxx.xxx,recusada,0,,328,AP
TXN-003235,2024-02-23 23:11:11,CUST-00541,MERCH-0064,utilidades,188.53,cartao_debito,API,,218.58.xxx.xxx,aprovada,0,0,162,RJ
TXN-003236,2024-02-25 16:24:16,CUST-00026,MERCH-0160,outros,175.97,PIX,internet_banking,FP-538941,63.123.xxx.xxx,recusada,0,,247,BA
TXN-003237,2024-02-01 08:10:45,CUST-00712,MERCH-0124,e-commerce,187.8,PIX,app_mobile,FP-524793,12.11.xxx.xxx,pendente,0,,49,RJ
TXN-003238,2024-01-03 10:42:45,CUST-00624,MERCH-0182,restaurantes,607.44,boleto,internet_banking,,203.137.xxx.xxx,aprovada,0,,71,RS
TXN-003239,2024-01-13 20:33:15,CUST-00637,MERCH-0055,farmacias,213.5,PIX,internet_banking,FP-613539,75.161.xxx.xxx,aprovada,1,1,119,MA
TXN-003240,2024-02-03 09:59:13,CUST-00550,MERCH-0059,farmacias,13.64,PIX,internet_banking,FP-643651,62.90.xxx.xxx,aprovada,0,,90,MG
TXN-003241,2024-02-24 05:29:18,CUST-00270,MERCH-0019,viagens,683.18,PIX,app_mobile,FP-291036,58.16.xxx.xxx,aprovada,0,,190,AM
TXN-003242,2024-01-19 16:15:12,CUST-00702,MERCH-0200,outros,54.11,cartao_debito,internet_banking,FP-162238,91.85.xxx.xxx,aprovada,0,,173,AL
TXN-003243,2024-02-06 18:19:32,CUST-00463,MERCH-0169,viagens,295.72,PIX,internet_banking,FP-454636,75.21.xxx.xxx,recusada,0,,246,RS
TXN-003244,2024-02-24 06:42:28,CUST-00467,MERCH-0001,outros,51.15,cartao_credito,internet_banking,FP-846113,41.247.xxx.xxx,recusada,0,,153,RJ
TXN-003245,2024-01-06 06:33:14,CUST-00061,MERCH-0013,e-commerce,538.78,PIX,internet_banking,FP-686250,227.86.xxx.xxx,aprovada,0,1,404,AL
TXN-003246,2024-01-12 02:54:37,CUST-00343,MERCH-0021,utilidades,1610.36,PIX,internet_banking,FP-284742,189.144.xxx.xxx,recusada,0,,117,MG
TXN-003247,2024-01-05 19:04:59,CUST-00494,MERCH-0182,supermercados,364.56,boleto,app_mobile,FP-675727,170.102.xxx.xxx,aprovada,0,,347,SP
TXN-003248,2024-02-29 05:29:14,CUST-00261,MERCH-0154,farmacias,193.19,PIX,caixa_eletronico,FP-292666,230.12.xxx.xxx,aprovada,0,,134,SC
TXN-003249,2024-01-03 12:17:10,CUST-00453,MERCH-0009,viagens,2152.07,cartao_debito,app_mobile,FP-489008,69.89.xxx.xxx,aprovada,0,,75,RS
TXN-003250,2024-01-18 04:11:09,CUST-00257,MERCH-0189,restaurantes,193.84,cartao_debito,app_mobile,,58.237.xxx.xxx,recusada,0,,64,PR
TXN-003251,2024-02-18 00:13:36,CUST-00343,MERCH-0027,e-commerce,20.72,cartao_credito,app_mobile,FP-296280,100.58.xxx.xxx,aprovada,0,,88,MG
TXN-003252,2024-02-25 20:24:43,CUST-00122,MERCH-0059,e-commerce,17.51,boleto,internet_banking,FP-420408,69.14.xxx.xxx,aprovada,0,,97,RN
TXN-003253,2024-01-18 16:25:04,CUST-00568,MERCH-0191,farmacias,2454.34,PIX,caixa_eletronico,FP-680577,215.215.xxx.xxx,recusada,0,,87,MG
TXN-003254,2024-02-17 09:47:34,CUST-00039,MERCH-0075,outros,383.86,cartao_debito,caixa_eletronico,FP-848901,159.175.xxx.xxx,aprovada,0,,151,AL
TXN-003255,2024-02-08 16:22:57,CUST-00672,MERCH-0086,viagens,74.87,TED,app_mobile,FP-863775,50.37.xxx.xxx,recusada,0,0,67,MT
TXN-003256,2024-01-07 04:13:27,CUST-00789,MERCH-0177,restaurantes,477.23,PIX,API,,94.231.xxx.xxx,pendente,0,,338,PR
TXN-003257,2024-01-12 09:24:44,CUST-00004,MERCH-0031,supermercados,108.52,boleto,API,,209.9.xxx.xxx,aprovada,0,,27,MG
TXN-003258,2024-01-12 10:20:37,CUST-00414,MERCH-0093,restaurantes,588.05,cartao_credito,internet_banking,FP-763709,193.9.xxx.xxx,aprovada,0,,99,CE
TXN-003259,2024-01-31 23:55:09,CUST-00063,MERCH-0029,farmacias,93.29,cartao_debito,API,FP-240166,233.233.xxx.xxx,aprovada,0,,201,RN
TXN-003260,2024-02-20 20:40:24,CUST-00635,MERCH-0190,supermercados,924.28,cartao_credito,internet_banking,FP-455689,244.165.xxx.xxx,aprovada,0,,57,CE
TXN-003261,2024-01-18 12:14:51,CUST-00273,MERCH-0087,supermercados,51.96,TED,app_mobile,FP-510248,66.142.xxx.xxx,aprovada,0,,431,RJ
TXN-003262,2024-01-05 04:39:00,CUST-00175,MERCH-0132,supermercados,3980.53,PIX,app_mobile,FP-923396,220.117.xxx.xxx,aprovada,1,1,146,MS
TXN-003263,2024-01-27 15:14:23,CUST-00272,MERCH-0037,e-commerce,235.82,cartao_credito,app_mobile,FP-712514,79.64.xxx.xxx,aprovada,0,0,728,RJ
TXN-003264,2024-01-16 11:39:08,CUST-00023,MERCH-0064,restaurantes,157.1,PIX,app_mobile,FP-206601,29.72.xxx.xxx,aprovada,0,,322,BA
TXN-003265,2024-01-20 04:08:24,CUST-00156,MERCH-0032,postos,111.96,cartao_credito,app_mobile,FP-864700,48.26.xxx.xxx,aprovada,0,,81,RO
TXN-003266,2024-02-22 10:48:24,CUST-00523,MERCH-0176,outros,641.8,cartao_debito,app_mobile,,7.19.xxx.xxx,aprovada,0,,55,SC
TXN-003267,2024-02-07 07:50:51,CUST-00461,MERCH-0070,utilidades,95.36,PIX,app_mobile,,65.243.xxx.xxx,aprovada,0,,66,BA
TXN-003268,2024-02-28 14:04:00,CUST-00198,MERCH-0031,outros,287.26,PIX,app_mobile,FP-256990,136.130.xxx.xxx,aprovada,0,,36,PR
TXN-003269,2024-01-24 10:33:17,CUST-00178,MERCH-0120,servicos_digitais,187.57,cartao_debito,internet_banking,FP-800574,154.2.xxx.xxx,aprovada,0,0,195,MG
TXN-003270,2024-01-22 00:27:16,CUST-00016,MERCH-0168,utilidades,80.89,TED,internet_banking,,218.242.xxx.xxx,aprovada,0,,136,RJ
TXN-003271,2024-01-01 00:50:44,CUST-00728,MERCH-0156,utilidades,146.25,PIX,app_mobile,FP-278135,156.155.xxx.xxx,aprovada,0,,56,SP
TXN-003272,2024-01-21 03:22:43,CUST-00736,MERCH-0015,marketplace,498.23,cartao_credito,app_mobile,FP-690673,76.253.xxx.xxx,recusada,0,,81,MG
TXN-003273,2024-02-22 01:20:17,CUST-00710,MERCH-0101,marketplace,288.61,PIX,caixa_eletronico,FP-546709,41.182.xxx.xxx,aprovada,0,,143,ES
TXN-003274,2024-02-11 11:57:51,CUST-00482,MERCH-0091,servicos_digitais,381.07,boleto,internet_banking,FP-934648,57.44.xxx.xxx,aprovada,0,,12,SP
TXN-003275,2024-02-04 23:49:41,CUST-00661,MERCH-0016,restaurantes,1941.89,PIX,API,,146.249.xxx.xxx,aprovada,0,,552,BA
TXN-003276,2024-01-21 10:17:11,CUST-00681,MERCH-0083,outros,2043.0,cartao_debito,internet_banking,FP-824782,99.124.xxx.xxx,aprovada,0,,99,ES
TXN-003277,2024-02-25 19:02:34,CUST-00561,MERCH-0198,e-commerce,760.79,cartao_debito,internet_banking,FP-773859,234.32.xxx.xxx,aprovada,0,,113,AL
TXN-003278,2024-02-14 03:32:23,CUST-00091,MERCH-0076,servicos_digitais,2649.87,cartao_debito,app_mobile,FP-831622,252.27.xxx.xxx,aprovada,0,,194,RJ
TXN-003279,2024-02-25 23:02:06,CUST-00372,MERCH-0160,farmacias,753.52,cartao_debito,API,,125.28.xxx.xxx,aprovada,0,,170,RR
TXN-003280,2024-02-16 00:52:38,CUST-00265,MERCH-0069,supermercados,1569.27,cartao_debito,internet_banking,FP-359365,188.191.xxx.xxx,aprovada,0,,242,PE
TXN-003281,2024-02-03 22:32:22,CUST-00031,MERCH-0177,viagens,1260.48,TED,app_mobile,FP-466032,30.130.xxx.xxx,pendente,0,,33,MT
TXN-003282,2024-02-12 01:25:13,CUST-00093,MERCH-0032,supermercados,351.49,boleto,caixa_eletronico,FP-999809,139.172.xxx.xxx,aprovada,0,,309,SP
TXN-003283,2024-01-17 19:44:35,CUST-00329,MERCH-0138,e-commerce,411.72,cartao_debito,app_mobile,FP-248217,182.203.xxx.xxx,aprovada,0,,390,RJ
TXN-003284,2024-02-02 07:20:30,CUST-00078,MERCH-0124,postos,338.78,cartao_credito,caixa_eletronico,FP-752800,163.150.xxx.xxx,aprovada,0,,50,PR
TXN-003285,2024-02-26 01:46:18,CUST-00534,MERCH-0181,utilidades,1034.98,TED,app_mobile,FP-364129,15.212.xxx.xxx,estornada,0,0,274,RJ
TXN-003286,2024-02-17 15:35:35,CUST-00351,MERCH-0031,e-commerce,19.91,PIX,API,,154.251.xxx.xxx,aprovada,0,,563,ES
TXN-003287,2024-02-28 05:40:42,CUST-00127,MERCH-0073,postos,66.03,PIX,caixa_eletronico,FP-210007,89.153.xxx.xxx,aprovada,0,,100,RJ
TXN-003288,2024-01-12 22:32:58,CUST-00736,MERCH-0038,restaurantes,23.17,PIX,internet_banking,FP-371176,129.29.xxx.xxx,aprovada,0,,109,SP
TXN-003289,2024-02-14 04:34:10,CUST-00176,MERCH-0014,utilidades,661.1,cartao_debito,internet_banking,FP-104452,132.120.xxx.xxx,aprovada,0,,91,SP
TXN-003290,2024-01-20 05:57:16,CUST-00242,MERCH-0021,supermercados,708.81,boleto,internet_banking,FP-258211,51.173.xxx.xxx,aprovada,0,,98,PI
TXN-003291,2024-02-19 02:43:12,CUST-00174,MERCH-0057,supermercados,722.67,boleto,app_mobile,FP-922854,199.189.xxx.xxx,aprovada,1,1,47,RJ
TXN-003292,2024-01-12 03:39:46,CUST-00696,MERCH-0004,e-commerce,1414.61,cartao_debito,app_mobile,FP-557696,210.4.xxx.xxx,aprovada,0,,87,PR
TXN-003293,2024-01-10 13:36:27,CUST-00496,MERCH-0016,marketplace,366.17,cartao_debito,app_mobile,FP-444282,81.104.xxx.xxx,recusada,0,,176,SP
TXN-003294,2024-02-22 00:31:43,CUST-00421,MERCH-0065,utilidades,186.91,PIX,app_mobile,FP-851480,234.245.xxx.xxx,aprovada,0,,266,PI
TXN-003295,2024-02-23 09:32:09,CUST-00427,MERCH-0198,e-commerce,723.92,cartao_credito,internet_banking,FP-747155,162.191.xxx.xxx,aprovada,0,,85,SP
TXN-003296,2024-01-21 20:57:32,CUST-00028,MERCH-0072,farmacias,156.3,TED,app_mobile,FP-184349,2.214.xxx.xxx,aprovada,0,,137,ES
TXN-003297,2024-01-25 04:21:02,CUST-00153,MERCH-0148,viagens,2251.71,PIX,internet_banking,FP-361551,8.55.xxx.xxx,aprovada,0,,148,SP
TXN-003298,2024-02-02 22:05:36,CUST-00782,MERCH-0200,e-commerce,131.45,cartao_credito,caixa_eletronico,FP-733914,82.158.xxx.xxx,aprovada,0,,107,MA
TXN-003299,2024-01-15 05:28:49,CUST-00558,MERCH-0170,marketplace,139.93,PIX,API,,61.42.xxx.xxx,recusada,0,,239,MG
TXN-003300,2024-02-03 08:20:31,CUST-00547,MERCH-0161,outros,257.89,cartao_credito,caixa_eletronico,FP-510907,179.105.xxx.xxx,aprovada,0,,336,RS
TXN-003301,2024-02-28 01:03:45,CUST-00643,MERCH-0045,supermercados,50.77,PIX,app_mobile,FP-201193,46.224.xxx.xxx,estornada,0,,1368,ES
TXN-003302,2024-02-23 06:13:28,CUST-00659,MERCH-0110,utilidades,32.46,PIX,app_mobile,FP-156864,221.32.xxx.xxx,aprovada,0,,240,MG
TXN-003303,2024-02-17 16:21:32,CUST-00316,MERCH-0147,servicos_digitais,14.3,PIX,internet_banking,FP-898864,166.209.xxx.xxx,pendente,0,,117,PA
TXN-003304,2024-01-22 01:14:34,CUST-00108,MERCH-0179,postos,1087.66,boleto,internet_banking,FP-211173,78.40.xxx.xxx,aprovada,0,,83,RO
TXN-003305,2024-01-26 19:30:28,CUST-00775,MERCH-0007,farmacias,307.9,PIX,internet_banking,FP-864363,236.248.xxx.xxx,aprovada,0,,219,RS
TXN-003306,2024-01-26 18:59:29,CUST-00799,MERCH-0129,marketplace,21.63,PIX,app_mobile,FP-997693,174.189.xxx.xxx,aprovada,0,,116,PR
TXN-003307,2024-02-19 18:29:37,CUST-00380,MERCH-0038,restaurantes,159.53,PIX,caixa_eletronico,FP-644738,125.44.xxx.xxx,aprovada,0,,207,RJ
TXN-003308,2024-01-17 07:14:42,CUST-00409,MERCH-0095,restaurantes,141.91,PIX,internet_banking,FP-576368,48.220.xxx.xxx,aprovada,0,,187,MG
TXN-003309,2024-01-03 22:51:06,CUST-00256,MERCH-0138,restaurantes,335.26,cartao_credito,API,,97.40.xxx.xxx,recusada,0,,85,SP
TXN-003310,2024-02-25 06:33:34,CUST-00055,MERCH-0005,restaurantes,95.97,boleto,app_mobile,FP-153467,190.56.xxx.xxx,aprovada,0,,69,RJ
TXN-003311,2024-02-19 23:45:01,CUST-00420,MERCH-0189,marketplace,191.36,TED,app_mobile,FP-817975,62.44.xxx.xxx,aprovada,0,0,487,PB
TXN-003312,2024-01-04 03:34:58,CUST-00411,MERCH-0188,utilidades,1722.4,TED,app_mobile,FP-794091,208.194.xxx.xxx,aprovada,0,,121,RS
TXN-003313,2024-01-05 08:19:32,CUST-00653,MERCH-0161,outros,95.18,PIX,API,,162.236.xxx.xxx,aprovada,0,,86,MG
TXN-003314,2024-02-08 21:44:08,CUST-00779,MERCH-0079,marketplace,83.98,cartao_debito,internet_banking,FP-746037,220.248.xxx.xxx,aprovada,0,,67,RO
TXN-003315,2024-01-27 03:17:49,CUST-00341,MERCH-0173,e-commerce,540.35,PIX,internet_banking,FP-266348,27.171.xxx.xxx,aprovada,0,0,510,MG
TXN-003316,2024-01-28 16:36:15,CUST-00725,MERCH-0158,servicos_digitais,2716.23,boleto,internet_banking,FP-695464,15.103.xxx.xxx,recusada,0,0,294,GO
TXN-003317,2024-02-19 14:35:05,CUST-00367,MERCH-0073,e-commerce,197.4,PIX,app_mobile,FP-173387,138.33.xxx.xxx,aprovada,0,,62,SP
TXN-003318,2024-01-10 13:25:25,CUST-00581,MERCH-0151,servicos_digitais,244.07,cartao_debito,API,FP-841548,136.62.xxx.xxx,aprovada,0,,29,ES
TXN-003319,2024-02-22 07:51:04,CUST-00408,MERCH-0089,restaurantes,232.81,cartao_credito,API,,75.32.xxx.xxx,aprovada,0,,230,ES
TXN-003320,2024-02-04 12:24:54,CUST-00513,MERCH-0170,postos,150.8,cartao_credito,app_mobile,FP-876949,77.62.xxx.xxx,pendente,0,,171,RR
TXN-003321,2024-01-21 03:13:33,CUST-00367,MERCH-0155,marketplace,82.52,boleto,API,,242.220.xxx.xxx,aprovada,0,,214,ES
TXN-003322,2024-01-05 22:30:28,CUST-00011,MERCH-0067,outros,1061.7,cartao_debito,internet_banking,FP-718902,222.217.xxx.xxx,aprovada,0,,36,ES
TXN-003323,2024-01-10 05:14:51,CUST-00313,MERCH-0124,e-commerce,145.35,PIX,app_mobile,FP-112872,239.241.xxx.xxx,aprovada,0,0,87,RS
TXN-003324,2024-01-29 02:57:04,CUST-00723,MERCH-0096,utilidades,1033.79,boleto,app_mobile,FP-307982,196.133.xxx.xxx,aprovada,0,,161,SE
TXN-003325,2024-02-27 20:19:28,CUST-00114,MERCH-0022,postos,421.59,cartao_debito,caixa_eletronico,FP-694669,98.24.xxx.xxx,aprovada,0,,116,ES
TXN-003326,2024-01-27 10:49:17,CUST-00151,MERCH-0084,marketplace,1096.29,cartao_credito,app_mobile,FP-212411,176.168.xxx.xxx,aprovada,0,,88,DF
TXN-003327,2024-02-10 23:57:49,CUST-00152,MERCH-0113,restaurantes,29.0,cartao_debito,app_mobile,FP-762240,40.46.xxx.xxx,recusada,0,,163,SE
TXN-003328,2024-01-23 15:47:34,CUST-00734,MERCH-0082,e-commerce,136.41,TED,internet_banking,FP-830942,20.28.xxx.xxx,aprovada,0,0,47,PR
TXN-003329,2024-01-17 14:13:22,CUST-00784,MERCH-0071,e-commerce,167.8,PIX,caixa_eletronico,FP-744825,99.24.xxx.xxx,aprovada,0,,159,MG
TXN-003330,2024-01-15 02:59:56,CUST-00325,MERCH-0091,postos,187.58,cartao_credito,internet_banking,FP-139636,157.152.xxx.xxx,aprovada,0,,180,DF
TXN-003331,2024-02-29 07:33:26,CUST-00610,MERCH-0181,e-commerce,25.12,cartao_debito,app_mobile,,169.218.xxx.xxx,aprovada,0,,130,RS
TXN-003332,2024-01-01 19:29:10,CUST-00190,MERCH-0115,e-commerce,323.44,PIX,app_mobile,FP-448099,152.182.xxx.xxx,aprovada,0,,182,RJ
TXN-003333,2024-02-01 04:40:14,CUST-00785,MERCH-0060,servicos_digitais,1172.49,cartao_credito,app_mobile,FP-441874,230.54.xxx.xxx,aprovada,0,,182,PE
TXN-003334,2024-01-29 06:21:33,CUST-00029,MERCH-0096,postos,43.07,PIX,caixa_eletronico,FP-557422,153.44.xxx.xxx,aprovada,0,,638,PI
TXN-003335,2024-01-15 13:17:57,CUST-00485,MERCH-0126,supermercados,190.09,cartao_debito,app_mobile,FP-734277,212.249.xxx.xxx,aprovada,0,,56,GO
TXN-003336,2024-02-13 17:33:46,CUST-00673,MERCH-0040,servicos_digitais,101.27,PIX,app_mobile,FP-565192,159.222.xxx.xxx,pendente,0,0,373,SP
TXN-003337,2024-02-03 10:26:37,CUST-00565,MERCH-0141,servicos_digitais,369.19,cartao_credito,app_mobile,FP-220771,24.221.xxx.xxx,aprovada,1,1,293,RJ
TXN-003338,2024-02-07 12:07:30,CUST-00022,MERCH-0013,e-commerce,122.0,TED,app_mobile,FP-110731,206.35.xxx.xxx,aprovada,0,,128,MG
TXN-003339,2024-01-18 03:08:20,CUST-00550,MERCH-0051,utilidades,288.03,PIX,app_mobile,FP-825688,68.78.xxx.xxx,aprovada,0,0,209,MG
TXN-003340,2024-01-05 06:59:41,CUST-00793,MERCH-0197,marketplace,1047.54,cartao_credito,app_mobile,FP-801547,219.83.xxx.xxx,aprovada,0,,164,RS
TXN-003341,2024-01-16 12:06:32,CUST-00793,MERCH-0088,restaurantes,65.55,PIX,API,,214.88.xxx.xxx,aprovada,0,,205,RS
TXN-003342,2024-01-31 19:32:05,CUST-00126,MERCH-0019,utilidades,171.83,TED,API,FP-590550,169.248.xxx.xxx,aprovada,0,,88,ES
TXN-003343,2024-02-05 17:26:21,CUST-00028,MERCH-0025,restaurantes,16.03,cartao_credito,caixa_eletronico,FP-854824,200.189.xxx.xxx,aprovada,0,,110,RJ
TXN-003344,2024-02-01 23:09:32,CUST-00173,MERCH-0117,servicos_digitais,1101.96,cartao_debito,app_mobile,FP-812952,234.120.xxx.xxx,pendente,0,,135,GO
TXN-003345,2024-01-20 01:43:03,CUST-00077,MERCH-0004,e-commerce,138.34,cartao_credito,app_mobile,FP-402859,71.201.xxx.xxx,aprovada,0,,148,MA
TXN-003346,2024-01-18 02:32:18,CUST-00496,MERCH-0181,marketplace,331.75,PIX,app_mobile,FP-963794,126.196.xxx.xxx,aprovada,0,,104,RJ
TXN-003347,2024-01-30 20:08:59,CUST-00619,MERCH-0094,servicos_digitais,798.22,PIX,app_mobile,FP-554693,198.128.xxx.xxx,aprovada,0,,154,AM
TXN-003348,2024-01-10 01:20:04,CUST-00450,MERCH-0196,e-commerce,314.23,PIX,app_mobile,FP-992511,68.141.xxx.xxx,aprovada,0,,325,PI
TXN-003349,2024-02-07 05:24:17,CUST-00718,MERCH-0110,restaurantes,197.29,boleto,app_mobile,FP-869270,81.40.xxx.xxx,aprovada,0,0,138,SC
TXN-003350,2024-02-20 15:44:43,CUST-00724,MERCH-0020,servicos_digitais,543.7,cartao_credito,caixa_eletronico,FP-412743,43.223.xxx.xxx,aprovada,0,,136,RJ
TXN-003351,2024-02-04 02:51:59,CUST-00483,MERCH-0045,marketplace,369.5,PIX,app_mobile,FP-445263,18.190.xxx.xxx,aprovada,0,,151,RN
TXN-003352,2024-01-31 15:13:25,CUST-00720,MERCH-0135,postos,337.18,cartao_credito,internet_banking,FP-223192,208.190.xxx.xxx,aprovada,0,0,268,MS
TXN-003353,2024-02-19 22:18:44,CUST-00510,MERCH-0034,e-commerce,3770.76,PIX,app_mobile,FP-731309,116.151.xxx.xxx,aprovada,0,,122,SP
TXN-003354,2024-01-19 00:41:43,CUST-00416,MERCH-0186,servicos_digitais,434.15,PIX,internet_banking,FP-835792,35.17.xxx.xxx,pendente,1,1,288,RO
TXN-003355,2024-02-28 05:39:45,CUST-00380,MERCH-0100,restaurantes,53.35,cartao_credito,internet_banking,FP-633465,207.174.xxx.xxx,aprovada,0,,134,MG
TXN-003356,2024-02-15 18:42:08,CUST-00590,MERCH-0137,postos,48.97,PIX,internet_banking,FP-782906,171.54.xxx.xxx,aprovada,0,,123,SC
TXN-003357,2024-02-26 08:33:44,CUST-00177,MERCH-0140,utilidades,1185.24,cartao_credito,internet_banking,FP-504136,209.70.xxx.xxx,pendente,0,1,421,PI
TXN-003358,2024-01-13 05:29:37,CUST-00283,MERCH-0040,viagens,691.15,PIX,internet_banking,FP-847847,205.210.xxx.xxx,aprovada,0,,45,MG
TXN-003359,2024-01-17 22:51:32,CUST-00143,MERCH-0029,marketplace,539.8,cartao_credito,internet_banking,FP-792667,111.66.xxx.xxx,pendente,0,0,305,SP
TXN-003360,2024-02-05 02:58:59,CUST-00148,MERCH-0165,supermercados,0.0,boleto,API,,43.15.xxx.xxx,aprovada,0,,230,MS
TXN-003361,2024-01-13 10:03:41,CUST-00042,MERCH-0104,viagens,431.28,boleto,app_mobile,FP-291184,116.56.xxx.xxx,pendente,0,,228,SP
TXN-003362,2024-02-03 23:12:18,CUST-00598,MERCH-0029,e-commerce,18.5,boleto,app_mobile,FP-634470,165.108.xxx.xxx,aprovada,0,,97,TO
TXN-003363,2024-02-27 09:00:36,CUST-00518,MERCH-0022,utilidades,1650.37,cartao_debito,app_mobile,FP-866827,21.210.xxx.xxx,aprovada,0,,69,PB
TXN-003364,2024-01-08 19:37:25,CUST-00683,MERCH-0098,supermercados,249.57,PIX,API,FP-644902,164.155.xxx.xxx,aprovada,0,,421,RJ
TXN-003365,2024-02-12 16:37:15,CUST-00352,MERCH-0089,servicos_digitais,146.27,PIX,internet_banking,FP-533113,253.100.xxx.xxx,estornada,0,,406,SP
TXN-003366,2024-01-18 07:11:04,CUST-00479,MERCH-0086,restaurantes,76.68,cartao_credito,app_mobile,,125.151.xxx.xxx,aprovada,0,,98,GO
TXN-003367,2024-02-02 05:30:31,CUST-00007,MERCH-0067,supermercados,899.33,cartao_debito,app_mobile,FP-962160,219.223.xxx.xxx,aprovada,0,,128,ES
TXN-003368,2024-02-20 15:24:06,CUST-00641,MERCH-0176,postos,111.62,cartao_credito,app_mobile,FP-215354,59.86.xxx.xxx,aprovada,0,,97,MG
TXN-003369,2024-02-01 06:49:35,CUST-00415,MERCH-0029,restaurantes,272.39,PIX,app_mobile,FP-690796,247.108.xxx.xxx,recusada,0,0,237,MG
TXN-003370,2024-01-03 02:26:48,CUST-00512,MERCH-0132,e-commerce,1653.2,PIX,internet_banking,FP-205377,6.236.xxx.xxx,pendente,0,,163,RS
TXN-003371,2024-01-06 11:33:44,CUST-00223,MERCH-0159,restaurantes,94.44,cartao_credito,API,,49.139.xxx.xxx,aprovada,0,,199,DF
TXN-003372,2024-01-14 20:47:27,CUST-00496,MERCH-0111,farmacias,215.61,PIX,API,FP-720872,235.194.xxx.xxx,estornada,0,,268,MG
TXN-003373,2024-02-23 01:20:41,CUST-00062,MERCH-0048,supermercados,131.57,boleto,internet_banking,FP-547861,69.14.xxx.xxx,aprovada,0,,48,PB
TXN-003374,2024-02-14 21:44:03,CUST-00710,MERCH-0188,outros,815.8,PIX,internet_banking,FP-603530,227.14.xxx.xxx,aprovada,0,,474,RJ
TXN-003375,2024-01-13 13:23:53,CUST-00025,MERCH-0126,supermercados,204.6,boleto,API,,117.79.xxx.xxx,aprovada,0,0,159,RJ
TXN-003376,2024-02-12 05:24:55,CUST-00237,MERCH-0038,farmacias,234.15,TED,internet_banking,FP-306985,2.75.xxx.xxx,aprovada,0,,208,MA
TXN-003377,2024-01-11 06:04:20,CUST-00240,MERCH-0011,postos,596.1,cartao_credito,internet_banking,FP-694509,124.64.xxx.xxx,aprovada,0,0,174,DF
TXN-003378,2024-02-20 04:45:08,CUST-00009,MERCH-0026,restaurantes,94.56,TED,app_mobile,FP-132960,60.204.xxx.xxx,aprovada,0,,69,RN
TXN-003379,2024-01-13 20:17:42,CUST-00462,MERCH-0110,servicos_digitais,491.86,cartao_debito,API,,164.57.xxx.xxx,aprovada,1,1,110,RJ
TXN-003380,2024-02-19 00:00:29,CUST-00748,MERCH-0184,utilidades,306.88,PIX,app_mobile,FP-609238,224.107.xxx.xxx,aprovada,0,0,467,RO
TXN-003381,2024-02-17 13:50:18,CUST-00581,MERCH-0057,supermercados,64.84,PIX,app_mobile,FP-170291,161.219.xxx.xxx,aprovada,0,,194,RJ
TXN-003382,2024-01-24 19:38:24,CUST-00322,MERCH-0054,outros,98.76,PIX,caixa_eletronico,FP-490624,137.135.xxx.xxx,pendente,0,,265,MS
TXN-003383,2024-02-25 02:14:30,CUST-00313,MERCH-0083,e-commerce,784.17,cartao_credito,app_mobile,FP-366668,188.225.xxx.xxx,aprovada,0,,64,PR
TXN-003384,2024-01-14 19:10:06,CUST-00622,MERCH-0108,marketplace,22.54,TED,API,FP-251978,199.60.xxx.xxx,aprovada,0,,69,MS
TXN-003385,2024-01-27 17:28:51,CUST-00106,MERCH-0147,marketplace,128.17,cartao_credito,app_mobile,FP-387613,197.140.xxx.xxx,aprovada,0,,57,RS
TXN-003386,2024-01-04 18:34:12,CUST-00084,MERCH-0105,utilidades,1053.16,cartao_credito,app_mobile,FP-530875,64.117.xxx.xxx,aprovada,0,,128,PI
TXN-003387,2024-02-15 04:26:17,CUST-00178,MERCH-0172,marketplace,131.16,cartao_credito,internet_banking,FP-591090,120.77.xxx.xxx,aprovada,0,,835,ES
TXN-003388,2024-02-25 20:51:25,CUST-00286,MERCH-0129,servicos_digitais,152.44,PIX,API,,169.169.xxx.xxx,aprovada,0,,858,ES
TXN-003389,2024-01-27 16:51:27,CUST-00394,MERCH-0054,supermercados,469.66,PIX,API,,107.97.xxx.xxx,aprovada,0,,137,SP
TXN-003390,2024-01-12 18:14:53,CUST-00150,MERCH-0076,viagens,307.34,PIX,app_mobile,FP-300026,166.53.xxx.xxx,aprovada,0,,459,SP
TXN-003391,2024-02-14 18:52:06,CUST-00257,MERCH-0120,utilidades,1442.41,TED,app_mobile,FP-209662,96.232.xxx.xxx,aprovada,0,,163,RS
TXN-003392,2024-01-14 08:27:11,CUST-00282,MERCH-0040,viagens,269.16,PIX,internet_banking,FP-341245,219.141.xxx.xxx,aprovada,0,,244,GO
TXN-003393,2024-02-17 21:41:56,CUST-00549,MERCH-0151,viagens,49.36,cartao_credito,internet_banking,FP-704817,202.124.xxx.xxx,estornada,0,,92,MG
TXN-003394,2024-02-20 01:01:11,CUST-00156,MERCH-0006,e-commerce,150.86,cartao_credito,app_mobile,FP-463949,195.144.xxx.xxx,aprovada,0,,100,AP
TXN-003395,2024-02-07 09:33:29,CUST-00701,MERCH-0111,e-commerce,199.22,PIX,internet_banking,FP-836679,5.195.xxx.xxx,aprovada,0,,86,ES
TXN-003396,2024-01-07 11:53:21,CUST-00142,MERCH-0084,postos,274.88,cartao_debito,app_mobile,FP-325268,153.240.xxx.xxx,estornada,0,,302,SP
TXN-003397,2024-02-10 12:12:31,CUST-00420,MERCH-0180,e-commerce,676.12,cartao_credito,API,FP-925612,35.153.xxx.xxx,pendente,0,,68,PI
TXN-003398,2024-01-03 12:35:10,CUST-00727,MERCH-0116,outros,319.84,boleto,API,FP-689927,59.162.xxx.xxx,aprovada,0,,228,MA
TXN-003399,2024-01-26 17:55:51,CUST-00126,MERCH-0050,viagens,107.09,cartao_credito,app_mobile,FP-822370,150.233.xxx.xxx,aprovada,0,,28,RJ
TXN-003400,2024-01-18 21:32:41,CUST-00243,MERCH-0130,supermercados,1072.28,PIX,app_mobile,FP-616915,88.70.xxx.xxx,recusada,0,,80,MS
TXN-003401,2024-01-26 19:44:24,CUST-00416,MERCH-0078,marketplace,499.34,boleto,internet_banking,FP-194737,196.60.xxx.xxx,aprovada,1,1,373,AP
TXN-003402,2024-01-31 03:03:00,CUST-00224,MERCH-0166,viagens,1802.28,PIX,API,,71.172.xxx.xxx,aprovada,0,,194,SP
TXN-003403,2024-01-17 06:43:55,CUST-00476,MERCH-0127,postos,346.94,cartao_credito,app_mobile,FP-494292,212.195.xxx.xxx,aprovada,0,,191,SP
TXN-003404,2024-01-01 09:57:12,CUST-00484,MERCH-0161,marketplace,1609.23,PIX,internet_banking,FP-619606,12.253.xxx.xxx,aprovada,0,,126,ES
TXN-003405,2024-01-15 21:07:57,CUST-00059,MERCH-0195,supermercados,204.4,cartao_debito,internet_banking,FP-648401,93.23.xxx.xxx,aprovada,0,,315,RJ
TXN-003406,2024-02-10 20:03:47,CUST-00704,MERCH-0172,e-commerce,35.33,cartao_credito,internet_banking,FP-239140,114.148.xxx.xxx,aprovada,0,,160,SP
TXN-003407,2024-01-29 05:53:30,CUST-00262,MERCH-0039,supermercados,233.75,cartao_debito,internet_banking,FP-773258,137.254.xxx.xxx,aprovada,0,,248,RJ
TXN-003408,2024-01-04 18:39:49,CUST-00032,MERCH-0191,servicos_digitais,434.12,cartao_debito,internet_banking,FP-453701,72.176.xxx.xxx,aprovada,0,,32,RS
TXN-003409,2024-01-13 23:58:37,CUST-00455,MERCH-0093,supermercados,580.27,TED,internet_banking,FP-880206,206.231.xxx.xxx,aprovada,0,,182,MG
TXN-003410,2024-02-19 14:27:32,CUST-00574,MERCH-0151,e-commerce,2985.58,PIX,caixa_eletronico,FP-489076,228.157.xxx.xxx,aprovada,0,,247,SP
TXN-003411,2024-01-28 16:53:13,CUST-00552,MERCH-0076,servicos_digitais,150.96,cartao_debito,internet_banking,FP-530970,108.151.xxx.xxx,aprovada,0,,123,AP
TXN-003412,2024-02-25 10:42:33,CUST-00594,MERCH-0153,postos,1844.97,PIX,internet_banking,FP-594209,32.114.xxx.xxx,aprovada,0,,156,ES
TXN-003413,2024-01-13 22:50:29,CUST-00711,MERCH-0182,viagens,188.76,TED,app_mobile,FP-230730,222.61.xxx.xxx,aprovada,0,0,68,PA
TXN-003414,2024-01-20 19:48:18,CUST-00072,MERCH-0196,e-commerce,422.39,cartao_credito,caixa_eletronico,FP-413572,237.2.xxx.xxx,aprovada,0,,131,PI
TXN-003415,2024-02-13 13:49:28,CUST-00470,MERCH-0045,marketplace,47.13,cartao_credito,app_mobile,FP-634511,215.145.xxx.xxx,aprovada,0,,55,SP
TXN-003416,2024-02-24 15:57:23,CUST-00223,MERCH-0131,supermercados,227.7,cartao_credito,app_mobile,FP-173459,143.175.xxx.xxx,aprovada,0,,187,GO
TXN-003417,2024-01-02 17:56:53,CUST-00702,MERCH-0014,marketplace,1105.05,cartao_credito,app_mobile,FP-231072,248.71.xxx.xxx,aprovada,0,,192,AL
TXN-003418,2024-01-25 19:37:32,CUST-00066,MERCH-0162,viagens,432.86,cartao_credito,app_mobile,FP-325959,22.158.xxx.xxx,aprovada,0,,25,RS
TXN-003419,2024-02-02 19:50:33,CUST-00598,MERCH-0035,marketplace,393.38,cartao_debito,caixa_eletronico,FP-362669,169.24.xxx.xxx,estornada,0,,139,AC
TXN-003420,2024-02-24 12:32:20,CUST-00592,MERCH-0002,outros,60.24,cartao_debito,API,FP-257492,51.137.xxx.xxx,aprovada,0,,164,MS
TXN-003421,2024-02-02 03:36:18,CUST-00167,MERCH-0117,farmacias,140.1,PIX,internet_banking,FP-125284,56.202.xxx.xxx,aprovada,0,,570,ES
TXN-003422,2024-02-16 00:14:40,CUST-00383,MERCH-0031,restaurantes,205.73,boleto,API,,183.88.xxx.xxx,aprovada,0,,236,RJ
TXN-003423,2024-02-21 19:42:53,CUST-00798,MERCH-0104,e-commerce,200.12,cartao_credito,app_mobile,FP-442338,111.31.xxx.xxx,aprovada,0,,248,MS
TXN-003424,2024-01-19 00:23:42,CUST-00692,MERCH-0105,restaurantes,1168.33,boleto,app_mobile,FP-475845,107.77.xxx.xxx,aprovada,0,,273,RJ
TXN-003425,2024-02-26 07:43:37,CUST-00025,MERCH-0087,servicos_digitais,507.11,boleto,app_mobile,FP-197917,245.219.xxx.xxx,recusada,0,,183,SP
TXN-003426,2024-02-18 00:54:47,CUST-00009,MERCH-0076,farmacias,364.35,cartao_credito,internet_banking,FP-838835,207.75.xxx.xxx,aprovada,0,,357,PE
TXN-003427,2024-02-19 16:35:54,CUST-00693,MERCH-0132,utilidades,152.81,PIX,app_mobile,FP-599771,40.177.xxx.xxx,aprovada,0,,88,MS
TXN-003428,2024-02-23 05:56:56,CUST-00560,MERCH-0059,postos,287.51,TED,app_mobile,FP-463198,52.141.xxx.xxx,aprovada,0,,120,PR
TXN-003429,2024-01-13 01:45:49,CUST-00421,MERCH-0189,e-commerce,491.46,cartao_credito,app_mobile,FP-293726,44.126.xxx.xxx,aprovada,0,,39,MA
TXN-003430,2024-02-29 16:26:59,CUST-00521,MERCH-0184,viagens,92.18,cartao_debito,app_mobile,FP-527162,248.3.xxx.xxx,aprovada,0,,31,ES
TXN-003431,2024-01-26 07:46:39,CUST-00386,MERCH-0002,e-commerce,819.14,boleto,caixa_eletronico,FP-723179,68.49.xxx.xxx,aprovada,0,,106,ES
TXN-003432,2024-01-08 17:00:46,CUST-00181,MERCH-0122,farmacias,505.26,cartao_debito,internet_banking,FP-315070,121.251.xxx.xxx,aprovada,0,0,211,RJ
TXN-003433,2024-02-04 07:50:51,CUST-00682,MERCH-0126,e-commerce,42.07,cartao_credito,API,,108.125.xxx.xxx,pendente,0,,53,MT
TXN-003434,2024-01-05 16:00:19,CUST-00410,MERCH-0104,e-commerce,87.85,PIX,app_mobile,FP-777831,117.209.xxx.xxx,aprovada,0,,37,RJ
TXN-003435,2024-01-26 06:55:48,CUST-00459,MERCH-0004,servicos_digitais,225.41,cartao_credito,internet_banking,FP-413583,119.191.xxx.xxx,aprovada,0,,230,SP
TXN-003436,2024-01-30 13:14:56,CUST-00483,MERCH-0132,supermercados,1161.37,cartao_debito,internet_banking,FP-394521,158.180.xxx.xxx,recusada,0,,22,PI
TXN-003437,2024-01-31 16:15:15,CUST-00435,MERCH-0052,restaurantes,110.66,cartao_credito,internet_banking,FP-244938,82.55.xxx.xxx,aprovada,0,,668,PB
TXN-003438,2024-02-10 09:52:05,CUST-00026,MERCH-0135,supermercados,539.16,boleto,app_mobile,FP-955500,22.98.xxx.xxx,aprovada,0,,374,BA
TXN-003439,2024-01-09 11:32:26,CUST-00365,MERCH-0047,marketplace,1468.95,cartao_credito,caixa_eletronico,FP-990672,241.19.xxx.xxx,aprovada,0,0,688,RJ
TXN-003440,2024-01-11 15:39:58,CUST-00097,MERCH-0140,servicos_digitais,38.59,cartao_credito,API,,166.71.xxx.xxx,aprovada,0,,87,MS
TXN-003441,2024-02-21 19:55:39,CUST-00598,MERCH-0135,viagens,1624.66,cartao_credito,internet_banking,FP-432976,205.170.xxx.xxx,recusada,0,,131,AM
TXN-003442,2024-02-16 23:54:49,CUST-00046,MERCH-0161,outros,391.03,cartao_credito,app_mobile,FP-853380,189.90.xxx.xxx,recusada,1,1,1823,ES
TXN-003443,2024-02-23 09:19:10,CUST-00732,MERCH-0169,e-commerce,70.78,PIX,app_mobile,FP-140984,23.177.xxx.xxx,aprovada,0,0,209,SP
TXN-003444,2024-02-18 07:26:28,CUST-00718,MERCH-0051,outros,117.19,cartao_debito,app_mobile,FP-623852,212.158.xxx.xxx,aprovada,0,,49,RS
TXN-003445,2024-02-22 13:21:42,CUST-00575,MERCH-0020,e-commerce,192.67,cartao_debito,app_mobile,FP-551192,196.60.xxx.xxx,pendente,0,,51,RJ
TXN-003446,2024-02-20 16:00:21,CUST-00252,MERCH-0082,e-commerce,30.36,cartao_credito,internet_banking,FP-194068,63.110.xxx.xxx,aprovada,1,0,183,SP
TXN-003447,2024-01-04 21:45:29,CUST-00083,MERCH-0065,utilidades,1515.62,TED,internet_banking,FP-413778,194.70.xxx.xxx,recusada,0,0,214,MG
TXN-003448,2024-01-30 22:34:27,CUST-00370,MERCH-0112,servicos_digitais,127.4,TED,internet_banking,FP-974270,211.37.xxx.xxx,aprovada,0,,301,MG
TXN-003449,2024-01-29 18:12:09,CUST-00006,MERCH-0200,viagens,955.04,PIX,internet_banking,FP-259084,131.234.xxx.xxx,recusada,0,,83,MG
TXN-003450,2024-02-04 08:49:34,CUST-00718,MERCH-0195,farmacias,222.18,boleto,app_mobile,FP-769363,189.197.xxx.xxx,estornada,0,,29,RS
TXN-003451,2024-02-21 02:51:49,CUST-00701,MERCH-0157,marketplace,321.41,PIX,app_mobile,FP-811929,139.74.xxx.xxx,aprovada,0,,60,MG
TXN-003452,2024-02-29 20:50:58,CUST-00090,MERCH-0039,restaurantes,19.95,boleto,API,,51.150.xxx.xxx,aprovada,0,,96,SP
TXN-003453,2024-01-21 18:47:59,CUST-00347,MERCH-0073,restaurantes,227.11,boleto,caixa_eletronico,FP-387031,69.131.xxx.xxx,recusada,0,,591,ES
TXN-003454,2024-02-13 11:54:46,CUST-00552,MERCH-0047,e-commerce,260.25,TED,caixa_eletronico,FP-956879,148.129.xxx.xxx,recusada,0,,204,AP
TXN-003455,2024-01-20 02:51:00,CUST-00204,MERCH-0047,servicos_digitais,209.91,cartao_credito,app_mobile,FP-259464,201.24.xxx.xxx,aprovada,0,,111,TO
TXN-003456,2024-02-04 02:06:48,CUST-00294,MERCH-0058,outros,518.67,PIX,internet_banking,FP-417349,125.31.xxx.xxx,aprovada,0,,62,SE
TXN-003457,2024-01-06 03:25:35,CUST-00010,MERCH-0119,servicos_digitais,79.0,cartao_credito,internet_banking,FP-145407,243.113.xxx.xxx,aprovada,0,,213,RJ
TXN-003458,2024-01-20 19:43:21,CUST-00788,MERCH-0099,marketplace,375.85,cartao_credito,API,FP-885754,26.234.xxx.xxx,aprovada,0,,102,RS
TXN-003459,2024-02-12 03:57:50,CUST-00107,MERCH-0029,outros,934.63,boleto,app_mobile,FP-538301,80.138.xxx.xxx,pendente,0,,153,CE
TXN-003460,2024-02-06 12:19:22,CUST-00102,MERCH-0133,servicos_digitais,69.58,boleto,API,,205.194.xxx.xxx,aprovada,0,0,205,SP
TXN-003461,2024-01-16 16:46:28,CUST-00204,MERCH-0023,e-commerce,1210.09,boleto,internet_banking,FP-257903,142.164.xxx.xxx,aprovada,0,,40,AC
TXN-003462,2024-01-03 14:14:56,CUST-00155,MERCH-0084,restaurantes,724.59,PIX,app_mobile,,139.92.xxx.xxx,pendente,0,,37,ES
TXN-003463,2024-02-29 20:08:53,CUST-00534,MERCH-0087,viagens,380.07,TED,internet_banking,FP-339206,168.94.xxx.xxx,aprovada,0,,163,RJ
TXN-003464,2024-01-19 10:08:16,CUST-00159,MERCH-0021,marketplace,395.73,PIX,app_mobile,FP-918229,224.214.xxx.xxx,aprovada,0,,142,PB
TXN-003465,2024-02-18 14:23:22,CUST-00289,MERCH-0052,supermercados,230.22,cartao_credito,app_mobile,FP-907573,21.88.xxx.xxx,aprovada,0,,166,MG
TXN-003466,2024-01-03 18:34:24,CUST-00077,MERCH-0162,utilidades,2120.15,PIX,internet_banking,FP-319056,52.30.xxx.xxx,pendente,0,,204,PI
TXN-003467,2024-02-17 13:39:18,CUST-00158,MERCH-0039,viagens,509.62,PIX,app_mobile,FP-806621,228.21.xxx.xxx,aprovada,0,,216,MG
TXN-003468,2024-01-20 21:03:27,CUST-00395,MERCH-0011,supermercados,837.65,TED,caixa_eletronico,FP-906796,49.25.xxx.xxx,aprovada,0,,201,MG
TXN-003469,2024-01-16 20:41:20,CUST-00678,MERCH-0148,servicos_digitais,842.7,PIX,app_mobile,FP-529282,180.150.xxx.xxx,aprovada,0,,113,MG
TXN-003470,2024-01-21 18:48:31,CUST-00008,MERCH-0079,utilidades,159.41,TED,app_mobile,FP-603061,95.214.xxx.xxx,aprovada,0,,47,RJ
TXN-003471,2024-02-06 19:42:44,CUST-00613,MERCH-0031,e-commerce,345.43,cartao_credito,app_mobile,FP-109497,70.109.xxx.xxx,estornada,0,,24,MG
TXN-003472,2024-01-25 07:37:28,CUST-00135,MERCH-0141,outros,391.15,cartao_debito,internet_banking,FP-670391,26.246.xxx.xxx,aprovada,0,,261,RJ
TXN-003473,2024-02-15 11:41:35,CUST-00232,MERCH-0034,marketplace,859.65,PIX,internet_banking,,144.45.xxx.xxx,aprovada,0,,38,ES
TXN-003474,2024-01-26 05:32:59,CUST-00489,MERCH-0158,restaurantes,119.42,cartao_credito,internet_banking,FP-498155,220.189.xxx.xxx,aprovada,0,,237,GO
TXN-003475,2024-01-15 11:03:15,CUST-00635,MERCH-0104,utilidades,99.65,PIX,internet_banking,FP-270680,143.157.xxx.xxx,aprovada,0,,17,PI
TXN-003476,2024-02-17 05:48:25,CUST-00115,MERCH-0136,servicos_digitais,2934.27,TED,internet_banking,FP-561622,5.184.xxx.xxx,aprovada,1,,469,MG
TXN-003477,2024-01-01 07:54:55,CUST-00220,MERCH-0077,supermercados,49.88,TED,internet_banking,FP-600327,79.247.xxx.xxx,estornada,0,,474,RR
TXN-003478,2024-01-20 17:23:10,CUST-00562,MERCH-0094,supermercados,34.01,boleto,API,FP-975716,37.154.xxx.xxx,aprovada,0,,544,RJ
TXN-003479,2024-02-20 23:55:28,CUST-00796,MERCH-0141,farmacias,215.31,cartao_credito,caixa_eletronico,FP-845411,213.222.xxx.xxx,aprovada,0,,44,SE
TXN-003480,2024-01-17 03:49:39,CUST-00025,MERCH-0077,marketplace,428.72,cartao_credito,app_mobile,FP-936740,7.16.xxx.xxx,recusada,1,1,183,ES
TXN-003481,2024-02-26 22:47:18,CUST-00410,MERCH-0052,farmacias,109.06,cartao_credito,caixa_eletronico,,120.88.xxx.xxx,pendente,0,,362,MG
TXN-003482,2024-01-17 17:28:05,CUST-00260,MERCH-0095,e-commerce,654.47,PIX,API,,1.59.xxx.xxx,estornada,0,,155,SP
TXN-003483,2024-02-14 09:30:39,CUST-00287,MERCH-0134,restaurantes,384.92,boleto,internet_banking,FP-631902,34.190.xxx.xxx,aprovada,0,0,270,MA
TXN-003484,2024-01-16 21:32:46,CUST-00479,MERCH-0145,postos,368.56,cartao_credito,API,FP-564272,253.97.xxx.xxx,aprovada,0,,113,DF
TXN-003485,2024-01-26 17:16:47,CUST-00477,MERCH-0045,restaurantes,203.52,cartao_debito,app_mobile,FP-839416,97.76.xxx.xxx,aprovada,0,,511,BA
TXN-003486,2024-02-14 15:44:25,CUST-00582,MERCH-0009,e-commerce,45.98,cartao_debito,app_mobile,FP-749806,37.254.xxx.xxx,aprovada,0,,43,AL
TXN-003487,2024-01-11 13:24:36,CUST-00128,MERCH-0191,e-commerce,3139.35,cartao_debito,internet_banking,FP-803765,2.128.xxx.xxx,recusada,0,,106,RS
TXN-003488,2024-01-23 01:22:38,CUST-00377,MERCH-0046,postos,1306.04,PIX,app_mobile,FP-973441,112.124.xxx.xxx,aprovada,0,,252,DF
TXN-003489,2024-02-01 00:15:12,CUST-00458,MERCH-0139,restaurantes,721.93,cartao_debito,app_mobile,FP-137100,83.245.xxx.xxx,recusada,0,,459,RS
TXN-003490,2024-01-27 03:13:55,CUST-00708,MERCH-0074,supermercados,276.27,cartao_debito,app_mobile,FP-322576,221.167.xxx.xxx,aprovada,0,0,38,SE
TXN-003491,2024-01-13 21:16:58,CUST-00373,MERCH-0080,marketplace,868.96,PIX,internet_banking,FP-838758,221.167.xxx.xxx,aprovada,0,0,308,RJ
TXN-003492,2024-02-02 23:20:38,CUST-00708,MERCH-0004,restaurantes,49.71,boleto,API,FP-796834,36.78.xxx.xxx,aprovada,0,,811,PE
TXN-003493,2024-01-22 18:14:11,CUST-00146,MERCH-0085,farmacias,249.03,PIX,internet_banking,FP-898344,71.16.xxx.xxx,aprovada,0,,213,PE
TXN-003494,2024-01-01 10:56:42,CUST-00779,MERCH-0038,postos,58.58,cartao_debito,internet_banking,FP-824664,13.178.xxx.xxx,recusada,0,,340,AC
TXN-003495,2024-01-23 11:30:40,CUST-00668,MERCH-0197,supermercados,904.12,cartao_credito,API,,37.88.xxx.xxx,aprovada,0,,104,SC
TXN-003496,2024-02-27 22:21:02,CUST-00103,MERCH-0125,restaurantes,168.46,cartao_debito,internet_banking,FP-666944,54.186.xxx.xxx,aprovada,0,,103,SC
TXN-003497,2024-01-10 13:24:58,CUST-00382,MERCH-0093,utilidades,45.55,cartao_credito,app_mobile,FP-710305,146.7.xxx.xxx,aprovada,0,,110,SP
TXN-003498,2024-01-27 22:31:08,CUST-00219,MERCH-0009,marketplace,520.03,TED,caixa_eletronico,FP-127349,32.95.xxx.xxx,aprovada,0,,172,DF
TXN-003499,2024-01-05 09:26:38,CUST-00437,MERCH-0109,e-commerce,13.13,boleto,caixa_eletronico,FP-719542,238.191.xxx.xxx,aprovada,0,0,246,SP
TXN-003500,2024-01-07 12:06:20,CUST-00612,MERCH-0141,farmacias,277.9,cartao_credito,internet_banking,FP-911919,205.24.xxx.xxx,aprovada,0,,457,ES
TXN-003501,2024-01-05 17:11:51,CUST-00385,MERCH-0116,postos,659.61,PIX,app_mobile,FP-462939,108.221.xxx.xxx,estornada,0,,142,MG
TXN-003502,2024-02-12 01:07:27,CUST-00289,MERCH-0108,marketplace,236.65,TED,internet_banking,FP-978848,170.171.xxx.xxx,aprovada,0,,96,SP
TXN-003503,2024-02-20 03:44:07,CUST-00619,MERCH-0127,outros,4874.81,TED,API,FP-939877,150.88.xxx.xxx,aprovada,0,,559,TO
TXN-003504,2024-01-14 08:38:47,CUST-00098,MERCH-0115,marketplace,165.92,TED,app_mobile,FP-495686,179.151.xxx.xxx,pendente,0,,37,RR
TXN-003505,2024-01-11 01:33:58,CUST-00467,MERCH-0069,marketplace,150.59,boleto,internet_banking,FP-705095,65.234.xxx.xxx,aprovada,0,,39,RJ
TXN-003506,2024-02-06 10:54:46,CUST-00207,MERCH-0166,e-commerce,500.22,boleto,app_mobile,FP-719832,96.245.xxx.xxx,pendente,0,,117,RS
TXN-003507,2024-02-07 12:41:26,CUST-00790,MERCH-0072,e-commerce,1027.25,PIX,internet_banking,FP-772927,249.87.xxx.xxx,aprovada,0,0,147,SC
TXN-003508,2024-01-25 02:34:33,CUST-00744,MERCH-0085,farmacias,178.87,PIX,app_mobile,FP-545098,194.210.xxx.xxx,aprovada,0,,110,RJ
TXN-003509,2024-02-08 21:44:03,CUST-00082,MERCH-0187,e-commerce,41.62,PIX,app_mobile,FP-152270,105.222.xxx.xxx,aprovada,0,,458,RJ
TXN-003510,2024-02-14 10:41:09,CUST-00531,MERCH-0021,outros,258.7,TED,app_mobile,FP-299481,73.218.xxx.xxx,aprovada,0,,27,RS
TXN-003511,2024-02-26 10:25:27,CUST-00039,MERCH-0002,e-commerce,96.53,TED,internet_banking,FP-333425,78.41.xxx.xxx,aprovada,0,,86,RN
TXN-003512,2024-02-27 08:05:47,CUST-00566,MERCH-0198,restaurantes,30.26,PIX,caixa_eletronico,FP-128468,52.6.xxx.xxx,aprovada,0,,255,ES
TXN-003513,2024-02-02 20:08:58,CUST-00391,MERCH-0152,farmacias,85.2,cartao_debito,app_mobile,FP-968978,252.78.xxx.xxx,pendente,0,,137,MG
TXN-003514,2024-01-15 00:19:47,CUST-00428,MERCH-0183,restaurantes,433.8,cartao_credito,API,FP-799646,19.207.xxx.xxx,aprovada,0,,451,MT
TXN-003515,2024-01-11 23:50:02,CUST-00298,MERCH-0165,postos,149.95,cartao_credito,app_mobile,FP-873879,131.173.xxx.xxx,aprovada,0,,24,RJ
TXN-003516,2024-01-06 17:40:58,CUST-00595,MERCH-0144,e-commerce,675.73,cartao_credito,API,,253.81.xxx.xxx,recusada,0,0,427,MG
TXN-003517,2024-02-04 02:42:15,CUST-00295,MERCH-0013,marketplace,905.93,cartao_credito,API,,232.252.xxx.xxx,aprovada,0,,94,SP
TXN-003518,2024-01-29 14:59:10,CUST-00455,MERCH-0124,farmacias,94.13,PIX,API,,238.14.xxx.xxx,aprovada,0,,351,RJ
TXN-003519,2024-02-02 05:00:01,CUST-00701,MERCH-0093,supermercados,173.34,cartao_debito,internet_banking,,73.218.xxx.xxx,estornada,0,,55,RJ
TXN-003520,2024-02-03 18:53:01,CUST-00385,MERCH-0019,servicos_digitais,111.62,TED,app_mobile,FP-905962,132.137.xxx.xxx,estornada,0,,43,RJ
TXN-003521,2024-02-12 01:16:59,CUST-00566,MERCH-0127,restaurantes,58.9,cartao_credito,internet_banking,FP-491683,152.138.xxx.xxx,aprovada,0,,38,MG
TXN-003522,2024-02-04 02:00:30,CUST-00236,MERCH-0153,supermercados,1868.55,cartao_credito,app_mobile,FP-262136,136.23.xxx.xxx,aprovada,0,,74,PR
TXN-003523,2024-02-08 05:10:15,CUST-00400,MERCH-0005,utilidades,66.11,cartao_debito,internet_banking,FP-874267,94.70.xxx.xxx,aprovada,0,,206,SC
TXN-003524,2024-01-05 17:46:34,CUST-00575,MERCH-0062,servicos_digitais,153.85,cartao_credito,caixa_eletronico,FP-890481,85.36.xxx.xxx,aprovada,0,,134,MG
TXN-003525,2024-01-13 15:57:05,CUST-00383,MERCH-0074,marketplace,3787.55,boleto,app_mobile,FP-755059,203.224.xxx.xxx,aprovada,0,,223,ES
TXN-003526,2024-01-16 18:28:20,CUST-00609,MERCH-0170,restaurantes,233.45,boleto,API,FP-875957,26.219.xxx.xxx,aprovada,0,,60,ES
TXN-003527,2024-01-27 21:16:25,CUST-00778,MERCH-0036,farmacias,431.28,PIX,internet_banking,FP-669983,27.240.xxx.xxx,pendente,0,,275,ES
TXN-003528,2024-01-01 00:27:55,CUST-00590,MERCH-0114,restaurantes,166.5,PIX,app_mobile,FP-206941,236.212.xxx.xxx,recusada,0,,67,RS
TXN-003529,2024-02-18 21:26:32,CUST-00105,MERCH-0090,restaurantes,41.84,cartao_credito,app_mobile,FP-639131,66.188.xxx.xxx,recusada,0,,345,RS
TXN-003530,2024-02-21 23:45:09,CUST-00715,MERCH-0156,marketplace,174.36,cartao_credito,internet_banking,FP-890742,100.243.xxx.xxx,aprovada,0,,151,SP
TXN-003531,2024-02-09 12:54:52,CUST-00477,MERCH-0051,e-commerce,192.01,cartao_credito,internet_banking,FP-781939,19.239.xxx.xxx,aprovada,0,,82,CE
TXN-003532,2024-02-12 03:33:19,CUST-00548,MERCH-0147,marketplace,1081.54,boleto,internet_banking,FP-640600,65.249.xxx.xxx,aprovada,0,,67,GO
TXN-003533,2024-01-09 18:45:07,CUST-00456,MERCH-0055,restaurantes,46.61,cartao_debito,caixa_eletronico,FP-234055,204.44.xxx.xxx,aprovada,0,,217,RJ
TXN-003534,2024-02-01 15:32:18,CUST-00108,MERCH-0087,viagens,87.88,cartao_credito,app_mobile,FP-177876,50.2.xxx.xxx,aprovada,0,,47,TO
TXN-003535,2024-01-12 13:50:52,CUST-00104,MERCH-0136,servicos_digitais,251.08,cartao_credito,internet_banking,FP-155882,217.209.xxx.xxx,aprovada,0,,74,ES
TXN-003536,2024-02-23 06:32:56,CUST-00537,MERCH-0132,restaurantes,243.72,boleto,internet_banking,FP-285624,202.140.xxx.xxx,aprovada,0,,125,RJ
TXN-003537,2024-01-13 07:12:16,CUST-00345,MERCH-0131,marketplace,21.17,cartao_credito,caixa_eletronico,FP-564680,49.103.xxx.xxx,aprovada,0,,258,RJ
TXN-003538,2024-02-02 10:08:45,CUST-00546,MERCH-0191,e-commerce,724.89,cartao_debito,internet_banking,FP-571589,198.66.xxx.xxx,estornada,0,,203,ES
TXN-003539,2024-02-17 06:21:10,CUST-00662,MERCH-0121,servicos_digitais,67.93,cartao_credito,app_mobile,FP-344075,32.66.xxx.xxx,aprovada,0,,299,PR
TXN-003540,2024-02-12 23:57:33,CUST-00232,MERCH-0057,servicos_digitais,115.83,cartao_credito,app_mobile,FP-570934,232.239.xxx.xxx,aprovada,0,,497,ES
TXN-003541,2024-02-28 14:07:04,CUST-00439,MERCH-0115,farmacias,66.46,TED,app_mobile,FP-192966,58.18.xxx.xxx,aprovada,0,,269,PA
TXN-003542,2024-02-09 19:37:03,CUST-00545,MERCH-0110,supermercados,66.94,PIX,API,FP-798515,92.159.xxx.xxx,aprovada,0,,21,PI
TXN-003543,2024-01-10 14:05:04,CUST-00667,MERCH-0042,farmacias,44.16,PIX,internet_banking,FP-770515,38.65.xxx.xxx,aprovada,0,,141,PE
TXN-003544,2024-02-03 09:22:43,CUST-00351,MERCH-0183,postos,393.62,PIX,caixa_eletronico,FP-779235,245.66.xxx.xxx,aprovada,0,,79,SP
TXN-003545,2024-01-25 06:56:48,CUST-00118,MERCH-0059,e-commerce,32.93,cartao_credito,caixa_eletronico,FP-261602,172.171.xxx.xxx,aprovada,0,,173,SP
TXN-003546,2024-02-18 18:43:17,CUST-00261,MERCH-0090,restaurantes,921.56,TED,app_mobile,,244.236.xxx.xxx,pendente,0,,255,PR
TXN-003547,2024-02-02 18:57:19,CUST-00741,MERCH-0137,viagens,208.25,cartao_debito,API,,30.41.xxx.xxx,aprovada,0,,503,RS
TXN-003548,2024-01-03 16:46:58,CUST-00085,MERCH-0035,farmacias,0.0,TED,API,,248.100.xxx.xxx,aprovada,0,,205,MA
TXN-003549,2024-02-04 19:32:37,CUST-00357,MERCH-0056,marketplace,38.67,cartao_credito,API,,167.127.xxx.xxx,aprovada,0,,64,MG
TXN-003550,2024-02-17 03:04:19,CUST-00665,MERCH-0091,supermercados,1804.04,TED,internet_banking,FP-811142,244.203.xxx.xxx,aprovada,1,1,312,MS
TXN-003551,2024-01-30 11:51:11,CUST-00728,MERCH-0190,utilidades,213.04,PIX,app_mobile,FP-876516,52.162.xxx.xxx,recusada,0,,84,ES
TXN-003552,2024-02-20 13:00:33,CUST-00614,MERCH-0025,utilidades,140.07,PIX,caixa_eletronico,FP-389446,1.58.xxx.xxx,aprovada,0,,130,PR
TXN-003553,2024-01-31 18:20:45,CUST-00613,MERCH-0077,marketplace,612.3,cartao_debito,internet_banking,FP-258343,43.60.xxx.xxx,aprovada,0,,330,SP
TXN-003554,2024-01-13 09:05:37,CUST-00698,MERCH-0058,supermercados,194.07,PIX,internet_banking,FP-210408,38.42.xxx.xxx,aprovada,0,,151,RJ
TXN-003555,2024-02-20 17:35:17,CUST-00272,MERCH-0132,e-commerce,268.93,PIX,API,,195.137.xxx.xxx,aprovada,1,1,92,MG
TXN-003556,2024-02-20 01:04:33,CUST-00541,MERCH-0168,marketplace,354.3,cartao_credito,internet_banking,FP-109158,41.130.xxx.xxx,aprovada,0,,159,RJ
TXN-003557,2024-01-22 08:19:22,CUST-00180,MERCH-0009,marketplace,24.9,TED,app_mobile,FP-618911,223.75.xxx.xxx,aprovada,0,,303,GO
TXN-003558,2024-01-11 06:01:52,CUST-00018,MERCH-0130,viagens,337.82,cartao_credito,app_mobile,FP-215291,44.111.xxx.xxx,aprovada,0,0,132,ES
TXN-003559,2024-02-12 11:05:12,CUST-00759,MERCH-0063,farmacias,1723.95,PIX,app_mobile,FP-493836,77.210.xxx.xxx,pendente,0,,101,SP
TXN-003560,2024-01-22 08:04:23,CUST-00660,MERCH-0060,servicos_digitais,136.36,cartao_credito,internet_banking,FP-719060,165.121.xxx.xxx,aprovada,0,,130,SP
TXN-003561,2024-02-03 04:43:14,CUST-00671,MERCH-0097,supermercados,698.83,cartao_debito,internet_banking,FP-508386,167.181.xxx.xxx,aprovada,0,,77,RN
TXN-003562,2024-01-22 22:56:35,CUST-00179,MERCH-0178,marketplace,306.27,cartao_debito,app_mobile,FP-487702,107.214.xxx.xxx,aprovada,1,0,191,RS
TXN-003563,2024-02-01 08:57:08,CUST-00348,MERCH-0171,postos,1388.8,boleto,app_mobile,FP-392762,170.209.xxx.xxx,aprovada,0,0,507,RJ
TXN-003564,2024-01-11 10:40:20,CUST-00412,MERCH-0033,restaurantes,69.41,PIX,app_mobile,FP-882956,223.46.xxx.xxx,aprovada,0,,32,ES
TXN-003565,2024-02-04 17:00:58,CUST-00636,MERCH-0194,servicos_digitais,68.09,cartao_debito,internet_banking,FP-244021,233.33.xxx.xxx,aprovada,0,,48,MG
TXN-003566,2024-02-12 13:05:41,CUST-00576,MERCH-0046,supermercados,3658.2,TED,app_mobile,FP-933348,206.67.xxx.xxx,aprovada,0,,905,AL
TXN-003567,2024-02-26 05:09:49,CUST-00642,MERCH-0052,outros,108.09,PIX,API,FP-666598,153.31.xxx.xxx,aprovada,0,,265,SC
TXN-003568,2024-02-15 06:54:49,CUST-00509,MERCH-0020,supermercados,80.22,TED,internet_banking,FP-724638,98.73.xxx.xxx,aprovada,0,,67,MG
TXN-003569,2024-02-04 12:32:18,CUST-00493,MERCH-0090,outros,125.49,PIX,app_mobile,FP-534950,35.109.xxx.xxx,aprovada,0,,334,MG
TXN-003570,2024-01-11 01:30:12,CUST-00014,MERCH-0020,servicos_digitais,1213.68,cartao_debito,app_mobile,FP-729287,251.241.xxx.xxx,aprovada,0,,173,RJ
TXN-003571,2024-01-28 23:54:38,CUST-00349,MERCH-0026,farmacias,148.4,cartao_credito,app_mobile,FP-618796,42.110.xxx.xxx,aprovada,0,0,466,MA
TXN-003572,2024-01-28 09:43:32,CUST-00602,MERCH-0035,marketplace,143.92,TED,API,,60.75.xxx.xxx,aprovada,0,,87,MG
TXN-003573,2024-01-20 05:40:16,CUST-00735,MERCH-0166,supermercados,63.44,TED,internet_banking,FP-741798,72.101.xxx.xxx,aprovada,0,,560,SP
TXN-003574,2024-02-19 04:41:39,CUST-00359,MERCH-0126,outros,1056.57,cartao_credito,caixa_eletronico,FP-269549,124.115.xxx.xxx,aprovada,0,,41,SC
TXN-003575,2024-01-15 08:15:11,CUST-00604,MERCH-0164,marketplace,80.71,cartao_credito,app_mobile,FP-186256,69.104.xxx.xxx,recusada,0,,137,RJ
TXN-003576,2024-01-15 23:14:10,CUST-00553,MERCH-0042,marketplace,329.04,cartao_debito,internet_banking,FP-575584,6.124.xxx.xxx,aprovada,0,,171,RJ
TXN-003577,2024-01-30 23:11:32,CUST-00711,MERCH-0130,restaurantes,316.17,cartao_debito,internet_banking,FP-363363,200.146.xxx.xxx,aprovada,0,,123,TO
TXN-003578,2024-01-13 03:26:01,CUST-00587,MERCH-0008,viagens,273.22,PIX,app_mobile,,154.94.xxx.xxx,aprovada,0,,173,SP
TXN-003579,2024-02-17 16:55:42,CUST-00391,MERCH-0173,postos,15.76,boleto,app_mobile,FP-393863,21.39.xxx.xxx,aprovada,0,,231,ES
TXN-003580,2024-02-18 11:04:31,CUST-00406,MERCH-0117,servicos_digitais,129.62,PIX,app_mobile,FP-863552,147.193.xxx.xxx,aprovada,0,,522,AL
TXN-003581,2024-02-22 19:41:10,CUST-00709,MERCH-0118,marketplace,627.42,cartao_debito,API,,77.49.xxx.xxx,aprovada,0,,501,AM
TXN-003582,2024-01-27 17:05:09,CUST-00759,MERCH-0062,e-commerce,360.38,cartao_credito,app_mobile,FP-850586,4.250.xxx.xxx,aprovada,0,,50,SP
TXN-003583,2024-01-20 19:36:38,CUST-00539,MERCH-0120,postos,179.03,TED,internet_banking,,218.80.xxx.xxx,pendente,0,,114,MG
TXN-003584,2024-02-01 22:05:00,CUST-00170,MERCH-0155,viagens,576.32,cartao_credito,app_mobile,FP-252164,247.57.xxx.xxx,aprovada,0,,202,RJ
TXN-003585,2024-01-20 04:59:20,CUST-00016,MERCH-0147,utilidades,807.28,cartao_debito,app_mobile,FP-429536,146.111.xxx.xxx,pendente,0,,309,MG
TXN-003586,2024-01-14 08:04:45,CUST-00711,MERCH-0113,supermercados,24.7,cartao_debito,internet_banking,FP-441849,208.12.xxx.xxx,aprovada,0,,38,RO
TXN-003587,2024-02-22 08:58:13,CUST-00773,MERCH-0166,e-commerce,232.79,cartao_credito,app_mobile,FP-765932,235.84.xxx.xxx,aprovada,0,,99,RJ
TXN-003588,2024-01-10 05:58:53,CUST-00023,MERCH-0086,e-commerce,1256.83,cartao_debito,internet_banking,FP-506648,163.194.xxx.xxx,aprovada,0,,90,SE
TXN-003589,2024-01-13 20:47:33,CUST-00266,MERCH-0193,marketplace,38.19,cartao_credito,caixa_eletronico,FP-669589,29.223.xxx.xxx,aprovada,0,,296,ES
TXN-003590,2024-01-26 15:23:02,CUST-00596,MERCH-0091,postos,47.45,PIX,app_mobile,FP-365384,162.198.xxx.xxx,aprovada,0,,101,SP
TXN-003591,2024-01-17 08:44:40,CUST-00579,MERCH-0173,servicos_digitais,52.1,cartao_debito,caixa_eletronico,FP-957868,145.241.xxx.xxx,aprovada,0,,784,MG
TXN-003592,2024-01-24 23:37:43,CUST-00794,MERCH-0109,outros,2337.02,TED,caixa_eletronico,FP-432212,73.23.xxx.xxx,estornada,0,,141,MS
TXN-003593,2024-01-23 10:40:31,CUST-00799,MERCH-0109,servicos_digitais,4333.58,cartao_credito,internet_banking,FP-441799,118.108.xxx.xxx,pendente,0,,156,SC
TXN-003594,2024-02-01 15:17:01,CUST-00402,MERCH-0120,postos,219.56,PIX,app_mobile,FP-704820,213.143.xxx.xxx,aprovada,0,,6,AM
TXN-003595,2024-01-09 13:51:42,CUST-00637,MERCH-0101,e-commerce,618.57,TED,internet_banking,FP-452238,202.186.xxx.xxx,aprovada,1,0,144,MA
TXN-003596,2024-01-04 21:11:32,CUST-00212,MERCH-0023,e-commerce,277.9,PIX,app_mobile,,133.192.xxx.xxx,aprovada,0,,99,ES
TXN-003597,2024-01-02 20:56:43,CUST-00181,MERCH-0089,outros,112.12,PIX,caixa_eletronico,FP-623777,226.91.xxx.xxx,estornada,0,,76,SP
TXN-003598,2024-02-02 07:10:31,CUST-00713,MERCH-0079,farmacias,75.14,boleto,app_mobile,FP-783161,91.146.xxx.xxx,aprovada,0,,34,ES
TXN-003599,2024-02-22 22:45:54,CUST-00501,MERCH-0176,marketplace,532.76,TED,app_mobile,FP-613502,185.71.xxx.xxx,aprovada,0,0,285,TO
TXN-003600,2024-01-19 18:40:44,CUST-00125,MERCH-0136,marketplace,53.21,boleto,app_mobile,,135.91.xxx.xxx,aprovada,0,,126,RJ
TXN-003601,2024-02-28 08:21:31,CUST-00005,MERCH-0128,e-commerce,325.15,cartao_credito,app_mobile,FP-147734,85.207.xxx.xxx,aprovada,0,,52,RJ
TXN-003602,2024-02-04 17:47:26,CUST-00129,MERCH-0087,farmacias,132.12,cartao_debito,app_mobile,FP-607329,21.162.xxx.xxx,aprovada,0,,95,SC
TXN-003603,2024-02-26 02:56:15,CUST-00261,MERCH-0116,restaurantes,2561.92,cartao_debito,app_mobile,FP-979121,144.19.xxx.xxx,estornada,0,,105,SC
TXN-003604,2024-02-05 07:43:55,CUST-00562,MERCH-0007,servicos_digitais,498.68,cartao_credito,app_mobile,FP-440755,187.123.xxx.xxx,estornada,0,,64,RJ
TXN-003605,2024-02-27 23:57:36,CUST-00776,MERCH-0071,servicos_digitais,1866.1,PIX,app_mobile,FP-626420,226.120.xxx.xxx,pendente,0,,149,RJ
TXN-003606,2024-01-04 03:22:00,CUST-00108,MERCH-0084,postos,1012.49,cartao_debito,app_mobile,FP-473192,107.238.xxx.xxx,recusada,0,,204,RO
TXN-003607,2024-01-16 06:16:08,CUST-00214,MERCH-0128,utilidades,200.23,PIX,app_mobile,FP-335700,181.64.xxx.xxx,aprovada,0,,83,DF
TXN-003608,2024-01-29 16:54:58,CUST-00214,MERCH-0149,viagens,221.12,cartao_credito,API,,201.158.xxx.xxx,aprovada,0,0,95,MS
TXN-003609,2024-02-24 06:36:38,CUST-00762,MERCH-0197,e-commerce,349.3,PIX,caixa_eletronico,FP-787607,221.119.xxx.xxx,aprovada,0,,125,SP
TXN-003610,2024-01-25 01:24:55,CUST-00186,MERCH-0149,farmacias,792.83,cartao_debito,internet_banking,FP-858450,113.230.xxx.xxx,aprovada,0,,99,PR
TXN-003611,2024-02-21 13:19:04,CUST-00733,MERCH-0038,marketplace,226.26,PIX,app_mobile,FP-380970,64.14.xxx.xxx,aprovada,0,0,255,AM
TXN-003612,2024-01-13 01:49:50,CUST-00163,MERCH-0175,restaurantes,149.65,TED,API,FP-756050,146.224.xxx.xxx,aprovada,0,,250,MG
TXN-003613,2024-02-08 09:37:31,CUST-00714,MERCH-0176,postos,3276.66,cartao_credito,app_mobile,,183.160.xxx.xxx,aprovada,0,,130,AC
TXN-003614,2024-01-07 02:54:27,CUST-00496,MERCH-0028,supermercados,1052.58,PIX,app_mobile,FP-744706,150.159.xxx.xxx,pendente,0,,110,ES
TXN-003615,2024-02-22 13:28:37,CUST-00721,MERCH-0055,viagens,600.15,cartao_debito,app_mobile,FP-378102,33.137.xxx.xxx,aprovada,0,0,170,MT
TXN-003616,2024-01-29 07:38:52,CUST-00800,MERCH-0152,supermercados,652.62,PIX,internet_banking,FP-767404,62.142.xxx.xxx,aprovada,0,,298,RO
TXN-003617,2024-01-02 17:15:03,CUST-00202,MERCH-0011,farmacias,392.78,cartao_debito,app_mobile,FP-762790,79.82.xxx.xxx,aprovada,0,,114,MA
TXN-003618,2024-02-17 13:35:39,CUST-00785,MERCH-0156,farmacias,244.54,PIX,API,,230.153.xxx.xxx,recusada,0,,34,SE
TXN-003619,2024-02-28 03:52:42,CUST-00613,MERCH-0187,utilidades,275.65,cartao_debito,internet_banking,FP-645970,135.47.xxx.xxx,aprovada,0,,60,RJ
TXN-003620,2024-01-21 00:02:16,CUST-00716,MERCH-0050,postos,337.52,PIX,app_mobile,FP-526396,119.29.xxx.xxx,aprovada,0,,181,GO
TXN-003621,2024-01-15 14:27:14,CUST-00094,MERCH-0173,servicos_digitais,278.18,PIX,app_mobile,FP-479634,165.72.xxx.xxx,aprovada,0,,92,MG
TXN-003622,2024-02-22 03:13:58,CUST-00260,MERCH-0077,supermercados,1344.57,PIX,app_mobile,FP-874221,246.71.xxx.xxx,aprovada,0,,77,SP
TXN-003623,2024-01-23 11:53:14,CUST-00575,MERCH-0035,servicos_digitais,346.98,cartao_credito,app_mobile,FP-788004,241.230.xxx.xxx,recusada,0,,202,MG
TXN-003624,2024-02-23 13:09:12,CUST-00510,MERCH-0111,outros,486.72,PIX,API,FP-177058,185.204.xxx.xxx,pendente,0,,33,MG
TXN-003625,2024-01-12 11:59:46,CUST-00746,MERCH-0147,e-commerce,144.95,PIX,caixa_eletronico,FP-880160,157.47.xxx.xxx,recusada,0,,245,TO
TXN-003626,2024-02-11 17:23:38,CUST-00449,MERCH-0196,outros,906.39,boleto,app_mobile,FP-476202,125.115.xxx.xxx,aprovada,0,,172,CE
TXN-003627,2024-01-21 09:17:43,CUST-00679,MERCH-0097,viagens,231.64,TED,API,FP-164227,227.204.xxx.xxx,aprovada,0,,125,SP
TXN-003628,2024-02-19 20:28:52,CUST-00117,MERCH-0162,outros,579.78,TED,internet_banking,FP-952252,221.156.xxx.xxx,aprovada,0,,80,MG
TXN-003629,2024-01-13 08:41:26,CUST-00773,MERCH-0199,marketplace,256.09,TED,app_mobile,FP-520301,48.139.xxx.xxx,aprovada,0,,328,ES
TXN-003630,2024-02-02 03:59:46,CUST-00132,MERCH-0149,utilidades,2417.14,PIX,API,,26.8.xxx.xxx,aprovada,0,,205,RJ
TXN-003631,2024-01-16 16:59:55,CUST-00520,MERCH-0147,utilidades,148.13,TED,internet_banking,FP-300527,189.152.xxx.xxx,recusada,0,,106,PR
TXN-003632,2024-01-11 12:21:48,CUST-00422,MERCH-0197,marketplace,139.84,cartao_credito,app_mobile,FP-931855,237.127.xxx.xxx,aprovada,0,,560,MS
TXN-003633,2024-01-19 16:31:02,CUST-00203,MERCH-0197,e-commerce,294.23,PIX,app_mobile,FP-601350,16.100.xxx.xxx,estornada,0,,101,SC
TXN-003634,2024-02-19 07:21:37,CUST-00030,MERCH-0143,utilidades,109.42,cartao_credito,internet_banking,FP-666198,112.31.xxx.xxx,aprovada,0,,157,RJ
TXN-003635,2024-01-27 09:35:58,CUST-00541,MERCH-0004,e-commerce,646.54,TED,internet_banking,FP-285438,79.112.xxx.xxx,aprovada,0,,45,ES
TXN-003636,2024-01-20 08:27:46,CUST-00762,MERCH-0141,e-commerce,3505.7,boleto,app_mobile,FP-398295,15.197.xxx.xxx,pendente,0,,765,RJ
TXN-003637,2024-01-07 10:24:08,CUST-00435,MERCH-0119,e-commerce,133.99,PIX,internet_banking,FP-723217,116.210.xxx.xxx,aprovada,0,0,89,MA
TXN-003638,2024-02-06 22:48:48,CUST-00384,MERCH-0073,e-commerce,83.91,PIX,internet_banking,FP-175943,159.53.xxx.xxx,aprovada,0,,145,SP
TXN-003639,2024-01-19 06:16:24,CUST-00329,MERCH-0123,farmacias,527.85,cartao_credito,caixa_eletronico,FP-974224,52.67.xxx.xxx,aprovada,0,,123,ES
TXN-003640,2024-02-21 02:38:53,CUST-00582,MERCH-0130,marketplace,890.23,TED,API,,194.100.xxx.xxx,aprovada,0,,25,RN
TXN-003641,2024-01-04 07:55:53,CUST-00427,MERCH-0137,restaurantes,43.17,PIX,internet_banking,FP-110044,21.249.xxx.xxx,aprovada,0,,75,SP
TXN-003642,2024-01-18 21:41:07,CUST-00700,MERCH-0113,outros,96.48,cartao_debito,API,,110.245.xxx.xxx,aprovada,0,,63,SP
TXN-003643,2024-01-09 05:18:49,CUST-00612,MERCH-0184,restaurantes,63.81,cartao_credito,app_mobile,FP-979306,48.73.xxx.xxx,aprovada,0,,131,SP
TXN-003644,2024-02-16 21:13:31,CUST-00274,MERCH-0146,servicos_digitais,82.92,cartao_debito,internet_banking,FP-347356,37.215.xxx.xxx,aprovada,0,,172,MS
TXN-003645,2024-02-07 11:59:14,CUST-00529,MERCH-0044,viagens,220.07,cartao_debito,internet_banking,FP-575651,173.40.xxx.xxx,aprovada,0,,272,ES
TXN-003646,2024-01-03 12:22:35,CUST-00206,MERCH-0086,postos,147.04,TED,internet_banking,FP-804149,36.167.xxx.xxx,aprovada,0,,264,ES
TXN-003647,2024-02-02 10:29:07,CUST-00576,MERCH-0143,restaurantes,214.19,PIX,internet_banking,FP-551197,76.18.xxx.xxx,aprovada,0,,54,CE
TXN-003648,2024-01-31 18:22:19,CUST-00057,MERCH-0138,supermercados,456.74,PIX,app_mobile,FP-802422,136.63.xxx.xxx,aprovada,0,,52,GO
TXN-003649,2024-02-23 17:43:34,CUST-00079,MERCH-0172,marketplace,275.72,cartao_debito,app_mobile,FP-688718,140.250.xxx.xxx,aprovada,0,0,261,SP
TXN-003650,2024-01-16 00:41:11,CUST-00248,MERCH-0137,marketplace,951.75,cartao_credito,app_mobile,FP-175233,165.40.xxx.xxx,aprovada,0,,298,ES
TXN-003651,2024-01-28 06:15:25,CUST-00154,MERCH-0171,outros,736.85,cartao_debito,API,FP-365068,144.175.xxx.xxx,recusada,0,0,75,RJ
TXN-003652,2024-01-27 02:40:23,CUST-00208,MERCH-0045,outros,3192.36,cartao_debito,app_mobile,FP-296703,228.135.xxx.xxx,pendente,0,,1156,MG
TXN-003653,2024-02-22 09:01:04,CUST-00508,MERCH-0134,servicos_digitais,308.15,cartao_debito,internet_banking,FP-415295,45.233.xxx.xxx,recusada,0,,106,RJ
TXN-003654,2024-02-13 01:20:55,CUST-00739,MERCH-0036,outros,957.28,PIX,API,FP-608658,59.171.xxx.xxx,recusada,0,,172,PR
TXN-003655,2024-02-05 20:10:28,CUST-00497,MERCH-0018,farmacias,1087.83,cartao_credito,internet_banking,FP-371937,194.184.xxx.xxx,aprovada,0,,183,AL
TXN-003656,2024-02-13 07:58:10,CUST-00282,MERCH-0084,servicos_digitais,120.07,cartao_debito,app_mobile,FP-158737,243.219.xxx.xxx,aprovada,0,,342,MS
TXN-003657,2024-02-08 00:52:40,CUST-00018,MERCH-0033,supermercados,806.47,cartao_debito,API,,183.26.xxx.xxx,recusada,0,,392,RJ
TXN-003658,2024-01-02 19:24:51,CUST-00037,MERCH-0069,postos,808.23,PIX,app_mobile,FP-249904,43.84.xxx.xxx,aprovada,0,,342,SC
TXN-003659,2024-01-02 23:41:05,CUST-00431,MERCH-0194,servicos_digitais,137.15,cartao_credito,caixa_eletronico,FP-641018,3.2.xxx.xxx,aprovada,0,,82,ES
TXN-003660,2024-01-05 14:59:39,CUST-00517,MERCH-0173,farmacias,163.79,TED,app_mobile,FP-716922,126.185.xxx.xxx,aprovada,0,,162,MG
TXN-003661,2024-02-27 04:25:36,CUST-00223,MERCH-0084,supermercados,181.23,cartao_credito,internet_banking,FP-182476,103.94.xxx.xxx,aprovada,0,,333,DF
TXN-003662,2024-02-18 02:30:13,CUST-00074,MERCH-0117,servicos_digitais,557.1,cartao_debito,internet_banking,FP-481637,27.39.xxx.xxx,aprovada,1,,165,PI
TXN-003663,2024-02-29 16:32:00,CUST-00629,MERCH-0200,postos,290.21,TED,app_mobile,FP-858625,163.206.xxx.xxx,aprovada,0,,277,ES
TXN-003664,2024-02-13 22:39:35,CUST-00231,MERCH-0086,marketplace,50.91,cartao_credito,app_mobile,FP-308905,2.63.xxx.xxx,aprovada,0,,627,SP
TXN-003665,2024-01-24 03:58:46,CUST-00161,MERCH-0031,marketplace,384.08,PIX,app_mobile,FP-763617,41.184.xxx.xxx,aprovada,0,,208,SE
TXN-003666,2024-02-29 02:17:40,CUST-00420,MERCH-0163,servicos_digitais,187.87,PIX,app_mobile,FP-859870,243.119.xxx.xxx,pendente,0,,57,PI
TXN-003667,2024-01-10 17:10:59,CUST-00693,MERCH-0032,e-commerce,242.94,cartao_credito,API,,60.105.xxx.xxx,aprovada,0,,182,DF
TXN-003668,2024-02-28 04:53:33,CUST-00634,MERCH-0014,outros,46.16,cartao_credito,API,,72.238.xxx.xxx,aprovada,0,0,19,DF
TXN-003669,2024-02-29 21:17:27,CUST-00077,MERCH-0160,viagens,405.96,cartao_credito,app_mobile,FP-588255,65.200.xxx.xxx,aprovada,0,,115,PE
TXN-003670,2024-01-20 08:25:31,CUST-00662,MERCH-0058,viagens,58.44,PIX,app_mobile,FP-778392,34.222.xxx.xxx,aprovada,0,,55,RS
TXN-003671,2024-02-10 11:38:30,CUST-00787,MERCH-0053,outros,186.49,PIX,API,FP-814182,54.170.xxx.xxx,pendente,0,,133,MA
TXN-003672,2024-01-04 15:05:03,CUST-00540,MERCH-0161,supermercados,813.16,TED,API,,161.162.xxx.xxx,aprovada,0,,132,RS
TXN-003673,2024-01-29 21:07:38,CUST-00171,MERCH-0122,servicos_digitais,309.12,PIX,internet_banking,,15.161.xxx.xxx,aprovada,0,,170,ES
TXN-003674,2024-02-14 13:22:38,CUST-00567,MERCH-0089,restaurantes,323.46,boleto,app_mobile,FP-961558,206.0.xxx.xxx,aprovada,0,,160,ES
TXN-003675,2024-01-20 01:17:32,CUST-00645,MERCH-0159,farmacias,968.16,TED,internet_banking,FP-658998,236.42.xxx.xxx,aprovada,0,,117,ES
TXN-003676,2024-01-30 02:25:47,CUST-00306,MERCH-0120,farmacias,1016.22,PIX,internet_banking,,196.95.xxx.xxx,aprovada,0,,163,RJ
TXN-003677,2024-02-29 10:16:40,CUST-00797,MERCH-0058,utilidades,262.35,cartao_debito,API,,183.199.xxx.xxx,aprovada,0,,29,MT
TXN-003678,2024-02-17 06:21:52,CUST-00223,MERCH-0077,supermercados,251.51,TED,API,,132.222.xxx.xxx,aprovada,0,,99,MT
TXN-003679,2024-02-22 09:36:02,CUST-00523,MERCH-0189,marketplace,79.16,cartao_debito,API,,239.51.xxx.xxx,aprovada,0,,294,PR
TXN-003680,2024-01-17 10:22:48,CUST-00046,MERCH-0083,farmacias,1460.01,TED,API,,2.229.xxx.xxx,estornada,0,0,85,SP
TXN-003681,2024-01-27 04:52:34,CUST-00349,MERCH-0187,e-commerce,5033.18,PIX,app_mobile,FP-284526,51.61.xxx.xxx,recusada,0,,54,PE
TXN-003682,2024-01-15 19:55:09,CUST-00164,MERCH-0079,supermercados,194.66,cartao_credito,API,,77.230.xxx.xxx,estornada,0,,54,MG
TXN-003683,2024-02-13 06:50:50,CUST-00342,MERCH-0036,e-commerce,62.3,cartao_debito,API,FP-739821,90.62.xxx.xxx,aprovada,0,,171,MS
TXN-003684,2024-02-20 22:13:36,CUST-00044,MERCH-0069,farmacias,525.61,cartao_credito,app_mobile,FP-498127,174.126.xxx.xxx,aprovada,0,0,54,RJ
TXN-003685,2024-01-11 14:59:57,CUST-00073,MERCH-0026,e-commerce,908.25,TED,internet_banking,FP-476452,86.176.xxx.xxx,aprovada,0,,53,MG
TXN-003686,2024-02-14 08:56:26,CUST-00748,MERCH-0128,marketplace,1481.7,PIX,app_mobile,FP-505161,208.115.xxx.xxx,aprovada,0,,163,AC
TXN-003687,2024-01-09 00:28:21,CUST-00085,MERCH-0167,supermercados,840.31,cartao_credito,API,FP-970938,14.255.xxx.xxx,aprovada,0,,284,SE
TXN-003688,2024-01-22 02:16:22,CUST-00260,MERCH-0044,outros,270.1,TED,app_mobile,FP-588257,163.118.xxx.xxx,pendente,0,,601,ES
TXN-003689,2024-02-12 13:53:33,CUST-00655,MERCH-0008,marketplace,1027.67,cartao_credito,app_mobile,FP-792530,188.50.xxx.xxx,aprovada,0,,169,AC
TXN-003690,2024-01-08 01:57:28,CUST-00782,MERCH-0137,restaurantes,186.56,TED,caixa_eletronico,FP-700132,78.130.xxx.xxx,aprovada,0,,168,RN
TXN-003691,2024-02-17 09:27:28,CUST-00753,MERCH-0180,utilidades,400.67,cartao_debito,caixa_eletronico,FP-450100,28.6.xxx.xxx,pendente,0,,67,MS
TXN-003692,2024-02-07 12:18:06,CUST-00763,MERCH-0062,e-commerce,118.96,PIX,internet_banking,FP-187359,119.140.xxx.xxx,recusada,0,,215,PR
TXN-003693,2024-02-01 03:51:51,CUST-00132,MERCH-0005,outros,1131.2,cartao_credito,API,,183.204.xxx.xxx,aprovada,0,,403,RJ
TXN-003694,2024-02-06 23:20:05,CUST-00575,MERCH-0179,marketplace,295.87,cartao_debito,app_mobile,FP-813412,118.150.xxx.xxx,estornada,0,,114,ES
TXN-003695,2024-01-22 20:04:15,CUST-00469,MERCH-0117,utilidades,86.1,cartao_credito,app_mobile,FP-286891,146.118.xxx.xxx,aprovada,0,1,382,AL
TXN-003696,2024-02-29 14:12:51,CUST-00084,MERCH-0081,e-commerce,75.25,cartao_debito,app_mobile,FP-278936,201.170.xxx.xxx,aprovada,0,,82,SE
TXN-003697,2024-01-26 17:40:40,CUST-00649,MERCH-0098,servicos_digitais,59.11,cartao_credito,caixa_eletronico,FP-380792,87.159.xxx.xxx,aprovada,0,0,38,MG
TXN-003698,2024-01-29 15:41:25,CUST-00121,MERCH-0054,restaurantes,55.33,PIX,caixa_eletronico,FP-261775,152.217.xxx.xxx,aprovada,0,,174,ES
TXN-003699,2024-01-19 20:27:04,CUST-00568,MERCH-0034,utilidades,205.37,cartao_debito,app_mobile,FP-993472,235.142.xxx.xxx,aprovada,0,,63,ES
TXN-003700,2024-02-11 15:56:22,CUST-00679,MERCH-0176,supermercados,47.67,PIX,app_mobile,FP-547552,154.75.xxx.xxx,pendente,0,,62,RJ
TXN-003701,2024-02-16 21:57:07,CUST-00429,MERCH-0138,outros,442.0,cartao_credito,API,,202.1.xxx.xxx,aprovada,0,,152,PA
TXN-003702,2024-01-12 10:07:06,CUST-00383,MERCH-0044,postos,123.11,cartao_debito,internet_banking,FP-304459,238.84.xxx.xxx,aprovada,0,,126,RJ
TXN-003703,2024-02-20 18:56:12,CUST-00228,MERCH-0133,restaurantes,1998.56,TED,API,FP-164529,216.147.xxx.xxx,recusada,0,,88,BA
TXN-003704,2024-01-24 20:58:20,CUST-00672,MERCH-0097,supermercados,76.1,cartao_credito,app_mobile,FP-474738,41.248.xxx.xxx,aprovada,0,,127,MT
TXN-003705,2024-01-04 17:33:58,CUST-00710,MERCH-0157,utilidades,71.81,TED,internet_banking,FP-939320,90.25.xxx.xxx,aprovada,0,,347,ES
TXN-003706,2024-02-13 13:29:52,CUST-00374,MERCH-0146,supermercados,70.09,boleto,internet_banking,FP-794029,191.39.xxx.xxx,aprovada,0,,34,SP
TXN-003707,2024-02-22 19:16:11,CUST-00674,MERCH-0141,e-commerce,651.9,PIX,app_mobile,FP-544992,59.143.xxx.xxx,aprovada,0,,362,CE
TXN-003708,2024-01-24 12:38:54,CUST-00405,MERCH-0134,e-commerce,965.55,cartao_debito,app_mobile,FP-948012,144.141.xxx.xxx,aprovada,0,,144,AL
TXN-003709,2024-01-01 19:35:07,CUST-00375,MERCH-0082,utilidades,805.46,cartao_credito,app_mobile,FP-444805,254.188.xxx.xxx,recusada,0,,92,RN
TXN-003710,2024-02-04 21:19:07,CUST-00336,MERCH-0119,farmacias,291.11,cartao_credito,internet_banking,FP-319440,237.38.xxx.xxx,aprovada,0,,388,RS
TXN-003711,2024-01-20 22:23:17,CUST-00410,MERCH-0168,restaurantes,2170.53,cartao_credito,internet_banking,FP-617416,215.132.xxx.xxx,aprovada,0,,67,ES
TXN-003712,2024-02-17 09:52:51,CUST-00773,MERCH-0178,servicos_digitais,427.55,TED,app_mobile,FP-854865,48.54.xxx.xxx,aprovada,0,,30,SP
TXN-003713,2024-02-06 07:51:26,CUST-00452,MERCH-0134,servicos_digitais,80.0,PIX,internet_banking,FP-721102,189.205.xxx.xxx,aprovada,0,0,66,RN
TXN-003714,2024-02-25 19:35:05,CUST-00444,MERCH-0145,servicos_digitais,39.11,PIX,app_mobile,FP-906626,208.176.xxx.xxx,pendente,0,,634,AL
TXN-003715,2024-01-11 14:03:06,CUST-00542,MERCH-0142,servicos_digitais,409.97,TED,caixa_eletronico,FP-368923,211.140.xxx.xxx,aprovada,0,,62,ES
TXN-003716,2024-02-12 02:05:15,CUST-00064,MERCH-0079,e-commerce,402.84,boleto,app_mobile,FP-639074,132.46.xxx.xxx,aprovada,0,,206,MG
TXN-003717,2024-02-01 04:10:18,CUST-00398,MERCH-0173,e-commerce,1869.13,boleto,app_mobile,FP-377703,77.24.xxx.xxx,aprovada,0,,94,RS
TXN-003718,2024-01-07 12:38:02,CUST-00467,MERCH-0067,farmacias,173.08,cartao_credito,caixa_eletronico,FP-166586,95.91.xxx.xxx,aprovada,0,,185,SP
TXN-003719,2024-02-23 19:40:25,CUST-00605,MERCH-0167,e-commerce,414.12,PIX,app_mobile,FP-566543,159.192.xxx.xxx,recusada,0,,77,SP
TXN-003720,2024-01-27 08:45:22,CUST-00272,MERCH-0006,outros,235.95,boleto,app_mobile,FP-996448,6.3.xxx.xxx,aprovada,0,,118,MG
TXN-003721,2024-01-29 14:07:18,CUST-00553,MERCH-0120,marketplace,14.9,PIX,app_mobile,FP-717994,222.29.xxx.xxx,aprovada,0,,179,MG
TXN-003722,2024-01-02 20:14:09,CUST-00016,MERCH-0054,e-commerce,388.61,cartao_credito,internet_banking,FP-715291,130.107.xxx.xxx,aprovada,0,,127,RJ
TXN-003723,2024-01-31 15:52:31,CUST-00336,MERCH-0019,e-commerce,171.86,TED,app_mobile,FP-578063,178.118.xxx.xxx,estornada,0,,65,SC
TXN-003724,2024-01-13 00:33:10,CUST-00763,MERCH-0144,farmacias,3033.51,cartao_debito,app_mobile,FP-828823,249.159.xxx.xxx,pendente,0,,300,RS
TXN-003725,2024-01-18 16:39:54,CUST-00482,MERCH-0173,postos,309.2,PIX,app_mobile,FP-653576,11.117.xxx.xxx,aprovada,0,,39,SP
TXN-003726,2024-01-14 23:16:22,CUST-00377,MERCH-0124,marketplace,368.86,TED,internet_banking,FP-935114,234.90.xxx.xxx,aprovada,0,,153,MT
TXN-003727,2024-01-30 02:15:23,CUST-00010,MERCH-0011,utilidades,186.29,PIX,caixa_eletronico,FP-143991,246.180.xxx.xxx,aprovada,0,,397,SP
TXN-003728,2024-01-29 13:49:56,CUST-00384,MERCH-0083,outros,40.79,cartao_credito,internet_banking,FP-923241,88.97.xxx.xxx,recusada,0,,192,MG
TXN-003729,2024-02-02 10:05:03,CUST-00689,MERCH-0020,supermercados,538.99,TED,app_mobile,FP-303409,46.24.xxx.xxx,aprovada,0,,144,DF
TXN-003730,2024-02-24 05:40:17,CUST-00449,MERCH-0195,marketplace,501.54,PIX,app_mobile,FP-510043,241.26.xxx.xxx,aprovada,0,,171,MA
TXN-003731,2024-02-05 15:21:29,CUST-00788,MERCH-0192,postos,71.33,PIX,internet_banking,FP-762694,176.10.xxx.xxx,aprovada,0,,393,SC
TXN-003732,2024-02-19 03:22:50,CUST-00384,MERCH-0076,supermercados,384.33,cartao_debito,app_mobile,FP-807133,27.92.xxx.xxx,aprovada,0,,53,SP
TXN-003733,2024-01-26 09:19:33,CUST-00453,MERCH-0044,utilidades,622.29,cartao_credito,internet_banking,FP-381815,200.156.xxx.xxx,aprovada,0,,54,PR
TXN-003734,2024-02-22 08:57:20,CUST-00340,MERCH-0005,marketplace,54.31,PIX,app_mobile,FP-862275,6.72.xxx.xxx,aprovada,0,,362,PI
TXN-003735,2024-01-15 12:42:22,CUST-00368,MERCH-0147,utilidades,83.51,PIX,app_mobile,FP-138998,149.205.xxx.xxx,aprovada,0,,106,MG
TXN-003736,2024-01-08 04:13:59,CUST-00703,MERCH-0070,restaurantes,398.34,PIX,app_mobile,FP-192965,116.69.xxx.xxx,aprovada,1,1,115,SP
TXN-003737,2024-01-26 16:52:28,CUST-00728,MERCH-0133,farmacias,296.14,PIX,caixa_eletronico,FP-218617,124.41.xxx.xxx,aprovada,0,,47,ES
TXN-003738,2024-02-20 21:38:58,CUST-00653,MERCH-0121,e-commerce,27.78,boleto,internet_banking,FP-806876,93.182.xxx.xxx,aprovada,0,0,70,SP
TXN-003739,2024-02-19 19:10:42,CUST-00165,MERCH-0097,servicos_digitais,518.36,cartao_debito,app_mobile,FP-931457,185.11.xxx.xxx,aprovada,0,,182,PA
TXN-003740,2024-02-23 11:52:15,CUST-00119,MERCH-0099,farmacias,295.14,cartao_credito,internet_banking,FP-772479,15.187.xxx.xxx,aprovada,0,,93,PI
TXN-003741,2024-01-05 23:36:17,CUST-00090,MERCH-0025,restaurantes,250.77,PIX,internet_banking,FP-745733,125.82.xxx.xxx,pendente,0,,70,SP
TXN-003742,2024-02-25 05:15:30,CUST-00607,MERCH-0044,utilidades,1539.55,PIX,app_mobile,FP-829119,122.162.xxx.xxx,aprovada,0,,179,ES
TXN-003743,2024-02-07 16:09:07,CUST-00464,MERCH-0025,marketplace,193.81,cartao_debito,app_mobile,FP-487480,168.19.xxx.xxx,aprovada,0,,295,PI
TXN-003744,2024-02-11 12:50:20,CUST-00599,MERCH-0122,marketplace,238.69,boleto,API,,253.91.xxx.xxx,aprovada,0,,279,SP
TXN-003745,2024-01-06 21:26:22,CUST-00398,MERCH-0149,postos,175.73,cartao_credito,app_mobile,FP-292836,95.58.xxx.xxx,aprovada,0,,166,PR
TXN-003746,2024-01-07 00:16:32,CUST-00583,MERCH-0028,servicos_digitais,486.26,cartao_debito,API,FP-738716,172.87.xxx.xxx,estornada,0,,323,PI
TXN-003747,2024-01-29 08:53:27,CUST-00033,MERCH-0045,e-commerce,97.1,cartao_credito,app_mobile,FP-858959,3.90.xxx.xxx,aprovada,0,,168,AC
TXN-003748,2024-02-02 00:53:51,CUST-00698,MERCH-0169,farmacias,204.15,TED,internet_banking,FP-900981,98.172.xxx.xxx,aprovada,0,,176,MG
TXN-003749,2024-02-09 11:44:11,CUST-00094,MERCH-0022,supermercados,14.52,TED,internet_banking,FP-794148,51.103.xxx.xxx,aprovada,0,,215,RJ
TXN-003750,2024-01-24 10:45:38,CUST-00633,MERCH-0168,restaurantes,147.44,cartao_debito,internet_banking,FP-282866,150.27.xxx.xxx,aprovada,0,,127,RO
TXN-003751,2024-02-28 06:12:54,CUST-00378,MERCH-0096,supermercados,264.34,cartao_credito,API,,205.145.xxx.xxx,recusada,0,,28,SP
TXN-003752,2024-01-24 20:18:35,CUST-00109,MERCH-0061,marketplace,137.21,cartao_debito,app_mobile,FP-679208,162.239.xxx.xxx,aprovada,1,0,58,MG
TXN-003753,2024-02-12 17:58:52,CUST-00781,MERCH-0167,servicos_digitais,330.84,cartao_debito,app_mobile,FP-443607,122.138.xxx.xxx,aprovada,0,,124,MG
TXN-003754,2024-01-06 12:13:35,CUST-00070,MERCH-0061,postos,927.7,cartao_credito,API,,145.19.xxx.xxx,aprovada,0,0,209,RJ
TXN-003755,2024-02-25 02:49:31,CUST-00762,MERCH-0033,outros,2513.95,cartao_debito,internet_banking,FP-732742,64.109.xxx.xxx,pendente,0,,343,RJ
TXN-003756,2024-02-07 13:21:15,CUST-00394,MERCH-0173,supermercados,76.23,PIX,internet_banking,FP-175056,246.58.xxx.xxx,aprovada,0,,174,SP
TXN-003757,2024-02-09 12:43:08,CUST-00089,MERCH-0186,e-commerce,646.8,cartao_debito,app_mobile,FP-324654,133.173.xxx.xxx,aprovada,0,,461,RJ
TXN-003758,2024-02-26 09:19:26,CUST-00464,MERCH-0011,postos,127.1,PIX,app_mobile,FP-270340,82.170.xxx.xxx,aprovada,0,,354,PE
TXN-003759,2024-02-28 08:11:54,CUST-00402,MERCH-0086,farmacias,518.36,PIX,app_mobile,FP-279678,184.112.xxx.xxx,aprovada,0,0,345,PA
TXN-003760,2024-01-26 05:15:54,CUST-00149,MERCH-0151,outros,226.77,boleto,API,,225.199.xxx.xxx,pendente,0,,67,SP
TXN-003761,2024-02-26 20:37:39,CUST-00442,MERCH-0143,postos,21.01,boleto,API,,19.52.xxx.xxx,aprovada,0,,117,RJ
TXN-003762,2024-01-02 21:22:01,CUST-00285,MERCH-0162,marketplace,255.47,PIX,internet_banking,FP-255593,236.55.xxx.xxx,aprovada,0,,147,PR
TXN-003763,2024-02-28 15:57:35,CUST-00647,MERCH-0177,e-commerce,182.5,cartao_credito,app_mobile,FP-132328,54.85.xxx.xxx,aprovada,1,0,313,MG
TXN-003764,2024-02-21 15:29:53,CUST-00158,MERCH-0079,e-commerce,221.88,TED,internet_banking,FP-404681,195.232.xxx.xxx,aprovada,0,0,48,MG
TXN-003765,2024-02-13 21:46:20,CUST-00395,MERCH-0061,servicos_digitais,224.82,TED,app_mobile,FP-500704,31.233.xxx.xxx,aprovada,0,,354,MG
TXN-003766,2024-01-22 07:41:49,CUST-00038,MERCH-0153,e-commerce,63.71,TED,internet_banking,FP-918387,65.104.xxx.xxx,aprovada,0,,142,SP
TXN-003767,2024-02-17 20:54:11,CUST-00134,MERCH-0075,marketplace,123.33,cartao_debito,internet_banking,FP-383706,5.59.xxx.xxx,aprovada,0,0,78,MG
TXN-003768,2024-02-29 08:49:45,CUST-00115,MERCH-0041,e-commerce,31.67,cartao_debito,app_mobile,,157.152.xxx.xxx,aprovada,0,,200,RJ
TXN-003769,2024-02-26 15:52:52,CUST-00643,MERCH-0049,e-commerce,537.2,PIX,API,,107.157.xxx.xxx,recusada,0,0,698,ES
TXN-003770,2024-01-26 13:15:02,CUST-00279,MERCH-0092,e-commerce,56.41,cartao_credito,app_mobile,FP-720201,226.240.xxx.xxx,aprovada,0,,146,PR
TXN-003771,2024-02-10 13:34:13,CUST-00008,MERCH-0113,restaurantes,149.35,cartao_credito,caixa_eletronico,FP-320745,161.132.xxx.xxx,pendente,0,,86,RJ
TXN-003772,2024-01-01 16:42:25,CUST-00218,MERCH-0154,farmacias,75.05,PIX,API,,57.229.xxx.xxx,aprovada,0,,51,MG
TXN-003773,2024-01-16 02:30:47,CUST-00792,MERCH-0192,viagens,300.04,cartao_credito,app_mobile,FP-561972,27.104.xxx.xxx,pendente,0,,76,PR
TXN-003774,2024-01-23 21:01:13,CUST-00457,MERCH-0113,outros,207.43,PIX,internet_banking,FP-355901,90.190.xxx.xxx,pendente,0,,186,AC
TXN-003775,2024-02-15 00:31:19,CUST-00390,MERCH-0056,viagens,16.09,PIX,internet_banking,FP-689862,248.57.xxx.xxx,aprovada,0,,51,TO
TXN-003776,2024-02-20 02:30:25,CUST-00448,MERCH-0087,postos,2098.59,PIX,internet_banking,FP-970503,190.113.xxx.xxx,aprovada,0,,44,ES
TXN-003777,2024-01-19 20:58:11,CUST-00078,MERCH-0127,postos,1349.07,cartao_debito,internet_banking,FP-435737,7.84.xxx.xxx,pendente,0,,296,PR
TXN-003778,2024-01-01 17:11:25,CUST-00617,MERCH-0093,servicos_digitais,291.63,PIX,app_mobile,FP-686108,239.117.xxx.xxx,aprovada,0,,135,RS
TXN-003779,2024-02-19 03:03:26,CUST-00042,MERCH-0121,utilidades,629.41,boleto,internet_banking,FP-566633,43.122.xxx.xxx,aprovada,0,,354,RJ
TXN-003780,2024-02-11 16:02:37,CUST-00107,MERCH-0122,e-commerce,140.53,PIX,internet_banking,FP-291510,179.239.xxx.xxx,aprovada,0,0,786,PI
TXN-003781,2024-02-23 23:18:58,CUST-00082,MERCH-0130,servicos_digitais,658.88,PIX,internet_banking,FP-303555,55.146.xxx.xxx,aprovada,0,,24,RJ
TXN-003782,2024-01-11 05:40:00,CUST-00776,MERCH-0123,servicos_digitais,342.25,PIX,app_mobile,FP-333175,227.108.xxx.xxx,aprovada,0,,486,RJ
TXN-003783,2024-02-27 17:05:41,CUST-00019,MERCH-0163,restaurantes,26.59,TED,app_mobile,FP-409431,128.226.xxx.xxx,aprovada,0,0,111,RJ
TXN-003784,2024-02-28 18:45:28,CUST-00572,MERCH-0031,supermercados,542.04,TED,internet_banking,FP-231596,245.156.xxx.xxx,aprovada,0,,128,AC
TXN-003785,2024-02-08 07:30:20,CUST-00197,MERCH-0183,utilidades,657.96,cartao_debito,API,,194.181.xxx.xxx,aprovada,0,,278,RJ
TXN-003786,2024-01-20 06:14:12,CUST-00783,MERCH-0125,e-commerce,635.12,PIX,internet_banking,FP-871344,225.70.xxx.xxx,aprovada,0,,195,RO
TXN-003787,2024-01-19 23:29:25,CUST-00413,MERCH-0124,servicos_digitais,68.52,cartao_credito,internet_banking,FP-306569,248.100.xxx.xxx,aprovada,0,,382,PI
TXN-003788,2024-01-27 05:31:17,CUST-00265,MERCH-0028,supermercados,359.1,cartao_debito,internet_banking,FP-621351,96.198.xxx.xxx,pendente,0,,151,RN
TXN-003789,2024-01-08 21:52:51,CUST-00564,MERCH-0185,postos,24.4,PIX,app_mobile,FP-814889,42.218.xxx.xxx,recusada,0,,172,SP
TXN-003790,2024-02-03 00:09:01,CUST-00584,MERCH-0164,outros,559.24,TED,app_mobile,FP-496973,253.17.xxx.xxx,aprovada,0,,100,DF
TXN-003791,2024-02-10 10:24:15,CUST-00082,MERCH-0187,restaurantes,2231.12,cartao_debito,internet_banking,FP-227629,78.47.xxx.xxx,recusada,0,,374,MG
TXN-003792,2024-01-02 17:41:21,CUST-00333,MERCH-0007,viagens,149.62,cartao_credito,app_mobile,FP-218775,219.13.xxx.xxx,aprovada,0,,88,MS
TXN-003793,2024-02-28 08:38:35,CUST-00441,MERCH-0134,e-commerce,89.92,cartao_debito,app_mobile,FP-156848,28.55.xxx.xxx,pendente,0,,451,RJ
TXN-003794,2024-02-27 03:06:32,CUST-00247,MERCH-0167,restaurantes,155.58,PIX,internet_banking,FP-789606,213.85.xxx.xxx,aprovada,0,,575,RJ
TXN-003795,2024-01-25 06:57:45,CUST-00363,MERCH-0018,outros,51.99,cartao_credito,API,FP-413756,171.105.xxx.xxx,recusada,1,1,741,RJ
TXN-003796,2024-01-03 03:05:26,CUST-00046,MERCH-0025,supermercados,513.75,cartao_credito,internet_banking,FP-239079,160.135.xxx.xxx,aprovada,1,1,277,ES
TXN-003797,2024-01-21 13:37:27,CUST-00496,MERCH-0115,e-commerce,874.62,cartao_credito,internet_banking,FP-320606,73.165.xxx.xxx,pendente,0,,212,MG
TXN-003798,2024-02-27 10:02:30,CUST-00728,MERCH-0015,supermercados,51.47,cartao_debito,app_mobile,FP-300077,189.38.xxx.xxx,aprovada,0,,410,MG
TXN-003799,2024-02-12 07:28:19,CUST-00411,MERCH-0105,viagens,57.04,cartao_credito,app_mobile,FP-919725,72.79.xxx.xxx,aprovada,0,,25,RS
TXN-003800,2024-02-04 16:36:55,CUST-00739,MERCH-0031,supermercados,92.48,PIX,app_mobile,FP-281584,184.71.xxx.xxx,aprovada,0,,144,RS
TXN-003801,2024-02-05 03:12:26,CUST-00789,MERCH-0036,e-commerce,1355.64,PIX,caixa_eletronico,FP-674283,111.221.xxx.xxx,pendente,0,0,308,SC
TXN-003802,2024-01-21 13:39:34,CUST-00274,MERCH-0138,farmacias,137.62,PIX,app_mobile,FP-194119,232.26.xxx.xxx,aprovada,0,,45,GO
TXN-003803,2024-02-17 11:15:05,CUST-00360,MERCH-0165,supermercados,364.88,cartao_credito,app_mobile,FP-304644,215.78.xxx.xxx,aprovada,0,,285,MA
TXN-003804,2024-01-26 06:40:43,CUST-00548,MERCH-0058,postos,4912.93,boleto,internet_banking,FP-865776,47.218.xxx.xxx,aprovada,0,0,300,GO
TXN-003805,2024-02-23 00:03:01,CUST-00011,MERCH-0156,supermercados,42.26,PIX,API,,115.117.xxx.xxx,aprovada,0,,538,MG
TXN-003806,2024-01-12 03:18:46,CUST-00637,MERCH-0146,restaurantes,2316.92,cartao_credito,app_mobile,FP-334990,184.126.xxx.xxx,aprovada,0,,339,BA
TXN-003807,2024-02-27 14:52:24,CUST-00691,MERCH-0114,supermercados,1177.86,cartao_debito,internet_banking,FP-641865,228.202.xxx.xxx,aprovada,0,,509,MA
TXN-003808,2024-01-02 13:54:58,CUST-00278,MERCH-0001,utilidades,104.17,TED,API,FP-749235,84.165.xxx.xxx,aprovada,0,,165,RJ
TXN-003809,2024-02-26 01:36:09,CUST-00007,MERCH-0170,e-commerce,327.89,boleto,app_mobile,FP-432494,144.170.xxx.xxx,aprovada,0,,313,RJ
TXN-003810,2024-02-22 12:54:32,CUST-00704,MERCH-0101,outros,449.54,TED,internet_banking,FP-654604,2.25.xxx.xxx,pendente,0,,104,SP
TXN-003811,2024-01-05 15:41:39,CUST-00444,MERCH-0161,e-commerce,38.36,cartao_debito,app_mobile,FP-739969,176.155.xxx.xxx,aprovada,0,,71,PE
TXN-003812,2024-02-09 09:13:30,CUST-00182,MERCH-0058,outros,243.64,cartao_debito,app_mobile,FP-338563,66.171.xxx.xxx,aprovada,0,,213,SE
TXN-003813,2024-01-31 04:13:58,CUST-00375,MERCH-0003,e-commerce,4758.84,PIX,app_mobile,FP-547099,37.41.xxx.xxx,aprovada,0,,63,PB
TXN-003814,2024-01-23 11:35:21,CUST-00042,MERCH-0009,viagens,421.93,PIX,app_mobile,FP-294179,175.254.xxx.xxx,aprovada,0,,277,RJ
TXN-003815,2024-01-01 16:08:16,CUST-00054,MERCH-0200,viagens,43.85,cartao_credito,app_mobile,FP-247097,220.113.xxx.xxx,aprovada,0,,116,MS
TXN-003816,2024-02-25 17:50:31,CUST-00644,MERCH-0104,restaurantes,365.11,PIX,app_mobile,FP-948730,206.162.xxx.xxx,recusada,0,,204,SP
TXN-003817,2024-02-23 05:05:44,CUST-00521,MERCH-0001,e-commerce,340.25,PIX,API,,239.191.xxx.xxx,aprovada,0,,43,ES
TXN-003818,2024-01-27 07:42:12,CUST-00767,MERCH-0120,marketplace,270.44,cartao_debito,API,,203.59.xxx.xxx,aprovada,0,,329,PR
TXN-003819,2024-01-16 12:53:38,CUST-00701,MERCH-0037,e-commerce,530.0,PIX,app_mobile,FP-811253,148.95.xxx.xxx,aprovada,0,,221,SP
TXN-003820,2024-01-29 07:52:35,CUST-00729,MERCH-0035,marketplace,221.49,cartao_debito,internet_banking,FP-393189,195.204.xxx.xxx,aprovada,0,,77,MG
TXN-003821,2024-02-01 18:11:22,CUST-00026,MERCH-0090,e-commerce,231.7,cartao_debito,internet_banking,FP-922363,153.79.xxx.xxx,aprovada,0,,972,RN
TXN-003822,2024-02-25 15:18:10,CUST-00405,MERCH-0036,farmacias,765.01,TED,app_mobile,FP-574746,3.40.xxx.xxx,aprovada,0,0,548,PI
TXN-003823,2024-02-15 14:50:37,CUST-00337,MERCH-0165,outros,365.74,cartao_debito,app_mobile,FP-574129,97.195.xxx.xxx,aprovada,0,,33,RS
TXN-003824,2024-01-24 08:20:20,CUST-00442,MERCH-0055,servicos_digitais,102.92,PIX,caixa_eletronico,FP-225814,162.107.xxx.xxx,aprovada,0,,318,ES
TXN-003825,2024-02-13 07:19:37,CUST-00622,MERCH-0079,supermercados,410.94,cartao_credito,app_mobile,FP-521042,66.39.xxx.xxx,aprovada,0,0,144,DF
TXN-003826,2024-02-10 13:57:07,CUST-00298,MERCH-0197,e-commerce,253.35,PIX,internet_banking,FP-354131,243.247.xxx.xxx,aprovada,0,,281,RJ
TXN-003827,2024-01-09 03:11:30,CUST-00547,MERCH-0183,servicos_digitais,717.11,cartao_credito,app_mobile,FP-948792,243.75.xxx.xxx,pendente,0,,64,SC
TXN-003828,2024-01-15 10:16:57,CUST-00649,MERCH-0080,marketplace,158.27,PIX,app_mobile,FP-292540,185.202.xxx.xxx,aprovada,0,,342,RJ
TXN-003829,2024-02-09 19:27:56,CUST-00638,MERCH-0022,utilidades,1081.03,TED,app_mobile,FP-268483,131.183.xxx.xxx,aprovada,0,,325,RJ
TXN-003830,2024-01-17 20:49:25,CUST-00398,MERCH-0121,marketplace,104.91,boleto,app_mobile,FP-462231,119.102.xxx.xxx,aprovada,0,,268,RS
TXN-003831,2024-01-31 07:38:18,CUST-00669,MERCH-0154,restaurantes,3075.71,cartao_debito,app_mobile,FP-358910,120.220.xxx.xxx,aprovada,0,,316,RJ
TXN-003832,2024-01-31 22:25:15,CUST-00294,MERCH-0102,farmacias,704.4,PIX,API,,105.22.xxx.xxx,pendente,0,,227,BA
TXN-003833,2024-01-29 12:41:29,CUST-00091,MERCH-0189,servicos_digitais,86.76,TED,internet_banking,FP-500569,23.32.xxx.xxx,aprovada,0,,424,RJ
TXN-003834,2024-02-05 19:09:16,CUST-00483,MERCH-0140,postos,1568.65,PIX,app_mobile,FP-496670,50.233.xxx.xxx,aprovada,0,,292,RN
TXN-003835,2024-02-20 10:39:06,CUST-00583,MERCH-0053,outros,330.12,cartao_credito,API,,247.52.xxx.xxx,aprovada,0,,91,PI
TXN-003836,2024-01-27 13:57:00,CUST-00011,MERCH-0082,utilidades,3716.62,PIX,app_mobile,FP-516645,236.231.xxx.xxx,aprovada,0,,39,SP
TXN-003837,2024-02-04 02:29:18,CUST-00732,MERCH-0125,marketplace,10.49,PIX,app_mobile,FP-597258,129.247.xxx.xxx,pendente,0,,270,SP
TXN-003838,2024-01-25 22:08:03,CUST-00791,MERCH-0148,viagens,504.87,PIX,internet_banking,,213.139.xxx.xxx,aprovada,0,,112,ES
TXN-003839,2024-01-17 10:12:41,CUST-00008,MERCH-0130,servicos_digitais,144.43,PIX,internet_banking,FP-888371,150.125.xxx.xxx,aprovada,0,0,66,SP
TXN-003840,2024-02-21 13:40:21,CUST-00768,MERCH-0095,postos,185.42,cartao_debito,internet_banking,FP-167275,57.65.xxx.xxx,aprovada,0,,42,MG
TXN-003841,2024-01-06 04:39:37,CUST-00738,MERCH-0084,servicos_digitais,2177.79,cartao_credito,app_mobile,FP-678037,71.251.xxx.xxx,aprovada,0,,51,SP
TXN-003842,2024-01-13 00:41:53,CUST-00729,MERCH-0130,marketplace,95.28,PIX,internet_banking,FP-898891,100.247.xxx.xxx,aprovada,0,,55,SP
TXN-003843,2024-01-08 14:00:45,CUST-00100,MERCH-0043,farmacias,172.67,cartao_credito,app_mobile,FP-381192,131.101.xxx.xxx,aprovada,0,,105,ES
TXN-003844,2024-01-17 09:42:38,CUST-00726,MERCH-0144,e-commerce,220.2,cartao_credito,app_mobile,FP-732272,177.115.xxx.xxx,recusada,0,,242,PR
TXN-003845,2024-02-09 18:11:22,CUST-00453,MERCH-0087,utilidades,172.85,PIX,app_mobile,FP-938723,129.213.xxx.xxx,aprovada,0,,144,PR
TXN-003846,2024-01-27 09:30:16,CUST-00576,MERCH-0162,viagens,1730.63,boleto,internet_banking,FP-175237,202.224.xxx.xxx,aprovada,0,,81,MA
TXN-003847,2024-01-20 04:04:48,CUST-00113,MERCH-0176,supermercados,1056.7,TED,app_mobile,,52.209.xxx.xxx,aprovada,0,,73,RJ
TXN-003848,2024-02-11 16:29:00,CUST-00149,MERCH-0090,farmacias,23.54,cartao_credito,caixa_eletronico,FP-639149,192.54.xxx.xxx,aprovada,0,0,69,SP
TXN-003849,2024-01-13 09:27:29,CUST-00729,MERCH-0029,marketplace,170.88,boleto,app_mobile,FP-848990,92.141.xxx.xxx,aprovada,0,,153,RJ
TXN-003850,2024-02-26 16:10:16,CUST-00046,MERCH-0048,marketplace,255.23,cartao_debito,internet_banking,FP-447977,133.214.xxx.xxx,aprovada,0,,98,MG
TXN-003851,2024-02-07 00:01:39,CUST-00569,MERCH-0013,restaurantes,361.56,PIX,app_mobile,FP-209302,158.111.xxx.xxx,aprovada,0,,92,SC
TXN-003852,2024-02-10 16:47:36,CUST-00377,MERCH-0069,viagens,86.13,TED,API,,211.127.xxx.xxx,aprovada,0,,78,DF
TXN-003853,2024-02-22 05:16:56,CUST-00188,MERCH-0097,restaurantes,543.65,cartao_credito,app_mobile,FP-948960,146.92.xxx.xxx,aprovada,0,,32,MG
TXN-003854,2024-02-25 10:23:24,CUST-00366,MERCH-0160,postos,365.29,TED,app_mobile,FP-579243,84.85.xxx.xxx,aprovada,0,,135,SP
TXN-003855,2024-01-13 20:08:43,CUST-00438,MERCH-0014,marketplace,90.72,cartao_debito,app_mobile,FP-641113,231.153.xxx.xxx,aprovada,0,0,85,ES
TXN-003856,2024-02-01 02:53:50,CUST-00671,MERCH-0095,restaurantes,688.19,cartao_debito,app_mobile,FP-707461,115.172.xxx.xxx,aprovada,0,,26,PE
TXN-003857,2024-01-12 00:53:36,CUST-00170,MERCH-0162,utilidades,912.0,cartao_debito,internet_banking,FP-298352,143.147.xxx.xxx,pendente,0,,157,RJ
TXN-003858,2024-02-07 10:26:31,CUST-00224,MERCH-0177,outros,573.7,cartao_debito,app_mobile,FP-504900,195.62.xxx.xxx,aprovada,0,,80,ES
TXN-003859,2024-02-19 00:22:05,CUST-00279,MERCH-0134,utilidades,1491.61,PIX,API,,32.6.xxx.xxx,aprovada,0,,670,SC
TXN-003860,2024-01-27 15:41:58,CUST-00676,MERCH-0086,e-commerce,260.04,TED,API,,143.31.xxx.xxx,aprovada,0,,152,RJ
TXN-003861,2024-01-27 03:07:41,CUST-00228,MERCH-0053,farmacias,157.95,PIX,caixa_eletronico,FP-836446,58.22.xxx.xxx,aprovada,0,,224,PE
TXN-003862,2024-01-31 02:07:19,CUST-00651,MERCH-0129,servicos_digitais,439.79,cartao_debito,app_mobile,FP-152470,133.251.xxx.xxx,aprovada,0,,129,ES
TXN-003863,2024-01-08 22:41:45,CUST-00061,MERCH-0150,restaurantes,1924.94,cartao_debito,internet_banking,FP-903286,209.127.xxx.xxx,aprovada,0,,79,RN
TXN-003864,2024-02-05 01:55:54,CUST-00013,MERCH-0187,servicos_digitais,290.32,cartao_debito,internet_banking,FP-103380,30.231.xxx.xxx,recusada,0,,66,MG
TXN-003865,2024-01-13 03:53:16,CUST-00709,MERCH-0024,marketplace,309.72,cartao_credito,internet_banking,FP-288663,223.212.xxx.xxx,aprovada,0,0,292,AC
TXN-003866,2024-02-04 01:59:33,CUST-00457,MERCH-0198,postos,782.74,boleto,internet_banking,,116.99.xxx.xxx,aprovada,0,,393,TO
TXN-003867,2024-02-07 19:11:33,CUST-00198,MERCH-0066,e-commerce,253.88,cartao_credito,internet_banking,FP-405005,231.60.xxx.xxx,aprovada,1,1,109,PR
TXN-003868,2024-02-26 07:34:29,CUST-00076,MERCH-0028,restaurantes,285.03,PIX,app_mobile,,164.20.xxx.xxx,aprovada,0,,91,RJ
TXN-003869,2024-02-09 02:22:37,CUST-00711,MERCH-0144,e-commerce,167.57,boleto,caixa_eletronico,FP-744296,186.118.xxx.xxx,aprovada,0,,107,TO
TXN-003870,2024-02-28 21:16:56,CUST-00425,MERCH-0107,marketplace,76.04,PIX,app_mobile,FP-372689,87.108.xxx.xxx,aprovada,0,,101,SP
TXN-003871,2024-01-11 12:54:36,CUST-00615,MERCH-0200,e-commerce,26.45,cartao_debito,app_mobile,FP-368098,187.35.xxx.xxx,aprovada,0,,84,PR
TXN-003872,2024-02-18 05:22:08,CUST-00008,MERCH-0196,utilidades,40.76,cartao_credito,app_mobile,FP-771019,93.162.xxx.xxx,aprovada,0,,118,RJ
TXN-003873,2024-02-16 02:36:32,CUST-00025,MERCH-0112,e-commerce,6605.33,cartao_credito,app_mobile,FP-412407,71.112.xxx.xxx,aprovada,0,,229,RJ
TXN-003874,2024-02-21 00:17:21,CUST-00005,MERCH-0022,e-commerce,128.09,boleto,caixa_eletronico,FP-121358,3.67.xxx.xxx,aprovada,0,,901,RJ
TXN-003875,2024-02-21 08:25:27,CUST-00731,MERCH-0068,e-commerce,1047.14,cartao_credito,internet_banking,FP-588997,11.238.xxx.xxx,aprovada,0,0,117,MT
TXN-003876,2024-02-19 20:15:09,CUST-00636,MERCH-0071,e-commerce,259.69,cartao_credito,internet_banking,FP-592342,111.175.xxx.xxx,aprovada,0,0,155,RJ
TXN-003877,2024-02-20 00:21:40,CUST-00600,MERCH-0136,servicos_digitais,158.39,cartao_credito,app_mobile,FP-241077,52.143.xxx.xxx,aprovada,0,,68,RJ
TXN-003878,2024-01-09 08:09:01,CUST-00607,MERCH-0181,e-commerce,166.3,TED,app_mobile,FP-174386,179.162.xxx.xxx,aprovada,0,,159,SP
TXN-003879,2024-01-10 12:16:59,CUST-00176,MERCH-0198,outros,223.35,TED,app_mobile,FP-226199,135.122.xxx.xxx,recusada,0,,365,RJ
TXN-003880,2024-02-16 01:15:13,CUST-00097,MERCH-0165,restaurantes,292.64,cartao_debito,API,,12.150.xxx.xxx,aprovada,0,,219,DF
TXN-003881,2024-02-23 05:48:31,CUST-00618,MERCH-0100,outros,1470.86,cartao_debito,app_mobile,FP-862325,14.138.xxx.xxx,aprovada,0,0,47,RJ
TXN-003882,2024-02-11 20:34:22,CUST-00126,MERCH-0103,postos,317.55,PIX,app_mobile,FP-672822,75.134.xxx.xxx,aprovada,0,,23,RJ
TXN-003883,2024-01-27 02:02:06,CUST-00316,MERCH-0193,supermercados,410.7,PIX,API,FP-406137,232.237.xxx.xxx,recusada,0,,68,RO
TXN-003884,2024-02-25 03:57:33,CUST-00052,MERCH-0061,restaurantes,130.49,cartao_debito,API,,199.215.xxx.xxx,aprovada,0,,113,MG
TXN-003885,2024-02-07 01:13:55,CUST-00230,MERCH-0096,marketplace,130.27,cartao_debito,internet_banking,FP-995208,161.220.xxx.xxx,pendente,0,,739,RO
TXN-003886,2024-01-08 21:48:36,CUST-00033,MERCH-0128,marketplace,80.4,PIX,internet_banking,FP-990051,38.11.xxx.xxx,recusada,0,0,56,RR
TXN-003887,2024-01-21 03:33:51,CUST-00291,MERCH-0128,e-commerce,368.95,PIX,internet_banking,FP-959234,249.48.xxx.xxx,pendente,0,,141,ES
TXN-003888,2024-01-09 19:06:41,CUST-00019,MERCH-0143,e-commerce,98.19,cartao_credito,app_mobile,FP-115947,157.82.xxx.xxx,recusada,0,,89,RJ
TXN-003889,2024-02-29 11:35:52,CUST-00347,MERCH-0099,viagens,66.26,TED,app_mobile,FP-449881,109.236.xxx.xxx,aprovada,0,,1238,MG
TXN-003890,2024-02-12 06:50:56,CUST-00702,MERCH-0042,supermercados,79.25,boleto,app_mobile,FP-770534,41.163.xxx.xxx,aprovada,0,,197,PB
TXN-003891,2024-01-05 01:25:13,CUST-00531,MERCH-0117,restaurantes,224.14,boleto,app_mobile,FP-749611,132.227.xxx.xxx,aprovada,0,,612,RS
TXN-003892,2024-02-10 03:55:19,CUST-00311,MERCH-0054,supermercados,2281.5,TED,internet_banking,FP-651953,56.122.xxx.xxx,aprovada,0,,113,BA
TXN-003893,2024-02-17 06:05:16,CUST-00205,MERCH-0153,farmacias,54.5,TED,app_mobile,FP-291669,244.0.xxx.xxx,aprovada,0,,220,TO
TXN-003894,2024-02-17 20:23:21,CUST-00298,MERCH-0096,restaurantes,204.25,cartao_credito,app_mobile,FP-898086,157.99.xxx.xxx,aprovada,0,,353,MG
TXN-003895,2024-01-16 15:38:59,CUST-00553,MERCH-0008,postos,64.01,cartao_debito,API,,56.143.xxx.xxx,aprovada,0,,69,MG
TXN-003896,2024-02-15 21:24:10,CUST-00551,MERCH-0174,supermercados,107.58,cartao_debito,app_mobile,FP-483899,69.108.xxx.xxx,recusada,0,,181,SP
TXN-003897,2024-01-01 02:43:34,CUST-00762,MERCH-0142,restaurantes,206.94,TED,API,,137.131.xxx.xxx,pendente,0,0,151,SP
TXN-003898,2024-01-31 08:23:28,CUST-00040,MERCH-0175,restaurantes,7.75,PIX,internet_banking,FP-842664,21.166.xxx.xxx,recusada,0,,246,SP
TXN-003899,2024-02-11 15:14:08,CUST-00003,MERCH-0063,postos,124.69,cartao_credito,internet_banking,FP-928766,163.70.xxx.xxx,aprovada,0,,95,PB
TXN-003900,2024-02-29 11:37:56,CUST-00137,MERCH-0194,restaurantes,611.99,cartao_credito,app_mobile,FP-453130,233.42.xxx.xxx,recusada,0,,65,RJ
TXN-003901,2024-02-14 04:35:33,CUST-00348,MERCH-0102,marketplace,503.39,cartao_debito,caixa_eletronico,FP-330390,180.60.xxx.xxx,pendente,1,1,259,RJ
TXN-003902,2024-02-02 06:34:30,CUST-00588,MERCH-0174,servicos_digitais,74.54,PIX,caixa_eletronico,FP-164095,167.15.xxx.xxx,aprovada,0,,90,SP
TXN-003903,2024-01-21 15:10:28,CUST-00378,MERCH-0107,marketplace,364.04,TED,app_mobile,FP-626626,7.97.xxx.xxx,recusada,1,,212,MG
TXN-003904,2024-02-26 22:37:38,CUST-00179,MERCH-0182,servicos_digitais,84.59,cartao_credito,app_mobile,FP-677225,149.226.xxx.xxx,aprovada,0,,126,PR
TXN-003905,2024-01-19 08:04:04,CUST-00121,MERCH-0152,supermercados,276.78,cartao_credito,API,,232.160.xxx.xxx,aprovada,0,,59,RJ
TXN-003906,2024-02-06 14:31:31,CUST-00462,MERCH-0095,servicos_digitais,1525.99,cartao_debito,app_mobile,FP-381753,32.238.xxx.xxx,aprovada,0,,375,ES
TXN-003907,2024-02-27 20:30:51,CUST-00613,MERCH-0200,e-commerce,20.73,TED,app_mobile,,130.112.xxx.xxx,aprovada,0,0,534,ES
TXN-003908,2024-02-27 01:40:54,CUST-00318,MERCH-0162,servicos_digitais,50.24,PIX,app_mobile,FP-788466,124.3.xxx.xxx,aprovada,0,,118,PA
TXN-003909,2024-01-27 06:30:11,CUST-00414,MERCH-0088,marketplace,428.7,cartao_credito,internet_banking,FP-605222,70.125.xxx.xxx,aprovada,0,,152,BA
TXN-003910,2024-01-30 16:30:16,CUST-00229,MERCH-0042,utilidades,1010.1,cartao_debito,app_mobile,FP-541654,123.159.xxx.xxx,aprovada,0,,161,MG
TXN-003911,2024-02-15 04:12:38,CUST-00009,MERCH-0111,e-commerce,1819.31,boleto,app_mobile,FP-392858,218.140.xxx.xxx,recusada,0,,153,AL
TXN-003912,2024-01-23 12:43:09,CUST-00223,MERCH-0186,viagens,75.34,cartao_credito,API,,82.57.xxx.xxx,aprovada,0,,50,MS
TXN-003913,2024-02-28 04:41:25,CUST-00474,MERCH-0098,postos,1374.53,PIX,app_mobile,FP-800928,195.170.xxx.xxx,aprovada,0,,137,TO
TXN-003914,2024-01-21 03:00:21,CUST-00544,MERCH-0093,restaurantes,1188.88,cartao_credito,internet_banking,FP-441718,66.78.xxx.xxx,recusada,0,,85,AL
TXN-003915,2024-01-29 10:12:13,CUST-00377,MERCH-0119,e-commerce,262.05,cartao_credito,app_mobile,FP-372433,69.187.xxx.xxx,recusada,0,,280,DF
TXN-003916,2024-02-22 03:26:51,CUST-00303,MERCH-0111,e-commerce,1623.52,TED,app_mobile,,36.125.xxx.xxx,aprovada,1,1,136,PB
TXN-003917,2024-01-13 08:31:00,CUST-00522,MERCH-0135,marketplace,29.12,TED,app_mobile,FP-786885,205.134.xxx.xxx,aprovada,0,,48,RJ
TXN-003918,2024-02-12 12:47:45,CUST-00663,MERCH-0137,outros,207.85,boleto,caixa_eletronico,FP-649080,219.59.xxx.xxx,aprovada,0,,160,MS
TXN-003919,2024-01-29 10:19:36,CUST-00585,MERCH-0161,marketplace,650.39,PIX,app_mobile,FP-785452,140.240.xxx.xxx,recusada,0,,173,SC
TXN-003920,2024-01-06 05:10:54,CUST-00383,MERCH-0024,e-commerce,251.45,PIX,internet_banking,FP-390260,136.145.xxx.xxx,aprovada,0,,175,MG
TXN-003921,2024-02-27 01:18:58,CUST-00232,MERCH-0010,e-commerce,315.1,PIX,app_mobile,FP-956539,63.68.xxx.xxx,recusada,0,,399,SP
TXN-003922,2024-02-14 23:33:35,CUST-00194,MERCH-0179,supermercados,29.06,cartao_credito,caixa_eletronico,FP-409122,155.173.xxx.xxx,aprovada,0,,130,BA
TXN-003923,2024-01-29 23:58:30,CUST-00555,MERCH-0051,utilidades,126.83,PIX,internet_banking,FP-506113,115.182.xxx.xxx,aprovada,0,,242,ES
TXN-003924,2024-02-15 23:36:24,CUST-00341,MERCH-0002,marketplace,75.64,cartao_credito,app_mobile,FP-491912,95.72.xxx.xxx,recusada,0,,68,SP
TXN-003925,2024-01-01 18:00:57,CUST-00573,MERCH-0001,marketplace,722.8,cartao_credito,API,,207.249.xxx.xxx,aprovada,0,,156,SE
TXN-003926,2024-02-05 03:51:43,CUST-00543,MERCH-0043,postos,479.72,cartao_credito,caixa_eletronico,FP-470942,165.251.xxx.xxx,aprovada,0,,98,MG
TXN-003927,2024-02-12 21:42:38,CUST-00055,MERCH-0012,farmacias,129.66,PIX,app_mobile,FP-734039,67.238.xxx.xxx,estornada,0,,118,SP
TXN-003928,2024-02-29 23:14:41,CUST-00497,MERCH-0034,restaurantes,80.68,boleto,internet_banking,FP-991769,253.240.xxx.xxx,aprovada,0,,42,PE
TXN-003929,2024-02-24 00:19:04,CUST-00613,MERCH-0027,supermercados,119.26,boleto,API,,67.160.xxx.xxx,aprovada,0,,215,SP
TXN-003930,2024-01-03 17:40:38,CUST-00590,MERCH-0156,marketplace,583.28,PIX,caixa_eletronico,FP-464350,208.15.xxx.xxx,aprovada,0,,43,RS
TXN-003931,2024-01-14 06:32:03,CUST-00265,MERCH-0060,outros,573.42,PIX,app_mobile,FP-591413,100.8.xxx.xxx,aprovada,0,,338,MA
TXN-003932,2024-01-23 10:18:15,CUST-00129,MERCH-0066,outros,380.73,PIX,app_mobile,FP-607218,105.58.xxx.xxx,aprovada,0,,81,RS
TXN-003933,2024-01-26 13:09:25,CUST-00088,MERCH-0155,restaurantes,400.08,cartao_credito,internet_banking,FP-223300,32.217.xxx.xxx,aprovada,0,,141,TO
TXN-003934,2024-01-21 19:33:03,CUST-00655,MERCH-0064,marketplace,517.21,boleto,app_mobile,FP-595911,63.79.xxx.xxx,aprovada,0,,142,TO
TXN-003935,2024-01-31 09:54:15,CUST-00511,MERCH-0010,servicos_digitais,251.93,PIX,API,,174.172.xxx.xxx,recusada,0,,520,RJ
TXN-003936,2024-02-15 07:03:38,CUST-00465,MERCH-0097,utilidades,100.14,boleto,API,FP-869437,81.62.xxx.xxx,aprovada,0,,142,MG
TXN-003937,2024-02-21 12:56:06,CUST-00531,MERCH-0150,servicos_digitais,114.66,PIX,app_mobile,FP-217409,196.205.xxx.xxx,aprovada,0,,67,PR
TXN-003938,2024-01-26 23:59:38,CUST-00363,MERCH-0006,e-commerce,152.18,PIX,internet_banking,FP-985841,195.147.xxx.xxx,aprovada,0,0,66,SP
TXN-003939,2024-02-14 06:12:56,CUST-00764,MERCH-0011,supermercados,102.42,PIX,app_mobile,FP-258348,193.118.xxx.xxx,aprovada,0,,64,RS
TXN-003940,2024-01-16 23:04:49,CUST-00784,MERCH-0143,e-commerce,56.53,cartao_credito,app_mobile,FP-884836,195.99.xxx.xxx,aprovada,0,,386,ES
TXN-003941,2024-01-02 17:28:09,CUST-00318,MERCH-0071,supermercados,250.89,cartao_credito,app_mobile,FP-547779,201.142.xxx.xxx,aprovada,0,,157,PA
TXN-003942,2024-01-16 19:43:54,CUST-00103,MERCH-0147,e-commerce,237.34,PIX,app_mobile,FP-889392,87.227.xxx.xxx,aprovada,0,,589,RS
TXN-003943,2024-01-04 18:49:35,CUST-00380,MERCH-0110,e-commerce,88.13,cartao_credito,app_mobile,FP-777878,186.6.xxx.xxx,pendente,0,,48,ES
TXN-003944,2024-02-21 07:59:26,CUST-00607,MERCH-0136,e-commerce,816.51,cartao_credito,API,,153.129.xxx.xxx,aprovada,0,,53,RJ
TXN-003945,2024-01-25 15:30:11,CUST-00704,MERCH-0020,viagens,584.64,cartao_credito,internet_banking,FP-860939,59.14.xxx.xxx,aprovada,0,,138,MG
TXN-003946,2024-01-19 13:57:37,CUST-00525,MERCH-0104,postos,17.39,PIX,internet_banking,FP-181714,3.221.xxx.xxx,recusada,0,1,2011,ES
TXN-003947,2024-02-08 07:25:14,CUST-00175,MERCH-0133,restaurantes,627.64,PIX,caixa_eletronico,FP-689698,105.146.xxx.xxx,aprovada,0,,132,GO
TXN-003948,2024-02-01 18:32:11,CUST-00744,MERCH-0187,marketplace,241.28,TED,app_mobile,FP-946589,190.222.xxx.xxx,pendente,0,,388,ES
TXN-003949,2024-02-29 06:27:47,CUST-00061,MERCH-0033,supermercados,519.67,cartao_credito,app_mobile,FP-764520,121.18.xxx.xxx,aprovada,0,,288,PB
TXN-003950,2024-02-11 17:01:11,CUST-00637,MERCH-0149,farmacias,103.42,PIX,app_mobile,FP-305119,27.159.xxx.xxx,aprovada,1,1,329,RN
TXN-003951,2024-02-20 04:00:47,CUST-00782,MERCH-0028,servicos_digitais,484.94,PIX,internet_banking,FP-272307,168.72.xxx.xxx,aprovada,0,,257,AL
TXN-003952,2024-02-09 06:31:17,CUST-00012,MERCH-0061,marketplace,284.66,TED,app_mobile,FP-252789,75.85.xxx.xxx,aprovada,0,,56,MS
TXN-003953,2024-02-08 12:32:19,CUST-00250,MERCH-0043,servicos_digitais,922.32,PIX,app_mobile,FP-785448,5.165.xxx.xxx,estornada,0,,63,RJ
TXN-003954,2024-01-24 11:49:31,CUST-00366,MERCH-0087,postos,39.3,cartao_credito,internet_banking,FP-939857,33.55.xxx.xxx,aprovada,0,,114,SP
TXN-003955,2024-02-25 13:11:57,CUST-00091,MERCH-0104,marketplace,387.52,TED,app_mobile,FP-476792,162.156.xxx.xxx,aprovada,0,,269,RJ
TXN-003956,2024-02-02 11:53:32,CUST-00379,MERCH-0143,farmacias,19.87,cartao_credito,API,,71.113.xxx.xxx,pendente,0,,490,ES
TXN-003957,2024-01-10 10:37:03,CUST-00420,MERCH-0051,supermercados,253.74,cartao_debito,API,,253.37.xxx.xxx,aprovada,1,1,193,PB
TXN-003958,2024-01-28 09:29:36,CUST-00100,MERCH-0073,servicos_digitais,662.83,cartao_credito,app_mobile,FP-910143,70.31.xxx.xxx,aprovada,0,,42,ES
TXN-003959,2024-01-07 00:55:23,CUST-00021,MERCH-0069,viagens,225.22,TED,app_mobile,FP-789044,30.4.xxx.xxx,aprovada,0,,956,SC
TXN-003960,2024-01-04 20:54:28,CUST-00360,MERCH-0102,utilidades,204.71,cartao_credito,app_mobile,FP-536567,19.40.xxx.xxx,aprovada,0,,135,PE
TXN-003961,2024-01-24 07:21:42,CUST-00644,MERCH-0200,farmacias,107.34,cartao_credito,internet_banking,FP-774836,192.162.xxx.xxx,estornada,0,,368,SP
TXN-003962,2024-02-19 00:34:01,CUST-00071,MERCH-0190,marketplace,1268.12,cartao_credito,app_mobile,FP-672659,69.117.xxx.xxx,aprovada,0,,93,RR
TXN-003963,2024-02-09 04:43:22,CUST-00780,MERCH-0175,marketplace,538.27,cartao_credito,internet_banking,FP-483599,203.78.xxx.xxx,pendente,0,,117,PR
TXN-003964,2024-01-04 16:36:49,CUST-00233,MERCH-0051,outros,921.22,TED,caixa_eletronico,,222.192.xxx.xxx,aprovada,0,,23,RJ
TXN-003965,2024-01-18 16:39:12,CUST-00264,MERCH-0116,utilidades,1166.21,PIX,internet_banking,FP-246138,31.224.xxx.xxx,pendente,0,,628,ES
TXN-003966,2024-02-23 22:56:19,CUST-00687,MERCH-0197,restaurantes,81.13,TED,caixa_eletronico,FP-657711,246.142.xxx.xxx,aprovada,0,,405,RJ
TXN-003967,2024-02-03 16:40:26,CUST-00004,MERCH-0020,supermercados,954.85,TED,app_mobile,FP-286688,230.60.xxx.xxx,aprovada,0,,509,ES
TXN-003968,2024-02-16 14:38:56,CUST-00530,MERCH-0184,servicos_digitais,198.7,cartao_debito,caixa_eletronico,FP-950762,127.70.xxx.xxx,aprovada,0,,58,ES
TXN-003969,2024-02-03 12:21:43,CUST-00681,MERCH-0100,viagens,31.59,cartao_debito,app_mobile,FP-672399,3.59.xxx.xxx,aprovada,0,,23,RJ
TXN-003970,2024-02-29 19:40:16,CUST-00557,MERCH-0170,supermercados,63.34,PIX,app_mobile,FP-777347,157.57.xxx.xxx,aprovada,0,,91,RS
TXN-003971,2024-01-30 12:42:43,CUST-00359,MERCH-0087,utilidades,344.02,PIX,internet_banking,FP-353832,222.176.xxx.xxx,aprovada,0,,156,RS
TXN-003972,2024-02-27 11:00:08,CUST-00424,MERCH-0077,restaurantes,41.02,cartao_credito,internet_banking,FP-626636,14.130.xxx.xxx,aprovada,0,0,242,MS
TXN-003973,2024-02-21 21:16:53,CUST-00724,MERCH-0013,marketplace,1939.44,cartao_credito,internet_banking,FP-214766,18.214.xxx.xxx,aprovada,0,,491,ES
TXN-003974,2024-01-30 01:13:37,CUST-00722,MERCH-0063,servicos_digitais,951.15,PIX,app_mobile,FP-112988,130.184.xxx.xxx,aprovada,0,,45,ES
TXN-003975,2024-02-24 10:14:09,CUST-00398,MERCH-0097,e-commerce,21.43,PIX,internet_banking,FP-558944,107.65.xxx.xxx,aprovada,0,,83,SC
TXN-003976,2024-01-06 12:22:47,CUST-00175,MERCH-0060,marketplace,134.1,cartao_debito,app_mobile,FP-339524,157.46.xxx.xxx,aprovada,0,,207,DF
TXN-003977,2024-02-13 13:48:03,CUST-00205,MERCH-0062,postos,59.36,PIX,internet_banking,FP-191199,63.232.xxx.xxx,aprovada,0,,152,AM
TXN-003978,2024-02-16 08:26:27,CUST-00248,MERCH-0005,e-commerce,1155.77,cartao_credito,app_mobile,FP-389990,198.65.xxx.xxx,aprovada,0,,68,RJ
TXN-003979,2024-02-21 16:49:08,CUST-00438,MERCH-0005,marketplace,2356.45,cartao_credito,internet_banking,FP-112632,169.251.xxx.xxx,aprovada,0,,198,SP
TXN-003980,2024-01-22 18:19:55,CUST-00384,MERCH-0019,outros,134.15,cartao_credito,internet_banking,FP-153621,25.110.xxx.xxx,recusada,0,0,226,SP
TXN-003981,2024-01-28 09:46:12,CUST-00175,MERCH-0077,farmacias,1304.42,cartao_credito,internet_banking,FP-962501,199.158.xxx.xxx,aprovada,0,,110,MS
TXN-003982,2024-02-05 15:13:01,CUST-00694,MERCH-0176,e-commerce,124.6,PIX,internet_banking,FP-831007,205.217.xxx.xxx,aprovada,0,,64,ES
TXN-003983,2024-02-03 22:19:54,CUST-00479,MERCH-0135,viagens,216.98,PIX,app_mobile,FP-846734,220.212.xxx.xxx,aprovada,0,1,234,DF
TXN-003984,2024-02-11 19:57:13,CUST-00544,MERCH-0054,restaurantes,662.42,cartao_credito,internet_banking,FP-776665,185.174.xxx.xxx,pendente,0,,122,RN
TXN-003985,2024-02-24 03:09:24,CUST-00369,MERCH-0011,utilidades,1489.58,cartao_debito,internet_banking,FP-260525,241.187.xxx.xxx,pendente,0,,120,BA
TXN-003986,2024-02-26 04:38:09,CUST-00646,MERCH-0186,marketplace,728.41,PIX,internet_banking,FP-554415,172.174.xxx.xxx,aprovada,1,0,120,SP
TXN-003987,2024-01-21 16:34:55,CUST-00489,MERCH-0156,farmacias,99.96,TED,app_mobile,FP-355126,109.131.xxx.xxx,estornada,0,,65,MT
TXN-003988,2024-01-16 23:48:16,CUST-00071,MERCH-0144,viagens,181.57,TED,internet_banking,FP-313699,63.53.xxx.xxx,aprovada,0,,49,AC
TXN-003989,2024-02-01 21:12:51,CUST-00070,MERCH-0011,restaurantes,254.38,PIX,app_mobile,,42.30.xxx.xxx,estornada,0,,257,SP
TXN-003990,2024-02-06 13:26:19,CUST-00413,MERCH-0028,marketplace,397.0,TED,app_mobile,FP-715137,152.204.xxx.xxx,aprovada,0,,56,RN
TXN-003991,2024-02-17 22:29:44,CUST-00279,MERCH-0016,e-commerce,404.48,PIX,app_mobile,FP-795895,203.198.xxx.xxx,aprovada,1,1,471,SC
TXN-003992,2024-02-29 19:48:00,CUST-00565,MERCH-0065,e-commerce,24.67,cartao_credito,app_mobile,FP-195788,186.71.xxx.xxx,recusada,0,,56,MG
TXN-003993,2024-02-16 06:48:03,CUST-00415,MERCH-0011,outros,3843.08,boleto,app_mobile,FP-176080,121.129.xxx.xxx,aprovada,0,,64,SP
TXN-003994,2024-01-07 11:28:25,CUST-00484,MERCH-0114,marketplace,790.46,TED,app_mobile,FP-499267,65.230.xxx.xxx,aprovada,0,,401,ES
TXN-003995,2024-01-04 18:39:53,CUST-00653,MERCH-0006,viagens,0.0,PIX,internet_banking,FP-354343,52.20.xxx.xxx,aprovada,0,0,77,MG
TXN-003996,2024-02-24 07:12:28,CUST-00061,MERCH-0096,restaurantes,51.36,PIX,caixa_eletronico,FP-315138,155.178.xxx.xxx,aprovada,0,,166,BA
TXN-003997,2024-02-07 06:58:55,CUST-00532,MERCH-0177,outros,297.41,PIX,app_mobile,FP-795043,41.136.xxx.xxx,aprovada,0,,211,RJ
TXN-003998,2024-02-20 08:36:49,CUST-00191,MERCH-0011,supermercados,79.65,cartao_credito,app_mobile,FP-787851,194.96.xxx.xxx,recusada,0,,106,RJ
TXN-003999,2024-02-11 13:17:59,CUST-00470,MERCH-0064,outros,225.58,cartao_debito,caixa_eletronico,FP-135258,182.203.xxx.xxx,aprovada,0,,184,ES
TXN-004000,2024-02-16 11:03:52,CUST-00088,MERCH-0188,outros,1167.88,cartao_credito,app_mobile,FP-235193,79.131.xxx.xxx,recusada,0,,89,RR
TXN-004001,2024-02-29 20:35:13,CUST-00203,MERCH-0098,restaurantes,334.9,cartao_debito,API,,75.225.xxx.xxx,aprovada,0,,319,SC
TXN-004002,2024-01-24 23:14:27,CUST-00185,MERCH-0030,outros,868.9,cartao_credito,app_mobile,FP-723827,206.98.xxx.xxx,recusada,0,,271,RJ
TXN-004003,2024-01-02 07:58:16,CUST-00254,MERCH-0049,farmacias,158.14,cartao_credito,internet_banking,FP-949639,66.219.xxx.xxx,aprovada,0,,94,SC
TXN-004004,2024-02-04 11:40:57,CUST-00286,MERCH-0154,e-commerce,771.8,cartao_debito,internet_banking,FP-908583,33.123.xxx.xxx,aprovada,0,,143,SP
TXN-004005,2024-02-09 01:38:34,CUST-00693,MERCH-0040,marketplace,261.59,TED,internet_banking,FP-256696,78.117.xxx.xxx,aprovada,0,,187,MS
TXN-004006,2024-01-19 05:44:51,CUST-00573,MERCH-0101,restaurantes,676.27,cartao_debito,app_mobile,FP-619406,241.65.xxx.xxx,aprovada,0,,142,RN
TXN-004007,2024-02-12 23:17:18,CUST-00611,MERCH-0033,utilidades,75.43,PIX,internet_banking,FP-690380,253.237.xxx.xxx,estornada,0,,182,MT
TXN-004008,2024-01-19 10:45:10,CUST-00529,MERCH-0188,restaurantes,107.14,boleto,app_mobile,FP-705603,24.108.xxx.xxx,aprovada,0,,142,RJ
TXN-004009,2024-02-21 22:08:48,CUST-00419,MERCH-0180,utilidades,293.88,cartao_credito,internet_banking,FP-859841,63.136.xxx.xxx,aprovada,0,,315,SP
TXN-004010,2024-01-05 17:49:44,CUST-00480,MERCH-0175,viagens,257.49,TED,app_mobile,FP-398544,127.43.xxx.xxx,aprovada,0,,194,RJ
TXN-004011,2024-01-11 15:29:13,CUST-00033,MERCH-0067,e-commerce,874.91,cartao_debito,internet_banking,FP-803408,170.6.xxx.xxx,aprovada,0,,239,AM
TXN-004012,2024-01-27 09:09:52,CUST-00701,MERCH-0145,servicos_digitais,365.31,PIX,app_mobile,FP-729895,106.167.xxx.xxx,pendente,0,,630,SP
TXN-004013,2024-02-01 16:40:04,CUST-00526,MERCH-0119,e-commerce,239.92,cartao_credito,app_mobile,FP-631625,139.124.xxx.xxx,recusada,0,,176,RN
TXN-004014,2024-02-23 01:45:35,CUST-00620,MERCH-0183,servicos_digitais,2089.68,PIX,app_mobile,FP-269383,71.69.xxx.xxx,aprovada,0,,1237,AL
TXN-004015,2024-01-04 07:32:05,CUST-00765,MERCH-0124,supermercados,228.16,PIX,caixa_eletronico,FP-957359,73.85.xxx.xxx,recusada,0,,128,RJ
TXN-004016,2024-01-27 15:04:13,CUST-00281,MERCH-0088,marketplace,1013.61,cartao_credito,app_mobile,FP-897207,151.65.xxx.xxx,aprovada,0,,222,SE
TXN-004017,2024-01-14 00:26:08,CUST-00694,MERCH-0096,marketplace,207.69,TED,app_mobile,FP-330388,211.68.xxx.xxx,aprovada,0,,135,SP
TXN-004018,2024-02-14 08:03:53,CUST-00564,MERCH-0032,marketplace,114.87,PIX,API,,233.247.xxx.xxx,aprovada,0,,116,ES
TXN-004019,2024-02-09 00:35:47,CUST-00180,MERCH-0108,servicos_digitais,372.7,cartao_debito,app_mobile,FP-982765,102.170.xxx.xxx,aprovada,0,,26,GO
TXN-004020,2024-02-29 09:01:22,CUST-00339,MERCH-0005,marketplace,230.0,cartao_credito,internet_banking,FP-807148,248.89.xxx.xxx,aprovada,0,0,123,GO
TXN-004021,2024-01-08 22:29:45,CUST-00525,MERCH-0071,e-commerce,185.91,cartao_debito,API,,11.237.xxx.xxx,aprovada,0,,298,RJ
TXN-004022,2024-02-01 12:18:54,CUST-00402,MERCH-0174,outros,1216.18,TED,app_mobile,FP-115267,90.22.xxx.xxx,aprovada,0,,116,RR
TXN-004023,2024-02-09 19:09:53,CUST-00377,MERCH-0120,marketplace,2102.79,TED,app_mobile,FP-145988,189.15.xxx.xxx,aprovada,0,,183,GO
TXN-004024,2024-02-23 10:18:35,CUST-00281,MERCH-0170,viagens,116.86,PIX,API,,43.137.xxx.xxx,recusada,0,,624,SE
TXN-004025,2024-02-01 21:45:53,CUST-00439,MERCH-0022,postos,71.13,TED,internet_banking,FP-960008,206.222.xxx.xxx,aprovada,0,0,80,PA
TXN-004026,2024-02-02 21:13:10,CUST-00624,MERCH-0097,e-commerce,294.81,PIX,internet_banking,FP-358001,36.92.xxx.xxx,aprovada,0,,36,SC
TXN-004027,2024-02-11 20:12:59,CUST-00480,MERCH-0062,e-commerce,402.01,boleto,API,,202.244.xxx.xxx,pendente,0,,149,ES
TXN-004028,2024-01-21 17:04:18,CUST-00418,MERCH-0042,marketplace,520.46,cartao_debito,app_mobile,FP-592277,25.44.xxx.xxx,aprovada,0,,49,TO
TXN-004029,2024-02-12 01:55:26,CUST-00619,MERCH-0198,servicos_digitais,28.48,cartao_credito,app_mobile,FP-279636,108.188.xxx.xxx,aprovada,0,,150,AP
TXN-004030,2024-02-02 20:24:17,CUST-00589,MERCH-0051,supermercados,86.07,TED,internet_banking,FP-806835,90.85.xxx.xxx,aprovada,0,0,115,RR
TXN-004031,2024-01-15 14:35:56,CUST-00483,MERCH-0160,supermercados,23.79,PIX,internet_banking,FP-355067,25.126.xxx.xxx,aprovada,0,,405,PE
TXN-004032,2024-02-24 03:32:52,CUST-00241,MERCH-0143,outros,301.0,TED,API,,247.122.xxx.xxx,recusada,0,,148,PR
TXN-004033,2024-01-10 05:09:54,CUST-00509,MERCH-0158,marketplace,180.6,PIX,internet_banking,FP-450816,244.152.xxx.xxx,aprovada,0,,47,SP
TXN-004034,2024-01-23 18:03:42,CUST-00274,MERCH-0141,marketplace,19.01,cartao_credito,API,,5.250.xxx.xxx,aprovada,0,,206,GO
TXN-004035,2024-02-20 00:48:43,CUST-00161,MERCH-0056,outros,334.26,PIX,internet_banking,FP-259265,130.232.xxx.xxx,aprovada,0,,99,SE
TXN-004036,2024-01-24 16:22:27,CUST-00254,MERCH-0104,outros,356.31,cartao_credito,API,FP-584958,75.53.xxx.xxx,aprovada,0,,128,SC
TXN-004037,2024-02-21 07:00:18,CUST-00740,MERCH-0064,marketplace,37.85,cartao_debito,app_mobile,FP-506184,119.21.xxx.xxx,aprovada,0,,131,RR
TXN-004038,2024-01-05 16:07:28,CUST-00573,MERCH-0008,marketplace,19.56,PIX,caixa_eletronico,FP-472117,97.136.xxx.xxx,recusada,0,,199,BA
TXN-004039,2024-01-15 08:22:44,CUST-00122,MERCH-0064,e-commerce,212.71,PIX,internet_banking,FP-151542,144.209.xxx.xxx,estornada,0,,87,RN
TXN-004040,2024-02-25 11:09:17,CUST-00121,MERCH-0139,e-commerce,202.16,PIX,app_mobile,FP-878889,230.164.xxx.xxx,aprovada,0,,91,ES
TXN-004041,2024-02-29 15:35:07,CUST-00245,MERCH-0178,e-commerce,466.91,cartao_credito,app_mobile,FP-924671,81.101.xxx.xxx,aprovada,0,,287,SP
TXN-004042,2024-02-14 03:44:38,CUST-00268,MERCH-0193,viagens,1282.74,cartao_debito,caixa_eletronico,FP-225921,145.248.xxx.xxx,estornada,0,,162,MG
TXN-004043,2024-02-27 04:48:44,CUST-00515,MERCH-0066,restaurantes,864.71,cartao_credito,caixa_eletronico,FP-242893,146.137.xxx.xxx,aprovada,0,,153,CE
TXN-004044,2024-01-03 10:41:29,CUST-00501,MERCH-0194,utilidades,241.64,boleto,internet_banking,FP-567203,26.143.xxx.xxx,aprovada,0,,155,AC
TXN-004045,2024-01-18 11:00:43,CUST-00756,MERCH-0031,e-commerce,164.65,PIX,app_mobile,FP-843930,125.241.xxx.xxx,aprovada,0,,25,MG
TXN-004046,2024-01-11 02:49:42,CUST-00374,MERCH-0066,servicos_digitais,523.77,cartao_credito,app_mobile,FP-862165,102.115.xxx.xxx,pendente,0,,78,ES
TXN-004047,2024-02-07 21:08:14,CUST-00034,MERCH-0176,restaurantes,71.2,boleto,internet_banking,FP-383262,125.251.xxx.xxx,estornada,0,,149,PA
TXN-004048,2024-01-30 13:47:17,CUST-00708,MERCH-0171,e-commerce,111.98,cartao_debito,API,,236.206.xxx.xxx,aprovada,0,,129,PB
TXN-004049,2024-01-07 12:38:51,CUST-00529,MERCH-0193,viagens,803.47,cartao_debito,internet_banking,FP-622398,236.106.xxx.xxx,aprovada,0,,354,RJ
TXN-004050,2024-01-17 00:00:59,CUST-00624,MERCH-0063,postos,338.42,cartao_credito,app_mobile,FP-453561,5.230.xxx.xxx,aprovada,0,,349,SC
TXN-004051,2024-01-12 02:59:44,CUST-00460,MERCH-0114,marketplace,1517.25,cartao_debito,API,,22.66.xxx.xxx,aprovada,0,,141,RJ
TXN-004052,2024-02-28 21:01:58,CUST-00692,MERCH-0111,supermercados,731.86,TED,API,,204.182.xxx.xxx,aprovada,0,0,329,RJ
TXN-004053,2024-01-20 09:43:30,CUST-00426,MERCH-0028,e-commerce,285.64,boleto,app_mobile,FP-253775,99.173.xxx.xxx,aprovada,1,0,76,SP
TXN-004054,2024-01-01 00:00:55,CUST-00305,MERCH-0165,viagens,27.27,cartao_credito,app_mobile,FP-572442,48.193.xxx.xxx,aprovada,0,,265,ES
TXN-004055,2024-01-09 04:11:15,CUST-00501,MERCH-0173,farmacias,286.05,TED,app_mobile,FP-441814,236.248.xxx.xxx,aprovada,0,,348,AM
TXN-004056,2024-02-28 16:49:14,CUST-00036,MERCH-0053,supermercados,436.73,PIX,internet_banking,FP-916487,40.117.xxx.xxx,aprovada,0,,102,MG
TXN-004057,2024-01-02 01:44:18,CUST-00295,MERCH-0174,supermercados,82.22,TED,app_mobile,FP-876714,45.242.xxx.xxx,aprovada,0,,119,MG
TXN-004058,2024-01-05 09:18:01,CUST-00398,MERCH-0036,supermercados,609.65,PIX,internet_banking,FP-655920,222.60.xxx.xxx,recusada,0,,225,RS
TXN-004059,2024-01-29 10:27:25,CUST-00730,MERCH-0083,e-commerce,462.54,TED,internet_banking,FP-520033,90.244.xxx.xxx,recusada,0,,157,PA
TXN-004060,2024-02-11 14:34:01,CUST-00266,MERCH-0169,supermercados,337.07,cartao_debito,app_mobile,FP-957489,50.163.xxx.xxx,aprovada,0,,224,MG
TXN-004061,2024-02-19 21:30:35,CUST-00391,MERCH-0012,utilidades,5702.4,cartao_credito,API,,50.197.xxx.xxx,aprovada,0,,52,ES
TXN-004062,2024-01-19 16:07:37,CUST-00491,MERCH-0001,restaurantes,46.1,PIX,caixa_eletronico,FP-540295,193.204.xxx.xxx,estornada,0,,440,RJ
TXN-004063,2024-02-15 02:19:50,CUST-00557,MERCH-0057,servicos_digitais,959.63,cartao_credito,app_mobile,FP-367207,86.138.xxx.xxx,aprovada,0,0,76,RS
TXN-004064,2024-01-10 21:56:39,CUST-00331,MERCH-0186,servicos_digitais,235.95,cartao_credito,internet_banking,FP-162272,199.140.xxx.xxx,aprovada,0,,155,SP
TXN-004065,2024-02-22 21:20:32,CUST-00245,MERCH-0016,farmacias,90.29,cartao_debito,app_mobile,FP-456276,244.93.xxx.xxx,aprovada,0,,130,MG
TXN-004066,2024-02-09 16:25:08,CUST-00156,MERCH-0068,utilidades,249.68,cartao_credito,internet_banking,FP-317633,74.187.xxx.xxx,aprovada,0,,228,RR
TXN-004067,2024-02-21 11:04:16,CUST-00793,MERCH-0132,marketplace,80.76,cartao_debito,caixa_eletronico,FP-494754,168.29.xxx.xxx,aprovada,0,,210,PR
TXN-004068,2024-02-29 09:03:05,CUST-00615,MERCH-0026,marketplace,19.41,TED,internet_banking,FP-588418,237.164.xxx.xxx,recusada,0,,130,SC
TXN-004069,2024-01-23 01:31:59,CUST-00659,MERCH-0167,farmacias,416.5,cartao_credito,app_mobile,FP-548901,36.244.xxx.xxx,aprovada,0,,67,SP
TXN-004070,2024-02-08 19:40:19,CUST-00652,MERCH-0058,restaurantes,380.42,PIX,API,,190.106.xxx.xxx,aprovada,0,,136,DF
TXN-004071,2024-01-01 18:25:54,CUST-00786,MERCH-0028,e-commerce,213.3,cartao_debito,internet_banking,FP-123577,150.6.xxx.xxx,aprovada,0,,162,MG
TXN-004072,2024-02-01 23:21:02,CUST-00775,MERCH-0094,postos,599.53,cartao_credito,app_mobile,,250.69.xxx.xxx,aprovada,0,,323,SC
TXN-004073,2024-02-11 21:41:44,CUST-00225,MERCH-0192,marketplace,1639.39,PIX,app_mobile,FP-200409,254.231.xxx.xxx,pendente,0,,438,MG
TXN-004074,2024-01-29 10:17:35,CUST-00016,MERCH-0046,supermercados,446.24,cartao_credito,app_mobile,FP-154138,72.102.xxx.xxx,aprovada,0,0,79,MG
TXN-004075,2024-01-08 02:00:12,CUST-00399,MERCH-0050,marketplace,686.06,PIX,API,,72.73.xxx.xxx,aprovada,0,,37,GO
TXN-004076,2024-01-15 00:48:42,CUST-00692,MERCH-0133,outros,900.06,cartao_debito,internet_banking,FP-474688,179.94.xxx.xxx,aprovada,0,,79,SP
TXN-004077,2024-01-17 11:13:19,CUST-00727,MERCH-0179,farmacias,39.67,cartao_credito,app_mobile,FP-755057,81.19.xxx.xxx,aprovada,1,1,104,PE
TXN-004078,2024-01-25 21:36:50,CUST-00563,MERCH-0162,supermercados,38.57,cartao_debito,internet_banking,FP-200978,45.188.xxx.xxx,aprovada,0,,121,RJ
TXN-004079,2024-02-18 22:06:35,CUST-00310,MERCH-0117,restaurantes,324.84,cartao_credito,app_mobile,FP-627200,233.250.xxx.xxx,aprovada,0,,164,ES
TXN-004080,2024-01-02 18:33:14,CUST-00252,MERCH-0024,farmacias,217.83,PIX,app_mobile,FP-432177,232.230.xxx.xxx,aprovada,0,,258,SP
TXN-004081,2024-02-16 19:49:57,CUST-00357,MERCH-0007,farmacias,360.14,PIX,app_mobile,FP-949216,209.72.xxx.xxx,pendente,0,,376,RJ
TXN-004082,2024-02-18 21:04:32,CUST-00242,MERCH-0116,e-commerce,47.47,cartao_credito,app_mobile,FP-159281,85.96.xxx.xxx,aprovada,0,,408,AL
TXN-004083,2024-01-15 20:00:49,CUST-00172,MERCH-0106,e-commerce,101.88,cartao_debito,internet_banking,FP-554048,217.58.xxx.xxx,aprovada,0,,394,DF
TXN-004084,2024-02-08 19:00:28,CUST-00594,MERCH-0047,postos,754.67,PIX,app_mobile,FP-101121,140.63.xxx.xxx,aprovada,0,0,44,ES
TXN-004085,2024-02-28 21:38:49,CUST-00646,MERCH-0173,supermercados,1062.13,boleto,app_mobile,FP-112147,208.52.xxx.xxx,aprovada,0,0,56,ES
TXN-004086,2024-02-14 06:20:23,CUST-00085,MERCH-0033,farmacias,7026.88,TED,internet_banking,FP-707050,230.174.xxx.xxx,aprovada,0,,250,PB
TXN-004087,2024-01-05 05:30:58,CUST-00796,MERCH-0180,supermercados,92.8,cartao_credito,caixa_eletronico,FP-109297,205.251.xxx.xxx,aprovada,0,0,78,PB
TXN-004088,2024-01-09 03:55:14,CUST-00564,MERCH-0073,restaurantes,768.58,PIX,caixa_eletronico,,160.226.xxx.xxx,recusada,0,,59,RJ
TXN-004089,2024-02-01 00:02:43,CUST-00094,MERCH-0146,marketplace,158.97,cartao_debito,app_mobile,FP-830006,231.227.xxx.xxx,aprovada,0,,171,ES
TXN-004090,2024-02-28 08:11:48,CUST-00263,MERCH-0187,outros,137.84,PIX,caixa_eletronico,FP-199092,66.221.xxx.xxx,aprovada,0,0,669,PB
TXN-004091,2024-02-02 05:06:32,CUST-00026,MERCH-0015,marketplace,69.44,PIX,app_mobile,FP-715207,91.149.xxx.xxx,aprovada,0,,309,MA
TXN-004092,2024-02-13 00:31:31,CUST-00753,MERCH-0116,marketplace,176.9,TED,API,,183.245.xxx.xxx,aprovada,0,,43,DF
TXN-004093,2024-01-19 14:36:49,CUST-00450,MERCH-0159,postos,335.56,PIX,app_mobile,FP-492743,1.181.xxx.xxx,aprovada,0,,113,RN
TXN-004094,2024-01-20 00:27:04,CUST-00654,MERCH-0023,supermercados,155.96,cartao_credito,app_mobile,FP-222367,246.64.xxx.xxx,pendente,0,,127,PA
TXN-004095,2024-01-21 01:43:50,CUST-00225,MERCH-0115,postos,0.0,TED,app_mobile,FP-992074,83.177.xxx.xxx,aprovada,0,,206,RJ
TXN-004096,2024-01-08 23:23:14,CUST-00288,MERCH-0111,postos,446.76,TED,internet_banking,FP-671753,137.165.xxx.xxx,aprovada,0,,229,SP
TXN-004097,2024-01-08 18:13:10,CUST-00738,MERCH-0029,supermercados,504.74,cartao_credito,app_mobile,FP-838011,33.70.xxx.xxx,aprovada,0,,261,ES
TXN-004098,2024-01-04 18:56:30,CUST-00571,MERCH-0034,outros,583.27,cartao_credito,app_mobile,FP-775581,181.192.xxx.xxx,aprovada,0,,129,PB
TXN-004099,2024-02-23 20:49:38,CUST-00546,MERCH-0155,e-commerce,217.03,cartao_debito,caixa_eletronico,FP-198861,234.70.xxx.xxx,aprovada,0,,126,MG
TXN-004100,2024-01-27 22:28:30,CUST-00688,MERCH-0125,restaurantes,519.49,cartao_credito,app_mobile,FP-972528,112.82.xxx.xxx,pendente,0,,239,MA
TXN-004101,2024-01-11 07:12:33,CUST-00468,MERCH-0087,e-commerce,172.45,cartao_credito,API,,25.40.xxx.xxx,aprovada,0,,260,RJ
TXN-004102,2024-02-02 11:10:57,CUST-00299,MERCH-0120,e-commerce,170.83,boleto,internet_banking,FP-105232,142.24.xxx.xxx,aprovada,0,,92,ES
TXN-004103,2024-01-24 00:10:36,CUST-00746,MERCH-0103,servicos_digitais,107.61,TED,API,FP-791570,162.191.xxx.xxx,aprovada,0,,185,AP
TXN-004104,2024-01-09 19:36:13,CUST-00758,MERCH-0093,marketplace,227.19,PIX,internet_banking,FP-739959,57.102.xxx.xxx,aprovada,0,0,1048,RJ
TXN-004105,2024-02-25 21:45:39,CUST-00220,MERCH-0051,restaurantes,101.04,TED,app_mobile,FP-325444,58.139.xxx.xxx,aprovada,0,,112,AC
TXN-004106,2024-02-09 00:22:01,CUST-00446,MERCH-0015,postos,572.98,cartao_credito,API,,140.36.xxx.xxx,aprovada,0,,235,RS
TXN-004107,2024-01-19 07:14:46,CUST-00646,MERCH-0183,utilidades,687.0,PIX,API,,96.222.xxx.xxx,recusada,0,,130,MG
TXN-004108,2024-01-05 03:56:14,CUST-00253,MERCH-0169,servicos_digitais,163.7,cartao_credito,app_mobile,FP-833243,142.109.xxx.xxx,aprovada,1,1,76,SP
TXN-004109,2024-02-21 04:39:59,CUST-00486,MERCH-0110,utilidades,2865.61,cartao_debito,API,,36.71.xxx.xxx,recusada,0,,104,SP
TXN-004110,2024-02-23 10:37:50,CUST-00321,MERCH-0179,farmacias,585.16,PIX,app_mobile,FP-687281,242.238.xxx.xxx,aprovada,0,,135,SE
TXN-004111,2024-01-21 16:40:20,CUST-00379,MERCH-0004,marketplace,190.34,PIX,app_mobile,FP-778768,79.41.xxx.xxx,aprovada,0,,78,RJ
TXN-004112,2024-01-25 16:46:42,CUST-00644,MERCH-0060,postos,1711.73,PIX,internet_banking,FP-845744,29.69.xxx.xxx,aprovada,0,,92,SP
TXN-004113,2024-02-06 00:56:28,CUST-00464,MERCH-0003,utilidades,195.64,cartao_credito,internet_banking,FP-650366,100.230.xxx.xxx,estornada,0,0,202,PB
TXN-004114,2024-02-18 20:29:43,CUST-00383,MERCH-0071,postos,803.92,cartao_credito,caixa_eletronico,FP-762571,191.192.xxx.xxx,pendente,0,0,126,ES
TXN-004115,2024-01-18 09:32:54,CUST-00439,MERCH-0172,farmacias,336.79,boleto,app_mobile,FP-686437,202.229.xxx.xxx,aprovada,0,,235,RO
TXN-004116,2024-02-07 02:14:20,CUST-00586,MERCH-0010,servicos_digitais,96.04,cartao_credito,app_mobile,FP-189198,106.20.xxx.xxx,aprovada,0,,707,SP
TXN-004117,2024-01-07 09:04:36,CUST-00024,MERCH-0010,servicos_digitais,1787.34,cartao_credito,API,FP-133606,37.118.xxx.xxx,aprovada,0,,57,SP
TXN-004118,2024-02-03 14:49:29,CUST-00596,MERCH-0184,e-commerce,1088.43,TED,app_mobile,FP-148916,91.27.xxx.xxx,aprovada,1,1,516,RJ
TXN-004119,2024-01-31 01:23:18,CUST-00783,MERCH-0020,servicos_digitais,31.31,TED,API,FP-597887,26.241.xxx.xxx,recusada,0,,60,RR
TXN-004120,2024-01-28 07:25:52,CUST-00478,MERCH-0161,viagens,485.76,cartao_credito,app_mobile,FP-349994,79.229.xxx.xxx,aprovada,0,0,171,PB
TXN-004121,2024-02-10 05:02:10,CUST-00737,MERCH-0154,utilidades,20.07,cartao_debito,app_mobile,FP-546535,169.86.xxx.xxx,aprovada,0,,137,AM
TXN-004122,2024-02-25 03:55:53,CUST-00200,MERCH-0161,e-commerce,374.54,cartao_debito,app_mobile,FP-528740,55.14.xxx.xxx,aprovada,0,,247,RJ
TXN-004123,2024-02-16 01:36:28,CUST-00244,MERCH-0110,farmacias,34.91,PIX,API,,124.130.xxx.xxx,estornada,0,,345,SP
TXN-004124,2024-02-07 20:28:19,CUST-00774,MERCH-0042,marketplace,100.78,cartao_debito,app_mobile,FP-384412,33.232.xxx.xxx,aprovada,0,,53,AM
TXN-004125,2024-01-16 19:27:40,CUST-00067,MERCH-0112,viagens,578.13,PIX,internet_banking,,194.180.xxx.xxx,aprovada,0,,46,RJ
TXN-004126,2024-01-08 10:24:06,CUST-00646,MERCH-0071,marketplace,299.61,cartao_credito,app_mobile,FP-408860,140.42.xxx.xxx,pendente,0,1,251,MG
TXN-004127,2024-01-16 16:51:13,CUST-00129,MERCH-0009,supermercados,271.49,cartao_credito,app_mobile,FP-728736,26.249.xxx.xxx,aprovada,0,,50,RS
TXN-004128,2024-01-08 22:39:38,CUST-00085,MERCH-0086,e-commerce,446.09,cartao_debito,app_mobile,FP-619657,106.133.xxx.xxx,aprovada,0,,1227,BA
TXN-004129,2024-01-28 04:25:12,CUST-00204,MERCH-0108,marketplace,272.26,PIX,app_mobile,FP-151289,231.193.xxx.xxx,aprovada,1,,194,TO
TXN-004130,2024-01-14 10:35:10,CUST-00071,MERCH-0116,e-commerce,631.14,PIX,internet_banking,FP-417178,36.33.xxx.xxx,aprovada,0,,45,PA
TXN-004131,2024-01-14 03:22:13,CUST-00516,MERCH-0197,marketplace,4581.79,TED,internet_banking,FP-273538,159.92.xxx.xxx,aprovada,0,,55,PB
TXN-004132,2024-02-03 15:38:01,CUST-00653,MERCH-0154,e-commerce,519.07,PIX,API,,35.114.xxx.xxx,aprovada,0,,491,SP
TXN-004133,2024-01-03 05:03:24,CUST-00506,MERCH-0197,servicos_digitais,101.15,cartao_credito,internet_banking,,154.40.xxx.xxx,aprovada,0,,509,SP
TXN-004134,2024-02-20 07:16:12,CUST-00618,MERCH-0162,servicos_digitais,1204.91,cartao_debito,API,,245.114.xxx.xxx,pendente,0,,155,SP
TXN-004135,2024-02-25 01:10:25,CUST-00387,MERCH-0151,farmacias,91.78,PIX,app_mobile,FP-340948,59.97.xxx.xxx,aprovada,0,0,87,GO
TXN-004136,2024-02-21 19:49:57,CUST-00287,MERCH-0193,postos,91.58,cartao_credito,app_mobile,FP-109137,189.154.xxx.xxx,aprovada,0,,77,PB
TXN-004137,2024-01-14 02:21:12,CUST-00400,MERCH-0186,e-commerce,862.68,cartao_debito,API,,253.25.xxx.xxx,aprovada,0,,246,PR
TXN-004138,2024-02-17 20:38:03,CUST-00073,MERCH-0051,servicos_digitais,385.1,PIX,app_mobile,FP-223078,113.163.xxx.xxx,aprovada,0,0,277,RJ
TXN-004139,2024-01-17 09:14:21,CUST-00265,MERCH-0076,farmacias,2723.8,cartao_credito,internet_banking,FP-643656,254.191.xxx.xxx,recusada,0,,121,PE
TXN-004140,2024-02-22 09:35:44,CUST-00001,MERCH-0134,postos,871.93,cartao_credito,app_mobile,FP-156687,5.172.xxx.xxx,aprovada,0,,88,PI
TXN-004141,2024-01-30 23:38:09,CUST-00262,MERCH-0153,outros,507.88,cartao_debito,internet_banking,FP-219271,35.207.xxx.xxx,aprovada,0,,268,RJ
TXN-004142,2024-01-13 14:57:04,CUST-00396,MERCH-0101,servicos_digitais,591.25,boleto,app_mobile,FP-338407,1.124.xxx.xxx,aprovada,0,,106,RS
TXN-004143,2024-01-28 01:37:12,CUST-00751,MERCH-0011,e-commerce,115.78,TED,internet_banking,FP-760069,77.29.xxx.xxx,aprovada,0,,127,RJ
TXN-004144,2024-02-07 10:16:02,CUST-00417,MERCH-0085,postos,254.85,PIX,API,,180.101.xxx.xxx,aprovada,0,,50,SP
TXN-004145,2024-01-27 09:26:21,CUST-00574,MERCH-0120,postos,6981.8,boleto,internet_banking,FP-187377,238.179.xxx.xxx,aprovada,0,,22,SP
TXN-004146,2024-02-18 21:08:04,CUST-00355,MERCH-0010,supermercados,529.73,cartao_debito,API,,68.215.xxx.xxx,pendente,0,,149,BA
TXN-004147,2024-02-11 22:53:25,CUST-00643,MERCH-0095,postos,103.72,cartao_debito,caixa_eletronico,FP-144717,191.247.xxx.xxx,aprovada,0,,54,RJ
TXN-004148,2024-02-28 00:11:37,CUST-00437,MERCH-0102,marketplace,649.91,cartao_debito,app_mobile,FP-510496,167.82.xxx.xxx,recusada,0,,67,SP
TXN-004149,2024-01-31 12:13:37,CUST-00077,MERCH-0062,marketplace,245.54,PIX,API,,45.144.xxx.xxx,aprovada,0,,134,RN
TXN-004150,2024-01-16 08:11:00,CUST-00157,MERCH-0041,marketplace,407.31,PIX,app_mobile,FP-942541,23.89.xxx.xxx,aprovada,0,0,71,AL
TXN-004151,2024-02-12 17:44:32,CUST-00018,MERCH-0119,restaurantes,92.1,PIX,app_mobile,FP-513830,101.120.xxx.xxx,aprovada,0,,289,SP
TXN-004152,2024-02-16 21:02:19,CUST-00282,MERCH-0017,servicos_digitais,601.47,cartao_credito,internet_banking,FP-475468,130.79.xxx.xxx,estornada,0,1,282,GO
TXN-004153,2024-01-08 17:34:05,CUST-00057,MERCH-0185,farmacias,40.32,cartao_debito,app_mobile,FP-721189,49.109.xxx.xxx,recusada,0,,90,MT
TXN-004154,2024-02-03 14:35:56,CUST-00358,MERCH-0161,e-commerce,19.55,cartao_credito,caixa_eletronico,FP-345226,3.45.xxx.xxx,recusada,0,0,334,SP
TXN-004155,2024-02-26 02:27:11,CUST-00723,MERCH-0116,supermercados,463.49,PIX,API,,137.210.xxx.xxx,aprovada,0,,166,AL
TXN-004156,2024-01-12 04:33:57,CUST-00379,MERCH-0008,supermercados,527.43,cartao_credito,internet_banking,FP-913734,191.17.xxx.xxx,aprovada,0,,469,RJ
TXN-004157,2024-01-16 13:46:48,CUST-00075,MERCH-0059,supermercados,109.8,cartao_credito,app_mobile,FP-137032,150.235.xxx.xxx,aprovada,0,0,79,RS
TXN-004158,2024-01-10 20:43:40,CUST-00138,MERCH-0107,marketplace,41.99,PIX,caixa_eletronico,FP-892807,35.100.xxx.xxx,aprovada,0,0,113,ES
TXN-004159,2024-02-25 13:15:15,CUST-00193,MERCH-0187,supermercados,53.4,PIX,app_mobile,FP-141196,122.175.xxx.xxx,aprovada,0,,571,MG
TXN-004160,2024-02-13 19:37:52,CUST-00544,MERCH-0155,e-commerce,71.8,PIX,app_mobile,FP-647007,139.150.xxx.xxx,aprovada,0,,119,PI
TXN-004161,2024-02-22 12:58:57,CUST-00320,MERCH-0028,restaurantes,350.34,boleto,app_mobile,FP-122624,122.171.xxx.xxx,aprovada,0,,65,AL
TXN-004162,2024-02-16 02:42:07,CUST-00124,MERCH-0165,e-commerce,163.7,cartao_debito,caixa_eletronico,FP-264347,41.228.xxx.xxx,recusada,0,,195,MT
TXN-004163,2024-01-08 03:54:41,CUST-00512,MERCH-0025,servicos_digitais,513.86,cartao_credito,API,,202.56.xxx.xxx,estornada,0,,76,RS
TXN-004164,2024-01-05 21:37:20,CUST-00493,MERCH-0057,supermercados,72.34,PIX,internet_banking,FP-918073,160.142.xxx.xxx,aprovada,0,,52,RJ
TXN-004165,2024-02-16 02:17:53,CUST-00647,MERCH-0071,farmacias,1974.35,cartao_credito,internet_banking,FP-348923,138.78.xxx.xxx,estornada,0,,40,MG
TXN-004166,2024-01-02 17:54:16,CUST-00325,MERCH-0154,outros,844.23,boleto,API,,72.26.xxx.xxx,recusada,0,,236,GO
TXN-004167,2024-01-13 11:20:08,CUST-00625,MERCH-0102,marketplace,1754.47,cartao_debito,app_mobile,FP-964321,12.150.xxx.xxx,aprovada,0,,388,PB
TXN-004168,2024-02-17 02:13:24,CUST-00789,MERCH-0050,supermercados,1187.12,cartao_debito,app_mobile,FP-705625,30.226.xxx.xxx,aprovada,0,,77,PR
TXN-004169,2024-02-27 04:58:19,CUST-00643,MERCH-0120,viagens,149.46,cartao_credito,app_mobile,FP-868836,188.245.xxx.xxx,aprovada,0,,334,RJ
TXN-004170,2024-01-26 13:05:29,CUST-00378,MERCH-0130,supermercados,1390.67,PIX,API,FP-694647,20.100.xxx.xxx,aprovada,0,,280,MG
TXN-004171,2024-01-26 23:49:26,CUST-00666,MERCH-0124,postos,148.42,TED,internet_banking,FP-894240,155.7.xxx.xxx,aprovada,1,0,312,PB
TXN-004172,2024-01-29 00:59:07,CUST-00394,MERCH-0118,postos,133.24,PIX,app_mobile,FP-133698,2.119.xxx.xxx,recusada,0,,258,SP
TXN-004173,2024-02-25 13:01:24,CUST-00623,MERCH-0139,e-commerce,331.05,PIX,app_mobile,FP-400808,8.111.xxx.xxx,aprovada,0,,936,PR
TXN-004174,2024-01-29 14:33:19,CUST-00453,MERCH-0185,restaurantes,245.46,cartao_credito,app_mobile,FP-556614,49.95.xxx.xxx,aprovada,0,,51,PR
TXN-004175,2024-02-25 16:20:15,CUST-00659,MERCH-0160,servicos_digitais,519.29,cartao_debito,internet_banking,FP-885234,158.226.xxx.xxx,aprovada,0,,110,MG
TXN-004176,2024-01-26 19:35:21,CUST-00569,MERCH-0026,supermercados,428.83,PIX,internet_banking,FP-942840,31.251.xxx.xxx,recusada,0,,38,RS
TXN-004177,2024-02-14 14:38:25,CUST-00430,MERCH-0064,servicos_digitais,126.66,PIX,internet_banking,FP-913251,203.152.xxx.xxx,aprovada,0,,222,MG
TXN-004178,2024-01-25 22:07:20,CUST-00389,MERCH-0169,viagens,188.56,cartao_credito,API,,242.213.xxx.xxx,pendente,0,,266,RJ
TXN-004179,2024-02-14 19:12:53,CUST-00167,MERCH-0186,servicos_digitais,689.9,boleto,app_mobile,FP-679229,29.31.xxx.xxx,aprovada,0,,258,MG
TXN-004180,2024-02-18 01:32:05,CUST-00134,MERCH-0106,restaurantes,140.47,cartao_debito,app_mobile,FP-523783,208.122.xxx.xxx,aprovada,1,1,49,MG
TXN-004181,2024-01-31 09:41:52,CUST-00420,MERCH-0060,marketplace,351.66,boleto,app_mobile,FP-652065,237.4.xxx.xxx,aprovada,0,,222,BA
TXN-004182,2024-02-05 03:08:24,CUST-00485,MERCH-0190,postos,2305.43,cartao_credito,app_mobile,FP-219324,59.119.xxx.xxx,estornada,0,1,380,MT
TXN-004183,2024-02-10 10:03:24,CUST-00005,MERCH-0102,outros,100.17,cartao_credito,app_mobile,FP-557582,19.223.xxx.xxx,aprovada,0,,144,RJ
TXN-004184,2024-01-25 17:26:20,CUST-00035,MERCH-0016,e-commerce,1964.7,PIX,app_mobile,FP-570703,153.114.xxx.xxx,aprovada,0,,157,RJ
TXN-004185,2024-02-17 10:13:05,CUST-00348,MERCH-0120,viagens,62.6,cartao_credito,app_mobile,FP-187782,196.61.xxx.xxx,aprovada,0,,239,RJ
TXN-004186,2024-01-23 20:50:02,CUST-00384,MERCH-0115,e-commerce,745.81,PIX,internet_banking,FP-889670,184.53.xxx.xxx,pendente,0,,306,RJ
TXN-004187,2024-01-16 04:28:29,CUST-00024,MERCH-0067,e-commerce,2412.21,PIX,internet_banking,FP-820691,220.190.xxx.xxx,estornada,0,,233,ES
TXN-004188,2024-02-14 01:05:44,CUST-00642,MERCH-0043,utilidades,144.72,PIX,internet_banking,FP-854733,45.49.xxx.xxx,pendente,0,,67,PR
TXN-004189,2024-01-19 10:30:51,CUST-00733,MERCH-0072,utilidades,452.4,TED,app_mobile,FP-446348,47.208.xxx.xxx,aprovada,0,,104,AP
TXN-004190,2024-01-31 18:05:11,CUST-00029,MERCH-0106,marketplace,93.14,PIX,API,,220.176.xxx.xxx,aprovada,0,,123,RN
TXN-004191,2024-02-23 15:57:22,CUST-00047,MERCH-0108,e-commerce,227.63,boleto,app_mobile,FP-230979,190.158.xxx.xxx,aprovada,0,,78,ES
TXN-004192,2024-01-07 22:05:18,CUST-00688,MERCH-0111,e-commerce,978.89,cartao_debito,API,,109.150.xxx.xxx,aprovada,0,,24,PB
TXN-004193,2024-02-29 21:17:46,CUST-00727,MERCH-0153,restaurantes,189.19,cartao_debito,internet_banking,FP-829906,100.10.xxx.xxx,aprovada,0,,104,SE
TXN-004194,2024-02-21 01:10:43,CUST-00517,MERCH-0031,postos,3719.35,PIX,internet_banking,FP-329038,59.255.xxx.xxx,aprovada,0,,14,SP
TXN-004195,2024-01-07 20:28:10,CUST-00694,MERCH-0155,utilidades,191.75,cartao_debito,app_mobile,,37.96.xxx.xxx,aprovada,0,,58,MG
TXN-004196,2024-01-02 01:08:55,CUST-00792,MERCH-0193,outros,1545.15,PIX,app_mobile,FP-228853,253.79.xxx.xxx,aprovada,0,,169,SC
TXN-004197,2024-02-11 05:02:44,CUST-00026,MERCH-0044,marketplace,234.41,PIX,app_mobile,FP-283228,20.50.xxx.xxx,aprovada,0,,139,AL
TXN-004198,2024-02-13 17:39:33,CUST-00164,MERCH-0051,e-commerce,1224.39,PIX,internet_banking,FP-415541,129.231.xxx.xxx,aprovada,1,,471,SP
TXN-004199,2024-02-15 08:06:55,CUST-00582,MERCH-0089,utilidades,106.03,cartao_credito,internet_banking,FP-490116,205.254.xxx.xxx,aprovada,0,,233,BA
TXN-004200,2024-01-10 11:33:55,CUST-00624,MERCH-0015,marketplace,1568.88,cartao_credito,app_mobile,FP-226041,199.228.xxx.xxx,aprovada,0,,197,RS
TXN-004201,2024-01-05 01:16:08,CUST-00309,MERCH-0131,restaurantes,257.67,cartao_debito,caixa_eletronico,FP-453276,38.208.xxx.xxx,aprovada,0,,167,SC
TXN-004202,2024-02-09 23:36:46,CUST-00012,MERCH-0136,supermercados,547.44,cartao_credito,app_mobile,FP-512578,223.201.xxx.xxx,aprovada,0,,154,DF
TXN-004203,2024-02-06 12:06:18,CUST-00764,MERCH-0198,e-commerce,119.21,PIX,app_mobile,FP-557130,109.21.xxx.xxx,aprovada,0,,181,SC
TXN-004204,2024-01-24 13:20:39,CUST-00365,MERCH-0101,e-commerce,1797.29,PIX,app_mobile,FP-942319,212.246.xxx.xxx,aprovada,0,,160,RJ
TXN-004205,2024-01-24 18:20:12,CUST-00463,MERCH-0056,e-commerce,113.41,cartao_debito,internet_banking,FP-679608,216.180.xxx.xxx,aprovada,0,0,331,SC
TXN-004206,2024-01-02 23:15:33,CUST-00290,MERCH-0173,supermercados,60.24,cartao_debito,app_mobile,FP-408677,240.254.xxx.xxx,aprovada,0,,60,AL
TXN-004207,2024-01-23 12:04:09,CUST-00121,MERCH-0003,supermercados,970.88,PIX,app_mobile,FP-712959,235.54.xxx.xxx,aprovada,0,,99,SP
TXN-004208,2024-02-17 17:42:20,CUST-00212,MERCH-0062,postos,52.71,cartao_credito,API,,94.176.xxx.xxx,aprovada,0,0,52,ES
TXN-004209,2024-01-30 08:46:37,CUST-00405,MERCH-0051,e-commerce,102.2,PIX,caixa_eletronico,,207.18.xxx.xxx,aprovada,0,,62,RN
TXN-004210,2024-02-24 10:45:03,CUST-00103,MERCH-0142,farmacias,23.34,cartao_debito,caixa_eletronico,FP-397387,169.218.xxx.xxx,aprovada,0,,144,SC
TXN-004211,2024-01-31 08:10:24,CUST-00077,MERCH-0129,restaurantes,445.46,boleto,internet_banking,FP-245959,115.234.xxx.xxx,aprovada,0,,270,SE
TXN-004212,2024-02-05 15:59:46,CUST-00641,MERCH-0072,servicos_digitais,1328.8,PIX,app_mobile,FP-614492,15.109.xxx.xxx,pendente,0,,288,MG
TXN-004213,2024-02-12 07:29:02,CUST-00736,MERCH-0045,restaurantes,175.57,cartao_debito,internet_banking,FP-825456,5.136.xxx.xxx,aprovada,0,,216,SP
TXN-004214,2024-02-19 13:04:52,CUST-00474,MERCH-0055,e-commerce,146.88,PIX,API,,205.58.xxx.xxx,aprovada,0,,112,RR
TXN-004215,2024-02-13 17:38:53,CUST-00022,MERCH-0073,viagens,782.99,cartao_debito,caixa_eletronico,FP-399002,145.217.xxx.xxx,aprovada,0,,160,MG
TXN-004216,2024-01-19 10:13:36,CUST-00692,MERCH-0110,postos,34.28,PIX,caixa_eletronico,FP-574069,22.133.xxx.xxx,aprovada,0,0,506,MG
TXN-004217,2024-01-04 17:02:27,CUST-00062,MERCH-0085,restaurantes,38.45,PIX,app_mobile,FP-685343,78.20.xxx.xxx,aprovada,0,,447,MA
TXN-004218,2024-02-25 19:45:53,CUST-00212,MERCH-0156,utilidades,1798.54,cartao_debito,API,,66.8.xxx.xxx,aprovada,0,,187,SP
TXN-004219,2024-01-16 09:27:30,CUST-00445,MERCH-0172,e-commerce,837.32,cartao_credito,API,FP-167240,188.2.xxx.xxx,recusada,1,1,559,MT
TXN-004220,2024-02-11 16:18:13,CUST-00436,MERCH-0067,viagens,158.5,TED,API,FP-482279,210.173.xxx.xxx,estornada,0,,50,RJ
TXN-004221,2024-01-30 16:27:58,CUST-00490,MERCH-0183,supermercados,214.77,PIX,app_mobile,FP-211577,30.80.xxx.xxx,aprovada,0,,349,MG
TXN-004222,2024-01-31 23:49:35,CUST-00609,MERCH-0020,restaurantes,143.75,cartao_credito,API,FP-625031,243.76.xxx.xxx,aprovada,0,0,69,MG
TXN-004223,2024-01-14 12:28:21,CUST-00605,MERCH-0197,marketplace,138.24,PIX,internet_banking,FP-684606,250.237.xxx.xxx,aprovada,0,,73,MG
TXN-004224,2024-01-31 08:36:34,CUST-00571,MERCH-0150,e-commerce,121.88,PIX,app_mobile,FP-542042,240.236.xxx.xxx,aprovada,0,,228,PI
TXN-004225,2024-01-23 03:06:45,CUST-00145,MERCH-0093,e-commerce,465.4,PIX,API,FP-847951,126.67.xxx.xxx,aprovada,0,,76,RJ
TXN-004226,2024-02-25 10:24:44,CUST-00303,MERCH-0179,postos,214.0,cartao_debito,internet_banking,FP-505039,243.219.xxx.xxx,aprovada,1,1,403,PB
TXN-004227,2024-01-28 06:59:42,CUST-00616,MERCH-0064,utilidades,139.3,cartao_credito,API,FP-998074,144.13.xxx.xxx,aprovada,0,,130,SP
TXN-004228,2024-02-23 03:45:15,CUST-00647,MERCH-0013,farmacias,315.08,PIX,internet_banking,FP-201569,225.69.xxx.xxx,aprovada,0,,189,ES
TXN-004229,2024-01-19 03:26:30,CUST-00615,MERCH-0096,e-commerce,38.96,PIX,internet_banking,FP-980977,205.135.xxx.xxx,aprovada,1,1,1259,PR
TXN-004230,2024-01-28 18:55:54,CUST-00735,MERCH-0060,supermercados,591.37,boleto,caixa_eletronico,FP-985008,211.29.xxx.xxx,aprovada,0,,119,SP
TXN-004231,2024-02-29 14:52:54,CUST-00410,MERCH-0109,e-commerce,59.71,PIX,API,,211.239.xxx.xxx,aprovada,0,,88,SP
TXN-004232,2024-02-05 08:35:05,CUST-00402,MERCH-0057,restaurantes,220.11,cartao_debito,internet_banking,FP-710713,115.176.xxx.xxx,recusada,0,,114,RO
TXN-004233,2024-02-13 05:56:35,CUST-00583,MERCH-0096,farmacias,473.49,cartao_credito,app_mobile,FP-439001,60.149.xxx.xxx,aprovada,0,,111,PE
TXN-004234,2024-01-17 17:51:32,CUST-00655,MERCH-0182,outros,253.81,cartao_debito,internet_banking,FP-309010,237.188.xxx.xxx,pendente,0,,1016,PA
TXN-004235,2024-02-24 16:51:03,CUST-00711,MERCH-0158,farmacias,98.74,cartao_credito,caixa_eletronico,FP-218678,40.212.xxx.xxx,aprovada,0,,80,PA
TXN-004236,2024-01-29 06:21:07,CUST-00095,MERCH-0142,e-commerce,177.86,PIX,internet_banking,FP-711412,2.53.xxx.xxx,recusada,0,,63,SP
TXN-004237,2024-02-02 03:41:45,CUST-00106,MERCH-0026,e-commerce,732.98,cartao_credito,app_mobile,FP-199679,172.102.xxx.xxx,aprovada,0,,141,SC
TXN-004238,2024-02-06 22:14:28,CUST-00744,MERCH-0151,supermercados,171.79,PIX,app_mobile,FP-792698,112.102.xxx.xxx,aprovada,0,,154,SP
TXN-004239,2024-02-04 09:46:37,CUST-00576,MERCH-0113,marketplace,498.28,boleto,app_mobile,FP-726657,179.155.xxx.xxx,aprovada,0,,52,PB
TXN-004240,2024-01-02 01:39:12,CUST-00544,MERCH-0139,outros,1287.97,TED,app_mobile,FP-942799,104.146.xxx.xxx,aprovada,0,,274,MA
TXN-004241,2024-01-26 12:31:47,CUST-00016,MERCH-0172,supermercados,158.93,cartao_debito,internet_banking,FP-237193,210.89.xxx.xxx,aprovada,0,,41,ES
TXN-004242,2024-01-15 08:28:27,CUST-00260,MERCH-0133,postos,51.52,TED,internet_banking,FP-470189,156.31.xxx.xxx,aprovada,0,,216,RJ
TXN-004243,2024-01-16 23:56:56,CUST-00265,MERCH-0061,postos,475.35,cartao_debito,internet_banking,FP-971729,16.248.xxx.xxx,aprovada,0,,165,CE
TXN-004244,2024-01-25 09:44:40,CUST-00188,MERCH-0126,marketplace,0.0,cartao_credito,app_mobile,FP-316021,139.236.xxx.xxx,pendente,0,,550,SP
TXN-004245,2024-02-02 08:10:41,CUST-00557,MERCH-0176,marketplace,225.25,PIX,internet_banking,FP-499490,4.253.xxx.xxx,aprovada,0,,193,RS
TXN-004246,2024-02-13 07:00:21,CUST-00376,MERCH-0077,farmacias,72.55,boleto,app_mobile,FP-986866,191.85.xxx.xxx,recusada,0,,56,RJ
TXN-004247,2024-02-19 20:50:53,CUST-00378,MERCH-0010,farmacias,64.97,boleto,internet_banking,FP-734258,227.150.xxx.xxx,aprovada,0,,70,SP
TXN-004248,2024-01-07 16:31:07,CUST-00211,MERCH-0063,restaurantes,77.94,cartao_debito,app_mobile,FP-190449,139.185.xxx.xxx,aprovada,0,,137,SC
TXN-004249,2024-02-04 23:29:47,CUST-00511,MERCH-0129,e-commerce,103.24,PIX,app_mobile,FP-614318,211.113.xxx.xxx,recusada,0,0,114,SP
TXN-004250,2024-01-01 13:17:26,CUST-00179,MERCH-0011,servicos_digitais,53.42,PIX,app_mobile,FP-643724,204.168.xxx.xxx,aprovada,0,,69,RS
TXN-004251,2024-01-19 10:01:26,CUST-00567,MERCH-0042,e-commerce,254.83,PIX,app_mobile,FP-821040,123.209.xxx.xxx,aprovada,0,,29,SP
TXN-004252,2024-01-13 06:38:22,CUST-00737,MERCH-0019,marketplace,109.28,TED,caixa_eletronico,FP-345826,32.203.xxx.xxx,pendente,0,,114,AM
TXN-004253,2024-01-22 06:44:08,CUST-00314,MERCH-0035,supermercados,311.18,cartao_credito,internet_banking,FP-126551,78.125.xxx.xxx,aprovada,0,,86,AL
TXN-004254,2024-01-12 21:26:27,CUST-00106,MERCH-0047,e-commerce,537.07,PIX,caixa_eletronico,FP-508455,237.161.xxx.xxx,aprovada,0,,209,RS
TXN-004255,2024-01-19 11:05:56,CUST-00188,MERCH-0111,utilidades,69.21,cartao_credito,internet_banking,FP-672727,103.145.xxx.xxx,aprovada,0,,181,MG
TXN-004256,2024-02-25 06:17:24,CUST-00401,MERCH-0007,viagens,621.5,boleto,caixa_eletronico,FP-420649,63.134.xxx.xxx,aprovada,0,,69,SP
TXN-004257,2024-01-14 22:36:10,CUST-00459,MERCH-0024,restaurantes,245.95,cartao_credito,app_mobile,FP-776200,66.81.xxx.xxx,recusada,0,,34,SP
TXN-004258,2024-02-26 19:06:52,CUST-00434,MERCH-0166,e-commerce,544.66,PIX,internet_banking,FP-764485,140.78.xxx.xxx,aprovada,0,0,119,ES
TXN-004259,2024-02-09 13:33:43,CUST-00626,MERCH-0042,e-commerce,189.48,PIX,internet_banking,FP-781852,131.210.xxx.xxx,aprovada,0,,90,AL
TXN-004260,2024-01-25 05:31:30,CUST-00208,MERCH-0171,outros,12.24,cartao_debito,internet_banking,FP-129607,227.98.xxx.xxx,pendente,0,,129,RJ
TXN-004261,2024-01-02 20:59:39,CUST-00172,MERCH-0082,servicos_digitais,77.58,cartao_credito,internet_banking,FP-656315,182.201.xxx.xxx,aprovada,0,,142,GO
TXN-004262,2024-02-21 00:05:49,CUST-00253,MERCH-0086,restaurantes,90.55,PIX,app_mobile,FP-978877,186.185.xxx.xxx,aprovada,0,0,187,SP
TXN-004263,2024-02-22 00:41:34,CUST-00365,MERCH-0156,restaurantes,119.0,PIX,internet_banking,FP-250802,77.83.xxx.xxx,aprovada,0,,131,ES
TXN-004264,2024-01-03 23:31:34,CUST-00787,MERCH-0166,e-commerce,426.33,PIX,internet_banking,FP-753652,151.45.xxx.xxx,aprovada,0,,292,RN
TXN-004265,2024-01-18 22:34:12,CUST-00482,MERCH-0069,e-commerce,226.84,cartao_credito,caixa_eletronico,,40.192.xxx.xxx,estornada,0,,106,ES
TXN-004266,2024-02-01 19:11:37,CUST-00518,MERCH-0087,marketplace,642.52,cartao_debito,app_mobile,FP-295928,122.209.xxx.xxx,aprovada,0,,148,PI
TXN-004267,2024-01-17 04:06:41,CUST-00049,MERCH-0137,servicos_digitais,2122.89,cartao_debito,internet_banking,FP-252677,128.123.xxx.xxx,aprovada,0,,234,DF
TXN-004268,2024-02-21 02:51:21,CUST-00535,MERCH-0043,farmacias,2553.92,PIX,app_mobile,FP-140004,12.10.xxx.xxx,aprovada,0,,433,GO
TXN-004269,2024-02-03 05:16:52,CUST-00228,MERCH-0062,restaurantes,135.62,boleto,caixa_eletronico,FP-630453,65.141.xxx.xxx,aprovada,0,,414,MA
TXN-004270,2024-02-22 23:16:09,CUST-00785,MERCH-0106,restaurantes,796.52,boleto,internet_banking,,115.121.xxx.xxx,aprovada,0,,283,PB
TXN-004271,2024-02-17 20:52:36,CUST-00570,MERCH-0118,viagens,222.43,boleto,API,,41.18.xxx.xxx,aprovada,0,,326,SC
TXN-004272,2024-02-11 01:38:27,CUST-00138,MERCH-0011,servicos_digitais,3023.46,PIX,API,FP-871078,224.40.xxx.xxx,aprovada,0,,45,SP
TXN-004273,2024-02-26 21:25:36,CUST-00783,MERCH-0145,utilidades,172.53,boleto,app_mobile,FP-673055,227.101.xxx.xxx,recusada,0,,240,AM
TXN-004274,2024-01-11 12:39:14,CUST-00323,MERCH-0141,marketplace,229.95,TED,internet_banking,FP-262301,112.110.xxx.xxx,aprovada,0,,267,SP
TXN-004275,2024-02-28 17:54:08,CUST-00415,MERCH-0119,e-commerce,98.26,cartao_credito,caixa_eletronico,FP-615515,205.79.xxx.xxx,aprovada,0,,189,RJ
TXN-004276,2024-01-20 15:26:49,CUST-00069,MERCH-0022,e-commerce,199.21,cartao_debito,internet_banking,FP-792254,166.154.xxx.xxx,aprovada,0,,21,SP
TXN-004277,2024-01-27 04:33:54,CUST-00430,MERCH-0106,farmacias,2539.57,PIX,app_mobile,FP-989349,178.195.xxx.xxx,aprovada,0,,42,ES
TXN-004278,2024-01-09 07:17:35,CUST-00281,MERCH-0043,postos,263.79,PIX,app_mobile,FP-723134,165.82.xxx.xxx,aprovada,0,0,118,PE
TXN-004279,2024-02-03 17:25:21,CUST-00539,MERCH-0167,e-commerce,282.71,cartao_credito,caixa_eletronico,FP-340993,167.98.xxx.xxx,pendente,0,,22,MG
TXN-004280,2024-01-27 08:08:36,CUST-00546,MERCH-0073,viagens,346.06,cartao_credito,app_mobile,FP-658934,238.126.xxx.xxx,aprovada,0,,139,ES
TXN-004281,2024-02-14 02:59:42,CUST-00403,MERCH-0116,marketplace,8258.49,cartao_debito,internet_banking,FP-851319,117.53.xxx.xxx,aprovada,0,,29,RJ
TXN-004282,2024-02-09 23:29:00,CUST-00190,MERCH-0038,supermercados,28.05,cartao_debito,API,,43.3.xxx.xxx,aprovada,0,,176,SP
TXN-004283,2024-02-25 06:16:42,CUST-00074,MERCH-0106,postos,960.35,cartao_credito,app_mobile,FP-208243,107.89.xxx.xxx,aprovada,0,,173,PB
TXN-004284,2024-01-05 12:52:04,CUST-00366,MERCH-0134,utilidades,188.92,TED,app_mobile,FP-204073,101.64.xxx.xxx,aprovada,0,,257,SP
TXN-004285,2024-02-12 10:28:24,CUST-00444,MERCH-0169,supermercados,90.33,PIX,app_mobile,,208.46.xxx.xxx,aprovada,0,,343,RN
TXN-004286,2024-01-23 04:23:41,CUST-00526,MERCH-0024,e-commerce,2186.29,cartao_debito,API,,207.242.xxx.xxx,recusada,0,,186,PB
TXN-004287,2024-02-05 17:51:45,CUST-00470,MERCH-0069,e-commerce,172.24,TED,API,,166.28.xxx.xxx,aprovada,0,,164,RJ
TXN-004288,2024-01-06 11:37:24,CUST-00044,MERCH-0088,utilidades,1128.74,cartao_credito,app_mobile,FP-838818,121.16.xxx.xxx,aprovada,0,,33,RJ
TXN-004289,2024-02-17 04:37:37,CUST-00231,MERCH-0015,restaurantes,875.88,PIX,app_mobile,FP-769932,199.159.xxx.xxx,aprovada,1,1,97,ES
TXN-004290,2024-02-22 12:27:18,CUST-00244,MERCH-0102,outros,252.07,cartao_credito,internet_banking,FP-756957,63.169.xxx.xxx,aprovada,0,,60,ES
TXN-004291,2024-01-28 12:37:32,CUST-00097,MERCH-0089,servicos_digitais,136.4,TED,API,,203.175.xxx.xxx,aprovada,0,,102,MS
TXN-004292,2024-02-06 05:57:36,CUST-00491,MERCH-0144,supermercados,115.05,PIX,internet_banking,FP-521221,13.169.xxx.xxx,aprovada,0,,65,RJ
TXN-004293,2024-01-02 14:26:46,CUST-00366,MERCH-0125,utilidades,161.81,cartao_credito,app_mobile,FP-489917,123.182.xxx.xxx,aprovada,0,,89,MG
TXN-004294,2024-01-16 16:11:17,CUST-00469,MERCH-0140,postos,90.21,TED,internet_banking,,199.127.xxx.xxx,aprovada,0,,824,AL
TXN-004295,2024-01-21 04:03:43,CUST-00715,MERCH-0187,restaurantes,691.55,cartao_credito,internet_banking,FP-947156,220.100.xxx.xxx,aprovada,0,,66,ES
TXN-004296,2024-02-22 09:33:29,CUST-00399,MERCH-0089,outros,1212.29,PIX,app_mobile,FP-786817,78.86.xxx.xxx,pendente,0,,157,MS
TXN-004297,2024-02-23 20:26:41,CUST-00411,MERCH-0044,e-commerce,0.0,boleto,caixa_eletronico,FP-996536,58.232.xxx.xxx,recusada,0,,33,PR
TXN-004298,2024-01-19 20:28:58,CUST-00647,MERCH-0199,e-commerce,1515.81,PIX,API,FP-906303,218.157.xxx.xxx,recusada,0,,61,RJ
TXN-004299,2024-02-07 01:09:13,CUST-00765,MERCH-0158,viagens,0.0,cartao_credito,caixa_eletronico,FP-412581,173.131.xxx.xxx,pendente,0,,75,ES
TXN-004300,2024-02-10 01:33:08,CUST-00321,MERCH-0124,postos,480.0,cartao_debito,app_mobile,FP-103140,78.230.xxx.xxx,aprovada,0,,250,AL
TXN-004301,2024-02-18 20:31:05,CUST-00088,MERCH-0015,marketplace,136.24,cartao_credito,app_mobile,FP-411185,158.26.xxx.xxx,aprovada,0,,53,AC
TXN-004302,2024-02-24 00:55:15,CUST-00539,MERCH-0060,viagens,28.92,boleto,API,,106.246.xxx.xxx,aprovada,0,,79,SP
TXN-004303,2024-02-07 07:33:19,CUST-00134,MERCH-0148,servicos_digitais,427.91,cartao_debito,app_mobile,FP-259430,141.108.xxx.xxx,aprovada,1,1,97,MG
TXN-004304,2024-02-06 00:18:31,CUST-00244,MERCH-0142,supermercados,411.0,TED,app_mobile,FP-728854,109.215.xxx.xxx,aprovada,0,0,97,MG
TXN-004305,2024-01-30 18:34:30,CUST-00050,MERCH-0102,outros,314.83,cartao_credito,app_mobile,FP-377657,66.27.xxx.xxx,aprovada,0,,192,TO
TXN-004306,2024-02-14 14:54:47,CUST-00735,MERCH-0182,e-commerce,323.94,cartao_credito,internet_banking,FP-904061,194.199.xxx.xxx,aprovada,0,,11,MG
TXN-004307,2024-02-20 09:58:04,CUST-00340,MERCH-0006,postos,263.43,PIX,caixa_eletronico,FP-609119,2.77.xxx.xxx,aprovada,0,,112,MA
TXN-004308,2024-01-02 07:12:33,CUST-00242,MERCH-0010,restaurantes,96.21,boleto,caixa_eletronico,FP-230183,233.107.xxx.xxx,aprovada,0,0,81,PB
TXN-004309,2024-01-25 01:30:42,CUST-00213,MERCH-0121,supermercados,1571.47,cartao_debito,internet_banking,FP-943189,112.242.xxx.xxx,pendente,0,,123,PR
TXN-004310,2024-02-16 03:54:23,CUST-00645,MERCH-0077,servicos_digitais,281.84,cartao_debito,app_mobile,FP-984158,227.60.xxx.xxx,aprovada,0,,881,SP
TXN-004311,2024-02-27 22:13:36,CUST-00176,MERCH-0085,servicos_digitais,323.27,cartao_debito,internet_banking,FP-965122,204.115.xxx.xxx,aprovada,0,,139,ES
TXN-004312,2024-01-20 10:56:54,CUST-00614,MERCH-0069,marketplace,111.19,cartao_debito,internet_banking,FP-700262,252.26.xxx.xxx,pendente,0,0,224,PR
TXN-004313,2024-01-09 03:16:36,CUST-00417,MERCH-0052,restaurantes,1450.88,cartao_credito,internet_banking,FP-739722,96.115.xxx.xxx,aprovada,0,1,962,MG
TXN-004314,2024-01-06 09:59:27,CUST-00354,MERCH-0162,e-commerce,497.04,boleto,app_mobile,FP-131214,45.68.xxx.xxx,aprovada,0,0,126,RR
TXN-004315,2024-02-12 02:18:12,CUST-00676,MERCH-0004,postos,1233.47,TED,caixa_eletronico,FP-731495,154.171.xxx.xxx,aprovada,1,,1545,SP
TXN-004316,2024-01-19 01:02:22,CUST-00107,MERCH-0071,restaurantes,98.91,PIX,API,,28.201.xxx.xxx,aprovada,0,,118,MA
TXN-004317,2024-01-07 01:35:27,CUST-00248,MERCH-0109,outros,138.76,cartao_debito,caixa_eletronico,FP-812136,13.167.xxx.xxx,aprovada,0,,102,SP
TXN-004318,2024-01-04 04:19:56,CUST-00175,MERCH-0166,viagens,654.98,cartao_debito,caixa_eletronico,FP-248818,88.147.xxx.xxx,aprovada,0,,79,MS
TXN-004319,2024-01-29 01:13:08,CUST-00189,MERCH-0075,servicos_digitais,315.77,cartao_credito,app_mobile,FP-488267,222.90.xxx.xxx,aprovada,0,,212,MS
TXN-004320,2024-01-24 21:08:01,CUST-00720,MERCH-0049,marketplace,190.37,PIX,caixa_eletronico,FP-770517,214.233.xxx.xxx,aprovada,0,,100,MS
TXN-004321,2024-02-17 22:54:32,CUST-00412,MERCH-0145,postos,171.74,cartao_credito,API,,15.102.xxx.xxx,aprovada,0,,500,ES
TXN-004322,2024-01-08 12:32:05,CUST-00632,MERCH-0060,e-commerce,153.01,cartao_credito,app_mobile,FP-252591,198.36.xxx.xxx,aprovada,0,,35,SP
TXN-004323,2024-01-16 20:08:27,CUST-00585,MERCH-0135,e-commerce,161.15,cartao_credito,API,FP-259387,155.140.xxx.xxx,aprovada,0,,314,PR
TXN-004324,2024-01-05 12:05:56,CUST-00653,MERCH-0178,postos,2075.64,cartao_credito,internet_banking,FP-380415,61.153.xxx.xxx,aprovada,0,,194,ES
TXN-004325,2024-01-24 08:28:17,CUST-00171,MERCH-0115,e-commerce,77.32,PIX,API,,173.25.xxx.xxx,aprovada,0,,100,RJ
TXN-004326,2024-01-08 14:56:51,CUST-00560,MERCH-0178,e-commerce,687.75,TED,app_mobile,FP-813993,208.203.xxx.xxx,pendente,0,,114,PR
TXN-004327,2024-01-08 03:12:08,CUST-00157,MERCH-0141,e-commerce,263.46,TED,app_mobile,FP-723829,219.13.xxx.xxx,recusada,0,,35,MA
TXN-004328,2024-01-11 21:29:24,CUST-00304,MERCH-0158,restaurantes,104.26,PIX,caixa_eletronico,FP-980708,115.234.xxx.xxx,aprovada,0,,38,ES
TXN-004329,2024-01-20 20:57:26,CUST-00184,MERCH-0079,e-commerce,228.98,PIX,app_mobile,FP-460996,196.56.xxx.xxx,aprovada,0,0,296,SP
TXN-004330,2024-01-12 15:25:07,CUST-00391,MERCH-0136,servicos_digitais,254.02,PIX,internet_banking,FP-540678,20.88.xxx.xxx,aprovada,0,,466,SP
TXN-004331,2024-02-01 10:00:27,CUST-00490,MERCH-0098,viagens,95.56,TED,internet_banking,FP-514021,61.230.xxx.xxx,aprovada,0,,38,MG
TXN-004332,2024-02-05 00:53:10,CUST-00069,MERCH-0163,restaurantes,292.11,cartao_debito,app_mobile,FP-218720,85.189.xxx.xxx,aprovada,0,,60,RJ
TXN-004333,2024-01-06 18:49:24,CUST-00168,MERCH-0105,farmacias,706.2,TED,internet_banking,FP-618169,85.149.xxx.xxx,aprovada,0,,84,RS
TXN-004334,2024-01-18 16:36:11,CUST-00405,MERCH-0149,outros,221.63,cartao_debito,internet_banking,FP-308792,207.155.xxx.xxx,aprovada,0,,56,CE
TXN-004335,2024-02-01 10:38:41,CUST-00557,MERCH-0003,e-commerce,104.84,PIX,internet_banking,FP-716703,138.228.xxx.xxx,aprovada,0,,215,SC
TXN-004336,2024-02-21 06:30:28,CUST-00463,MERCH-0068,restaurantes,103.85,cartao_credito,caixa_eletronico,FP-721515,128.97.xxx.xxx,aprovada,0,,134,SC
TXN-004337,2024-01-01 20:56:59,CUST-00631,MERCH-0016,restaurantes,45.79,PIX,internet_banking,FP-706721,42.35.xxx.xxx,aprovada,0,,289,RJ
TXN-004338,2024-02-05 03:47:05,CUST-00091,MERCH-0176,supermercados,594.67,cartao_credito,app_mobile,FP-746061,83.193.xxx.xxx,pendente,0,,103,ES
TXN-004339,2024-02-21 18:16:53,CUST-00263,MERCH-0179,restaurantes,367.15,cartao_debito,app_mobile,FP-217689,26.113.xxx.xxx,aprovada,0,,82,CE
TXN-004340,2024-02-23 05:54:20,CUST-00297,MERCH-0003,e-commerce,267.21,cartao_credito,app_mobile,FP-337486,155.123.xxx.xxx,aprovada,0,,968,RO
TXN-004341,2024-01-18 12:46:05,CUST-00471,MERCH-0018,farmacias,898.98,TED,internet_banking,FP-430126,99.78.xxx.xxx,aprovada,0,,336,AL
TXN-004342,2024-01-28 08:30:25,CUST-00472,MERCH-0071,servicos_digitais,33.8,TED,API,FP-867893,26.16.xxx.xxx,aprovada,0,,205,PA
TXN-004343,2024-02-07 23:40:16,CUST-00431,MERCH-0170,supermercados,234.0,PIX,internet_banking,FP-200876,177.106.xxx.xxx,aprovada,0,,223,RJ
TXN-004344,2024-01-20 21:23:19,CUST-00305,MERCH-0010,outros,580.42,boleto,app_mobile,FP-903541,89.194.xxx.xxx,aprovada,0,,44,RJ
TXN-004345,2024-01-12 09:04:56,CUST-00704,MERCH-0037,marketplace,39.84,boleto,internet_banking,FP-935307,189.248.xxx.xxx,aprovada,0,,343,SP
TXN-004346,2024-02-17 09:13:08,CUST-00171,MERCH-0023,supermercados,237.37,cartao_credito,app_mobile,FP-839239,9.60.xxx.xxx,aprovada,0,,104,MG
TXN-004347,2024-01-18 08:33:53,CUST-00728,MERCH-0072,outros,1481.54,boleto,app_mobile,FP-131198,169.95.xxx.xxx,aprovada,0,,192,RJ
TXN-004348,2024-02-03 03:27:04,CUST-00589,MERCH-0015,e-commerce,1194.27,boleto,internet_banking,FP-269557,218.141.xxx.xxx,aprovada,1,1,192,TO
TXN-004349,2024-02-23 08:18:22,CUST-00463,MERCH-0045,outros,86.88,boleto,API,FP-440452,88.232.xxx.xxx,aprovada,0,,101,PR
TXN-004350,2024-01-11 23:34:28,CUST-00232,MERCH-0086,restaurantes,201.56,cartao_debito,app_mobile,FP-510635,165.50.xxx.xxx,aprovada,0,,203,RJ
TXN-004351,2024-02-24 23:35:17,CUST-00226,MERCH-0122,farmacias,177.24,PIX,app_mobile,FP-769236,112.212.xxx.xxx,aprovada,0,,122,MA
TXN-004352,2024-01-31 10:03:12,CUST-00176,MERCH-0083,marketplace,33.12,boleto,internet_banking,FP-148770,156.174.xxx.xxx,recusada,0,,134,RJ
TXN-004353,2024-02-24 14:11:00,CUST-00331,MERCH-0136,marketplace,166.22,cartao_debito,app_mobile,FP-797806,212.173.xxx.xxx,pendente,0,,319,ES
TXN-004354,2024-02-01 17:39:53,CUST-00422,MERCH-0071,outros,5438.41,cartao_debito,internet_banking,FP-542711,24.34.xxx.xxx,aprovada,0,,110,GO
TXN-004355,2024-02-16 14:12:21,CUST-00582,MERCH-0032,restaurantes,171.41,PIX,internet_banking,FP-744361,172.166.xxx.xxx,aprovada,0,,636,AL
TXN-004356,2024-02-05 04:03:28,CUST-00722,MERCH-0140,marketplace,805.24,PIX,internet_banking,FP-402798,155.201.xxx.xxx,aprovada,1,1,539,MG
TXN-004357,2024-02-13 02:47:40,CUST-00329,MERCH-0187,e-commerce,175.27,cartao_credito,API,,54.203.xxx.xxx,aprovada,1,0,128,MG
TXN-004358,2024-02-01 02:33:18,CUST-00596,MERCH-0190,utilidades,1111.37,PIX,internet_banking,FP-302430,123.22.xxx.xxx,aprovada,0,,108,RJ
TXN-004359,2024-01-20 15:14:11,CUST-00249,MERCH-0020,e-commerce,94.26,boleto,app_mobile,FP-582372,141.14.xxx.xxx,aprovada,0,,39,SP
TXN-004360,2024-01-19 01:04:55,CUST-00797,MERCH-0049,restaurantes,14.08,cartao_credito,app_mobile,FP-992753,34.143.xxx.xxx,aprovada,0,,319,GO
TXN-004361,2024-02-08 16:03:50,CUST-00185,MERCH-0153,e-commerce,134.42,boleto,app_mobile,FP-207342,177.86.xxx.xxx,recusada,1,1,157,RJ
TXN-004362,2024-01-03 13:36:51,CUST-00125,MERCH-0002,farmacias,70.23,PIX,API,FP-809396,210.220.xxx.xxx,aprovada,0,,317,ES
TXN-004363,2024-02-28 23:31:52,CUST-00598,MERCH-0143,servicos_digitais,134.56,boleto,API,,38.183.xxx.xxx,aprovada,0,,63,PA
TXN-004364,2024-02-14 06:34:08,CUST-00073,MERCH-0028,postos,116.75,PIX,app_mobile,FP-170093,217.16.xxx.xxx,aprovada,0,,45,ES
TXN-004365,2024-01-23 14:11:51,CUST-00025,MERCH-0075,viagens,210.43,PIX,app_mobile,FP-652196,84.201.xxx.xxx,aprovada,0,,85,MG
TXN-004366,2024-01-29 11:21:02,CUST-00749,MERCH-0028,utilidades,673.72,boleto,internet_banking,FP-406181,62.223.xxx.xxx,aprovada,0,0,95,AL
TXN-004367,2024-01-09 00:34:19,CUST-00560,MERCH-0052,supermercados,376.24,cartao_credito,internet_banking,FP-211818,1.21.xxx.xxx,aprovada,0,,172,PR
TXN-004368,2024-01-09 15:18:27,CUST-00693,MERCH-0104,viagens,1473.41,cartao_credito,API,,14.133.xxx.xxx,aprovada,0,,117,DF
TXN-004369,2024-02-27 07:20:10,CUST-00195,MERCH-0139,restaurantes,65.93,cartao_credito,internet_banking,FP-138034,224.199.xxx.xxx,pendente,0,,64,RJ
TXN-004370,2024-02-05 22:14:11,CUST-00383,MERCH-0073,postos,349.98,PIX,app_mobile,FP-302955,162.36.xxx.xxx,recusada,0,,289,MG
TXN-004371,2024-01-31 00:19:32,CUST-00769,MERCH-0127,servicos_digitais,786.98,boleto,API,,47.43.xxx.xxx,aprovada,0,,334,RJ
TXN-004372,2024-02-15 20:51:11,CUST-00763,MERCH-0012,farmacias,222.29,cartao_debito,app_mobile,FP-132215,111.61.xxx.xxx,aprovada,0,,242,PR
TXN-004373,2024-02-12 22:00:05,CUST-00564,MERCH-0020,servicos_digitais,127.89,cartao_credito,internet_banking,FP-121639,184.64.xxx.xxx,aprovada,0,,50,SP
TXN-004374,2024-02-25 13:03:24,CUST-00681,MERCH-0056,e-commerce,84.8,PIX,caixa_eletronico,FP-728793,140.59.xxx.xxx,aprovada,0,,735,RJ
TXN-004375,2024-02-20 22:36:33,CUST-00052,MERCH-0055,utilidades,131.94,PIX,caixa_eletronico,FP-926343,248.139.xxx.xxx,pendente,0,,75,SP
TXN-004376,2024-01-24 08:40:16,CUST-00398,MERCH-0099,marketplace,88.89,PIX,caixa_eletronico,FP-355340,60.26.xxx.xxx,aprovada,0,,76,RS
TXN-004377,2024-02-07 20:06:20,CUST-00798,MERCH-0029,postos,1908.67,cartao_credito,API,,174.200.xxx.xxx,aprovada,0,,303,DF
TXN-004378,2024-02-25 04:01:38,CUST-00762,MERCH-0151,e-commerce,773.15,PIX,app_mobile,FP-447045,125.159.xxx.xxx,aprovada,0,,165,SP
TXN-004379,2024-01-18 11:47:07,CUST-00709,MERCH-0030,supermercados,239.02,cartao_credito,internet_banking,FP-534046,74.249.xxx.xxx,aprovada,0,,192,PA
TXN-004380,2024-01-04 00:30:02,CUST-00187,MERCH-0002,servicos_digitais,121.28,TED,API,,137.210.xxx.xxx,aprovada,0,,62,RN
TXN-004381,2024-02-22 00:17:55,CUST-00429,MERCH-0195,utilidades,292.85,PIX,app_mobile,FP-453504,95.100.xxx.xxx,recusada,0,0,336,AP
TXN-004382,2024-01-06 11:29:51,CUST-00653,MERCH-0144,restaurantes,96.74,PIX,internet_banking,,170.38.xxx.xxx,recusada,0,,174,RJ
TXN-004383,2024-01-23 16:01:14,CUST-00082,MERCH-0105,servicos_digitais,56.86,PIX,internet_banking,FP-750157,68.223.xxx.xxx,aprovada,0,,188,ES
TXN-004384,2024-02-23 20:08:28,CUST-00217,MERCH-0083,restaurantes,194.23,cartao_debito,internet_banking,FP-894352,14.57.xxx.xxx,aprovada,0,,48,ES
TXN-004385,2024-01-13 03:12:25,CUST-00231,MERCH-0001,marketplace,955.5,cartao_credito,internet_banking,FP-151824,166.202.xxx.xxx,aprovada,0,,37,SP
TXN-004386,2024-02-29 05:27:47,CUST-00698,MERCH-0039,e-commerce,177.01,PIX,API,FP-585628,230.86.xxx.xxx,recusada,0,0,116,RJ
TXN-004387,2024-02-05 07:13:44,CUST-00176,MERCH-0132,restaurantes,619.26,PIX,app_mobile,FP-124765,195.91.xxx.xxx,aprovada,0,,20,MG
TXN-004388,2024-01-05 00:11:34,CUST-00259,MERCH-0100,supermercados,370.5,cartao_credito,app_mobile,FP-723887,252.245.xxx.xxx,pendente,0,,123,PR
TXN-004389,2024-01-15 10:48:48,CUST-00595,MERCH-0069,postos,2049.47,cartao_debito,app_mobile,FP-846507,226.106.xxx.xxx,aprovada,0,0,209,ES
TXN-004390,2024-02-27 08:03:43,CUST-00144,MERCH-0019,e-commerce,479.3,TED,app_mobile,FP-688464,91.39.xxx.xxx,aprovada,0,,159,SP
TXN-004391,2024-02-26 08:04:15,CUST-00245,MERCH-0051,servicos_digitais,238.78,TED,app_mobile,FP-601548,95.72.xxx.xxx,aprovada,0,,206,MG
TXN-004392,2024-02-18 21:34:01,CUST-00281,MERCH-0080,farmacias,5974.27,TED,API,,60.94.xxx.xxx,aprovada,0,,177,RN
TXN-004393,2024-01-10 11:41:14,CUST-00296,MERCH-0066,supermercados,306.8,TED,app_mobile,FP-960650,8.107.xxx.xxx,aprovada,0,,75,ES
TXN-004394,2024-02-07 07:12:15,CUST-00128,MERCH-0100,outros,260.42,PIX,API,,200.5.xxx.xxx,aprovada,0,,101,RS
TXN-004395,2024-02-26 13:25:56,CUST-00589,MERCH-0154,viagens,315.35,cartao_credito,caixa_eletronico,FP-333897,168.93.xxx.xxx,recusada,0,,149,TO
TXN-004396,2024-02-13 02:16:15,CUST-00095,MERCH-0185,servicos_digitais,587.7,PIX,app_mobile,,83.32.xxx.xxx,aprovada,0,,417,MG
TXN-004397,2024-02-29 01:53:48,CUST-00630,MERCH-0059,supermercados,133.13,cartao_credito,app_mobile,FP-712641,54.58.xxx.xxx,aprovada,0,,193,RR
TXN-004398,2024-02-26 22:33:49,CUST-00604,MERCH-0020,postos,837.56,cartao_debito,internet_banking,FP-958136,113.104.xxx.xxx,aprovada,0,,191,RJ
TXN-004399,2024-02-18 03:36:45,CUST-00481,MERCH-0037,supermercados,758.73,boleto,app_mobile,FP-663859,92.194.xxx.xxx,aprovada,1,1,164,RJ
TXN-004400,2024-02-15 07:40:39,CUST-00553,MERCH-0022,postos,1778.08,PIX,internet_banking,FP-617236,216.172.xxx.xxx,aprovada,0,,606,RJ
TXN-004401,2024-01-31 21:54:09,CUST-00151,MERCH-0031,marketplace,125.54,cartao_credito,API,FP-902656,39.203.xxx.xxx,aprovada,0,,174,GO
TXN-004402,2024-01-22 11:02:29,CUST-00708,MERCH-0183,postos,92.0,cartao_debito,app_mobile,FP-654612,109.196.xxx.xxx,aprovada,0,,579,AL
TXN-004403,2024-02-19 12:05:22,CUST-00443,MERCH-0116,viagens,544.54,cartao_credito,app_mobile,FP-556772,64.146.xxx.xxx,aprovada,0,,353,RS
TXN-004404,2024-01-12 22:40:27,CUST-00226,MERCH-0050,viagens,100.26,PIX,API,FP-910567,77.95.xxx.xxx,aprovada,0,0,104,AL
TXN-004405,2024-01-20 05:14:04,CUST-00500,MERCH-0182,utilidades,673.73,PIX,app_mobile,FP-950495,138.173.xxx.xxx,aprovada,0,,93,MA
TXN-004406,2024-02-15 20:13:41,CUST-00716,MERCH-0137,e-commerce,164.24,cartao_debito,internet_banking,FP-239000,108.148.xxx.xxx,recusada,1,1,60,MT
TXN-004407,2024-02-15 00:28:09,CUST-00370,MERCH-0085,farmacias,367.72,cartao_credito,app_mobile,FP-250272,252.73.xxx.xxx,aprovada,0,,179,SP
TXN-004408,2024-01-17 13:04:54,CUST-00642,MERCH-0109,postos,11.1,TED,internet_banking,FP-848099,148.23.xxx.xxx,aprovada,0,,175,RS
TXN-004409,2024-01-15 21:30:29,CUST-00440,MERCH-0088,marketplace,388.65,cartao_debito,internet_banking,FP-425046,70.48.xxx.xxx,aprovada,0,,173,RJ
TXN-004410,2024-02-09 04:19:21,CUST-00263,MERCH-0001,servicos_digitais,414.11,cartao_debito,app_mobile,FP-771925,170.164.xxx.xxx,aprovada,0,,80,PE
TXN-004411,2024-01-04 19:35:38,CUST-00381,MERCH-0146,e-commerce,731.81,TED,internet_banking,,163.34.xxx.xxx,aprovada,0,,138,RJ
TXN-004412,2024-01-10 18:57:23,CUST-00652,MERCH-0193,utilidades,46.37,PIX,app_mobile,FP-860046,43.21.xxx.xxx,aprovada,0,,88,GO
TXN-004413,2024-02-29 13:29:02,CUST-00405,MERCH-0097,e-commerce,121.29,TED,internet_banking,FP-274709,39.53.xxx.xxx,aprovada,0,,73,AL
TXN-004414,2024-01-24 07:34:38,CUST-00484,MERCH-0112,viagens,608.77,PIX,internet_banking,FP-665022,71.147.xxx.xxx,aprovada,0,,134,SP
TXN-004415,2024-02-04 08:30:50,CUST-00626,MERCH-0145,e-commerce,428.75,cartao_credito,internet_banking,FP-661623,181.9.xxx.xxx,pendente,0,,163,CE
TXN-004416,2024-02-23 19:16:46,CUST-00617,MERCH-0072,e-commerce,48.66,TED,app_mobile,FP-511610,49.224.xxx.xxx,aprovada,0,,77,RS
TXN-004417,2024-01-15 11:54:32,CUST-00706,MERCH-0082,e-commerce,104.85,PIX,app_mobile,FP-185765,169.103.xxx.xxx,aprovada,0,,139,MS
TXN-004418,2024-01-02 09:21:48,CUST-00457,MERCH-0131,outros,132.59,PIX,app_mobile,FP-174251,232.103.xxx.xxx,aprovada,0,,126,RO
TXN-004419,2024-01-05 06:12:58,CUST-00010,MERCH-0109,supermercados,855.7,TED,API,,110.179.xxx.xxx,aprovada,0,,142,MG
TXN-004420,2024-02-07 09:05:34,CUST-00248,MERCH-0153,e-commerce,99.79,PIX,app_mobile,FP-522320,67.230.xxx.xxx,aprovada,0,,350,MG
TXN-004421,2024-01-13 18:03:38,CUST-00570,MERCH-0196,marketplace,1807.86,cartao_credito,internet_banking,FP-993056,130.185.xxx.xxx,recusada,0,,228,SC
TXN-004422,2024-02-08 10:21:18,CUST-00043,MERCH-0030,viagens,7.64,PIX,internet_banking,FP-927850,84.161.xxx.xxx,aprovada,0,,211,RJ
TXN-004423,2024-02-08 22:30:43,CUST-00123,MERCH-0182,e-commerce,849.27,cartao_debito,app_mobile,FP-746646,142.228.xxx.xxx,pendente,0,,976,GO
TXN-004424,2024-02-11 09:14:42,CUST-00769,MERCH-0064,marketplace,595.45,TED,app_mobile,FP-857004,228.115.xxx.xxx,recusada,0,,116,MG
TXN-004425,2024-01-28 00:43:00,CUST-00382,MERCH-0057,e-commerce,26.65,cartao_debito,app_mobile,FP-412788,185.182.xxx.xxx,aprovada,0,,483,MG
TXN-004426,2024-02-05 18:33:05,CUST-00725,MERCH-0196,servicos_digitais,514.95,cartao_credito,app_mobile,FP-476407,138.170.xxx.xxx,aprovada,0,,127,MT
TXN-004427,2024-01-01 09:41:47,CUST-00093,MERCH-0021,supermercados,246.95,TED,caixa_eletronico,FP-167006,115.210.xxx.xxx,aprovada,0,,139,SP
TXN-004428,2024-01-25 06:42:33,CUST-00136,MERCH-0188,utilidades,1216.91,PIX,internet_banking,FP-919895,88.131.xxx.xxx,aprovada,0,,460,RR
TXN-004429,2024-01-29 11:29:27,CUST-00264,MERCH-0039,outros,127.49,cartao_credito,app_mobile,FP-724351,193.62.xxx.xxx,aprovada,0,,254,RJ
TXN-004430,2024-02-07 11:13:27,CUST-00414,MERCH-0013,supermercados,679.81,PIX,app_mobile,FP-700491,19.9.xxx.xxx,aprovada,0,,311,AL
TXN-004431,2024-02-24 23:19:19,CUST-00509,MERCH-0045,marketplace,147.3,cartao_credito,app_mobile,FP-103358,177.186.xxx.xxx,pendente,0,,145,RJ
TXN-004432,2024-01-30 07:15:19,CUST-00694,MERCH-0086,outros,34.91,TED,app_mobile,FP-697468,42.169.xxx.xxx,aprovada,0,,191,MG
TXN-004433,2024-01-22 00:10:12,CUST-00132,MERCH-0155,servicos_digitais,138.31,TED,internet_banking,FP-156286,119.242.xxx.xxx,aprovada,0,,135,RJ
TXN-004434,2024-02-07 20:51:52,CUST-00327,MERCH-0053,e-commerce,453.97,TED,app_mobile,FP-606048,77.242.xxx.xxx,aprovada,0,,58,SE
TXN-004435,2024-01-09 03:35:26,CUST-00116,MERCH-0037,utilidades,477.54,PIX,internet_banking,FP-685351,168.102.xxx.xxx,aprovada,0,,92,ES
TXN-004436,2024-01-13 16:43:45,CUST-00068,MERCH-0111,utilidades,143.36,PIX,API,FP-952719,2.210.xxx.xxx,aprovada,0,,115,SP
TXN-004437,2024-02-27 13:39:18,CUST-00151,MERCH-0030,marketplace,1783.22,boleto,caixa_eletronico,FP-670600,101.110.xxx.xxx,recusada,0,,150,MT
TXN-004438,2024-02-26 01:47:34,CUST-00359,MERCH-0189,e-commerce,97.88,cartao_debito,caixa_eletronico,FP-795200,55.105.xxx.xxx,aprovada,0,,694,PR
TXN-004439,2024-02-23 18:39:29,CUST-00490,MERCH-0125,restaurantes,754.02,PIX,caixa_eletronico,FP-190490,28.7.xxx.xxx,aprovada,0,,124,RJ
TXN-004440,2024-01-20 05:31:09,CUST-00741,MERCH-0064,supermercados,234.23,TED,internet_banking,FP-989128,123.223.xxx.xxx,aprovada,0,,159,PR
TXN-004441,2024-01-21 16:10:53,CUST-00666,MERCH-0019,servicos_digitais,68.31,cartao_credito,internet_banking,FP-769622,96.214.xxx.xxx,pendente,0,,134,MA
TXN-004442,2024-01-05 07:27:49,CUST-00307,MERCH-0050,viagens,987.72,cartao_debito,internet_banking,FP-176596,126.131.xxx.xxx,aprovada,0,,173,SC
TXN-004443,2024-01-01 19:16:24,CUST-00521,MERCH-0028,utilidades,1303.77,PIX,app_mobile,FP-387480,244.253.xxx.xxx,aprovada,0,0,182,RJ
TXN-004444,2024-02-18 06:15:25,CUST-00443,MERCH-0123,e-commerce,205.21,boleto,internet_banking,FP-638252,198.228.xxx.xxx,pendente,0,,204,RS
TXN-004445,2024-02-29 05:47:05,CUST-00694,MERCH-0013,outros,28.08,cartao_debito,app_mobile,,208.47.xxx.xxx,recusada,0,,32,SP
TXN-004446,2024-02-10 15:36:23,CUST-00187,MERCH-0049,viagens,280.94,TED,app_mobile,,53.50.xxx.xxx,aprovada,0,,108,CE
TXN-004447,2024-02-01 21:10:28,CUST-00065,MERCH-0158,outros,301.4,boleto,internet_banking,FP-864249,11.112.xxx.xxx,aprovada,0,,287,MG
TXN-004448,2024-01-04 22:33:12,CUST-00211,MERCH-0144,viagens,25.1,cartao_credito,internet_banking,FP-549070,152.99.xxx.xxx,recusada,0,,98,PR
TXN-004449,2024-02-21 19:47:54,CUST-00111,MERCH-0178,restaurantes,100.78,cartao_credito,API,,54.20.xxx.xxx,aprovada,0,,201,MG
TXN-004450,2024-01-10 10:57:12,CUST-00445,MERCH-0176,servicos_digitais,74.88,TED,app_mobile,FP-427695,173.209.xxx.xxx,aprovada,0,,93,MT
TXN-004451,2024-01-29 17:10:31,CUST-00210,MERCH-0165,e-commerce,593.59,cartao_debito,API,,106.113.xxx.xxx,aprovada,0,,85,CE
TXN-004452,2024-02-12 15:46:34,CUST-00172,MERCH-0070,postos,1991.52,cartao_credito,API,,165.104.xxx.xxx,recusada,0,,142,MS
TXN-004453,2024-02-01 13:06:41,CUST-00095,MERCH-0026,postos,53.34,PIX,app_mobile,FP-684553,27.223.xxx.xxx,aprovada,0,,39,RJ
TXN-004454,2024-02-07 15:30:56,CUST-00636,MERCH-0156,marketplace,929.25,PIX,API,,195.197.xxx.xxx,aprovada,1,1,318,RJ
TXN-004455,2024-01-29 03:05:46,CUST-00615,MERCH-0138,farmacias,113.49,cartao_debito,app_mobile,FP-421472,101.213.xxx.xxx,aprovada,0,,44,SC
TXN-004456,2024-02-20 09:20:33,CUST-00733,MERCH-0158,marketplace,355.92,cartao_debito,internet_banking,FP-981579,187.188.xxx.xxx,aprovada,0,,148,RO
TXN-004457,2024-02-25 06:41:45,CUST-00241,MERCH-0136,postos,163.9,PIX,internet_banking,FP-880445,173.221.xxx.xxx,recusada,0,,349,SC
TXN-004458,2024-02-13 01:06:59,CUST-00213,MERCH-0094,supermercados,77.99,cartao_credito,internet_banking,FP-933423,150.248.xxx.xxx,estornada,0,,73,RS
TXN-004459,2024-01-25 00:11:58,CUST-00464,MERCH-0175,viagens,595.71,PIX,app_mobile,FP-730342,248.59.xxx.xxx,aprovada,0,,156,AL
TXN-004460,2024-01-06 04:41:11,CUST-00329,MERCH-0173,e-commerce,365.44,cartao_debito,internet_banking,FP-311461,209.17.xxx.xxx,aprovada,0,,226,SP
TXN-004461,2024-01-08 16:14:08,CUST-00109,MERCH-0098,outros,43.51,PIX,API,FP-304245,106.241.xxx.xxx,aprovada,0,,78,SP
TXN-004462,2024-02-05 17:22:22,CUST-00648,MERCH-0086,e-commerce,634.59,boleto,app_mobile,FP-770264,146.22.xxx.xxx,aprovada,0,,291,RJ
TXN-004463,2024-01-19 16:52:03,CUST-00117,MERCH-0145,marketplace,50.17,cartao_debito,app_mobile,FP-257814,237.71.xxx.xxx,pendente,0,,176,MG
TXN-004464,2024-01-06 23:52:04,CUST-00020,MERCH-0151,outros,181.37,PIX,app_mobile,FP-905852,44.254.xxx.xxx,aprovada,0,,249,PR
TXN-004465,2024-02-18 13:07:17,CUST-00105,MERCH-0140,postos,4318.83,cartao_credito,caixa_eletronico,FP-288393,7.202.xxx.xxx,recusada,0,,77,SC
TXN-004466,2024-02-16 21:21:52,CUST-00387,MERCH-0015,restaurantes,180.33,PIX,internet_banking,FP-116151,159.224.xxx.xxx,aprovada,0,,326,DF
TXN-004467,2024-01-21 20:08:16,CUST-00199,MERCH-0028,e-commerce,812.79,cartao_credito,caixa_eletronico,FP-973818,93.131.xxx.xxx,pendente,0,,229,GO
TXN-004468,2024-01-07 23:32:11,CUST-00607,MERCH-0004,utilidades,359.23,PIX,caixa_eletronico,FP-230284,22.229.xxx.xxx,aprovada,0,,209,ES
TXN-004469,2024-02-29 06:56:16,CUST-00776,MERCH-0022,servicos_digitais,86.56,PIX,API,,172.251.xxx.xxx,aprovada,0,,275,ES
TXN-004470,2024-01-20 02:45:51,CUST-00518,MERCH-0113,outros,527.39,cartao_debito,app_mobile,FP-760474,204.28.xxx.xxx,aprovada,0,,77,SE
TXN-004471,2024-02-24 23:47:35,CUST-00501,MERCH-0055,e-commerce,107.11,PIX,internet_banking,FP-411603,156.35.xxx.xxx,aprovada,0,,316,AP
TXN-004472,2024-01-16 05:20:39,CUST-00705,MERCH-0006,outros,448.64,boleto,internet_banking,FP-828479,39.228.xxx.xxx,aprovada,1,1,62,RJ
TXN-004473,2024-01-14 17:14:49,CUST-00641,MERCH-0140,supermercados,147.79,TED,internet_banking,FP-128013,44.231.xxx.xxx,aprovada,0,,323,SP
TXN-004474,2024-01-07 00:12:16,CUST-00533,MERCH-0037,supermercados,1877.25,cartao_credito,internet_banking,FP-379772,251.188.xxx.xxx,pendente,0,,327,SC
TXN-004475,2024-01-24 05:34:23,CUST-00202,MERCH-0050,e-commerce,47.5,cartao_debito,internet_banking,FP-457977,169.191.xxx.xxx,aprovada,0,,167,PB
TXN-004476,2024-01-27 07:45:43,CUST-00104,MERCH-0065,servicos_digitais,76.47,PIX,app_mobile,FP-811297,134.73.xxx.xxx,aprovada,0,,280,SP
TXN-004477,2024-01-20 04:51:40,CUST-00265,MERCH-0170,outros,296.38,PIX,internet_banking,FP-499713,169.229.xxx.xxx,aprovada,1,,289,PE
TXN-004478,2024-01-17 00:42:56,CUST-00607,MERCH-0102,e-commerce,79.53,PIX,app_mobile,FP-440494,192.235.xxx.xxx,aprovada,0,,123,SP
TXN-004479,2024-02-12 11:44:06,CUST-00723,MERCH-0008,restaurantes,786.15,TED,app_mobile,FP-191557,3.135.xxx.xxx,aprovada,0,,84,AL
TXN-004480,2024-02-24 01:12:12,CUST-00779,MERCH-0145,postos,454.82,cartao_credito,internet_banking,FP-768288,58.236.xxx.xxx,aprovada,0,,390,RO
TXN-004481,2024-01-23 05:04:46,CUST-00493,MERCH-0048,outros,2277.45,PIX,API,,115.57.xxx.xxx,aprovada,0,0,199,ES
TXN-004482,2024-01-18 09:37:09,CUST-00433,MERCH-0143,servicos_digitais,234.86,cartao_credito,API,FP-922802,73.61.xxx.xxx,recusada,0,,82,TO
TXN-004483,2024-02-29 16:17:54,CUST-00074,MERCH-0065,marketplace,2250.88,PIX,internet_banking,FP-573075,139.186.xxx.xxx,aprovada,0,,102,AL
TXN-004484,2024-02-23 18:22:24,CUST-00387,MERCH-0002,servicos_digitais,97.25,cartao_credito,app_mobile,FP-103631,114.168.xxx.xxx,aprovada,0,,58,MT
TXN-004485,2024-01-19 23:40:26,CUST-00695,MERCH-0019,servicos_digitais,74.51,cartao_credito,app_mobile,,208.173.xxx.xxx,aprovada,0,,292,SP
TXN-004486,2024-01-14 21:12:50,CUST-00069,MERCH-0141,marketplace,1424.8,cartao_credito,app_mobile,FP-249200,203.254.xxx.xxx,aprovada,0,,344,RJ
TXN-004487,2024-01-16 06:28:56,CUST-00009,MERCH-0198,farmacias,80.71,cartao_credito,app_mobile,FP-787974,66.245.xxx.xxx,aprovada,0,,228,PB
TXN-004488,2024-01-17 19:51:48,CUST-00263,MERCH-0157,postos,33.61,boleto,app_mobile,FP-103654,121.187.xxx.xxx,aprovada,0,,297,PB
TXN-004489,2024-01-02 01:21:37,CUST-00543,MERCH-0178,outros,97.02,PIX,app_mobile,FP-694992,156.212.xxx.xxx,pendente,0,,87,ES
TXN-004490,2024-01-01 13:30:23,CUST-00494,MERCH-0122,e-commerce,105.35,cartao_credito,app_mobile,FP-937613,112.140.xxx.xxx,recusada,0,,68,ES
TXN-004491,2024-02-16 18:38:14,CUST-00617,MERCH-0098,postos,525.81,cartao_credito,API,,195.1.xxx.xxx,recusada,0,,116,RS
TXN-004492,2024-02-04 00:38:33,CUST-00213,MERCH-0095,e-commerce,78.03,cartao_debito,internet_banking,FP-742388,6.212.xxx.xxx,aprovada,0,,205,PR
TXN-004493,2024-02-23 15:21:50,CUST-00170,MERCH-0091,supermercados,4140.23,TED,caixa_eletronico,FP-786599,74.186.xxx.xxx,aprovada,0,,82,ES
TXN-004494,2024-01-05 15:25:02,CUST-00554,MERCH-0007,viagens,201.64,cartao_credito,internet_banking,FP-810945,79.124.xxx.xxx,recusada,0,,483,RO
TXN-004495,2024-01-01 01:48:59,CUST-00222,MERCH-0092,marketplace,1215.77,PIX,app_mobile,FP-861139,62.37.xxx.xxx,recusada,0,,235,PE
TXN-004496,2024-02-22 16:26:05,CUST-00786,MERCH-0163,e-commerce,628.93,PIX,internet_banking,FP-968156,138.124.xxx.xxx,aprovada,0,0,242,RJ
TXN-004497,2024-01-03 05:18:56,CUST-00071,MERCH-0102,restaurantes,529.44,cartao_credito,app_mobile,FP-396064,249.245.xxx.xxx,estornada,0,,622,RO
TXN-004498,2024-02-23 21:33:44,CUST-00409,MERCH-0041,postos,22.21,PIX,API,,156.42.xxx.xxx,aprovada,0,,207,RJ
TXN-004499,2024-02-14 15:07:05,CUST-00009,MERCH-0114,utilidades,338.64,PIX,app_mobile,FP-270803,56.86.xxx.xxx,aprovada,0,,127,SE
TXN-004500,2024-01-09 03:04:47,CUST-00281,MERCH-0002,marketplace,4400.01,cartao_credito,app_mobile,FP-213004,79.18.xxx.xxx,aprovada,0,,79,MA
TXN-004501,2024-01-27 20:27:41,CUST-00320,MERCH-0178,marketplace,157.06,TED,app_mobile,FP-650167,246.46.xxx.xxx,aprovada,0,,63,SE
TXN-004502,2024-02-04 11:07:40,CUST-00667,MERCH-0089,farmacias,362.54,PIX,app_mobile,FP-741079,161.210.xxx.xxx,aprovada,0,,140,PE
TXN-004503,2024-01-27 08:28:16,CUST-00106,MERCH-0062,restaurantes,85.71,TED,internet_banking,FP-919408,222.193.xxx.xxx,aprovada,0,,39,RS
TXN-004504,2024-02-22 16:27:21,CUST-00351,MERCH-0009,servicos_digitais,466.58,cartao_debito,app_mobile,FP-754504,252.37.xxx.xxx,aprovada,0,,66,SP
TXN-004505,2024-01-09 21:21:42,CUST-00639,MERCH-0161,postos,205.56,PIX,app_mobile,FP-688705,170.32.xxx.xxx,aprovada,0,,135,MG
TXN-004506,2024-01-09 13:00:37,CUST-00635,MERCH-0105,outros,56.38,PIX,app_mobile,FP-952897,151.0.xxx.xxx,estornada,0,,77,PI
TXN-004507,2024-02-25 14:29:33,CUST-00315,MERCH-0170,supermercados,752.12,cartao_debito,internet_banking,FP-373721,70.9.xxx.xxx,aprovada,0,0,131,AC
TXN-004508,2024-02-03 22:01:21,CUST-00736,MERCH-0036,postos,2165.98,cartao_credito,app_mobile,FP-124785,150.5.xxx.xxx,aprovada,0,,22,MG
TXN-004509,2024-02-04 22:06:51,CUST-00064,MERCH-0126,farmacias,42.61,TED,app_mobile,FP-244004,59.63.xxx.xxx,aprovada,0,,248,SP
TXN-004510,2024-02-17 07:39:44,CUST-00143,MERCH-0186,farmacias,489.25,cartao_debito,API,FP-391490,15.66.xxx.xxx,pendente,0,,153,MG
TXN-004511,2024-01-14 18:36:37,CUST-00064,MERCH-0008,postos,3033.18,PIX,internet_banking,FP-543905,248.167.xxx.xxx,aprovada,0,,303,RJ
TXN-004512,2024-01-31 11:45:25,CUST-00548,MERCH-0104,outros,567.26,PIX,internet_banking,FP-525067,204.141.xxx.xxx,aprovada,0,,25,GO
TXN-004513,2024-01-22 06:32:49,CUST-00774,MERCH-0042,servicos_digitais,30.39,boleto,API,FP-905533,190.181.xxx.xxx,aprovada,0,1,199,RO
TXN-004514,2024-01-15 09:14:26,CUST-00297,MERCH-0119,farmacias,455.2,PIX,internet_banking,FP-530391,89.206.xxx.xxx,aprovada,0,,78,TO
TXN-004515,2024-02-14 03:33:16,CUST-00071,MERCH-0014,servicos_digitais,840.88,PIX,app_mobile,FP-244491,170.85.xxx.xxx,aprovada,0,,248,RR
TXN-004516,2024-01-08 15:41:51,CUST-00162,MERCH-0068,servicos_digitais,363.5,cartao_credito,internet_banking,FP-884975,238.134.xxx.xxx,pendente,0,,106,DF
TXN-004517,2024-02-10 19:19:47,CUST-00493,MERCH-0188,e-commerce,59.61,PIX,app_mobile,FP-765362,133.211.xxx.xxx,aprovada,0,,58,SP
TXN-004518,2024-01-31 00:18:02,CUST-00550,MERCH-0116,marketplace,166.44,boleto,internet_banking,FP-479856,184.156.xxx.xxx,aprovada,0,,168,RJ
TXN-004519,2024-01-09 15:02:49,CUST-00712,MERCH-0095,farmacias,575.67,boleto,internet_banking,FP-411341,203.194.xxx.xxx,aprovada,0,,366,MG
TXN-004520,2024-02-07 23:52:44,CUST-00113,MERCH-0091,restaurantes,657.53,PIX,API,,181.148.xxx.xxx,aprovada,0,,177,SP
TXN-004521,2024-02-12 18:27:16,CUST-00512,MERCH-0058,utilidades,42.04,cartao_credito,app_mobile,FP-192061,126.90.xxx.xxx,aprovada,0,,181,RS
TXN-004522,2024-02-20 20:07:25,CUST-00751,MERCH-0120,outros,945.14,PIX,caixa_eletronico,FP-404473,245.10.xxx.xxx,aprovada,0,,57,RJ
TXN-004523,2024-02-10 23:42:28,CUST-00145,MERCH-0144,servicos_digitais,91.45,boleto,caixa_eletronico,FP-989702,57.72.xxx.xxx,aprovada,0,,122,MG
TXN-004524,2024-01-04 01:28:44,CUST-00314,MERCH-0153,supermercados,229.28,cartao_debito,internet_banking,FP-882377,54.31.xxx.xxx,pendente,0,,179,PI
TXN-004525,2024-01-12 15:56:24,CUST-00449,MERCH-0154,utilidades,1964.24,PIX,app_mobile,FP-337690,110.166.xxx.xxx,aprovada,0,0,412,CE
TXN-004526,2024-01-12 10:09:29,CUST-00258,MERCH-0051,marketplace,166.98,cartao_credito,app_mobile,FP-297244,112.165.xxx.xxx,aprovada,0,,154,RJ
TXN-004527,2024-01-01 15:29:41,CUST-00493,MERCH-0177,marketplace,608.24,TED,app_mobile,FP-799772,98.187.xxx.xxx,aprovada,0,,54,MG
TXN-004528,2024-01-27 02:40:11,CUST-00380,MERCH-0008,postos,67.69,PIX,app_mobile,FP-186937,67.49.xxx.xxx,aprovada,0,,78,ES
TXN-004529,2024-01-05 01:43:48,CUST-00597,MERCH-0101,servicos_digitais,2613.11,boleto,app_mobile,FP-302789,31.103.xxx.xxx,aprovada,0,0,207,MG
TXN-004530,2024-01-26 15:01:37,CUST-00715,MERCH-0148,e-commerce,95.77,cartao_credito,app_mobile,FP-930155,183.51.xxx.xxx,aprovada,0,,176,RJ
TXN-004531,2024-01-18 05:11:22,CUST-00730,MERCH-0104,utilidades,375.65,TED,caixa_eletronico,FP-110382,85.69.xxx.xxx,aprovada,0,,25,AM
TXN-004532,2024-02-20 22:21:13,CUST-00530,MERCH-0169,e-commerce,166.62,boleto,internet_banking,FP-733329,200.248.xxx.xxx,aprovada,0,,190,RJ
TXN-004533,2024-01-01 22:41:57,CUST-00065,MERCH-0187,utilidades,111.51,PIX,app_mobile,FP-880584,194.196.xxx.xxx,aprovada,0,,99,RJ
TXN-004534,2024-02-01 11:01:38,CUST-00012,MERCH-0199,utilidades,80.48,cartao_debito,internet_banking,FP-803098,76.184.xxx.xxx,aprovada,0,,55,MS
TXN-004535,2024-01-03 20:32:49,CUST-00337,MERCH-0189,utilidades,373.29,cartao_debito,app_mobile,FP-841423,235.150.xxx.xxx,aprovada,0,,81,PR
TXN-004536,2024-02-02 04:50:39,CUST-00796,MERCH-0105,marketplace,207.54,cartao_credito,app_mobile,FP-838667,53.204.xxx.xxx,aprovada,0,,92,RN
TXN-004537,2024-01-13 05:44:41,CUST-00076,MERCH-0197,supermercados,214.83,cartao_credito,app_mobile,FP-249406,208.180.xxx.xxx,pendente,0,,154,SP
TXN-004538,2024-02-22 11:46:15,CUST-00689,MERCH-0020,e-commerce,239.86,cartao_debito,app_mobile,FP-280985,78.195.xxx.xxx,aprovada,0,,147,DF
TXN-004539,2024-02-16 19:57:01,CUST-00025,MERCH-0196,restaurantes,998.0,cartao_credito,internet_banking,FP-651274,186.248.xxx.xxx,estornada,0,,123,ES
TXN-004540,2024-02-02 05:29:26,CUST-00730,MERCH-0126,farmacias,60.33,boleto,app_mobile,,99.109.xxx.xxx,aprovada,0,,167,PA
TXN-004541,2024-01-10 05:34:46,CUST-00120,MERCH-0063,outros,339.01,TED,app_mobile,FP-989960,129.101.xxx.xxx,aprovada,0,,73,RS
TXN-004542,2024-01-01 21:02:30,CUST-00587,MERCH-0031,outros,181.65,PIX,app_mobile,FP-255139,115.208.xxx.xxx,recusada,0,0,28,MG
TXN-004543,2024-02-09 03:13:30,CUST-00404,MERCH-0053,outros,526.39,PIX,API,FP-479757,195.39.xxx.xxx,aprovada,0,0,136,ES
TXN-004544,2024-02-17 15:35:13,CUST-00389,MERCH-0035,e-commerce,561.84,cartao_credito,app_mobile,FP-783883,229.20.xxx.xxx,aprovada,0,,418,MG
TXN-004545,2024-02-23 18:35:04,CUST-00324,MERCH-0013,marketplace,266.1,boleto,internet_banking,FP-130843,166.237.xxx.xxx,pendente,1,1,597,MT
TXN-004546,2024-01-27 08:25:19,CUST-00166,MERCH-0041,viagens,127.16,TED,internet_banking,,233.178.xxx.xxx,aprovada,0,,552,PB
TXN-004547,2024-02-16 03:03:05,CUST-00014,MERCH-0117,supermercados,1298.71,PIX,internet_banking,FP-228133,241.79.xxx.xxx,aprovada,0,1,184,ES
TXN-004548,2024-02-17 23:28:15,CUST-00083,MERCH-0191,marketplace,76.04,PIX,internet_banking,FP-143365,14.148.xxx.xxx,aprovada,0,1,652,MG
TXN-004549,2024-02-13 10:07:55,CUST-00113,MERCH-0035,outros,315.39,boleto,internet_banking,FP-851322,210.218.xxx.xxx,recusada,0,,315,SP
TXN-004550,2024-01-28 20:10:15,CUST-00586,MERCH-0181,supermercados,3506.09,cartao_debito,app_mobile,FP-446264,58.46.xxx.xxx,aprovada,0,0,306,RJ
TXN-004551,2024-02-13 13:58:52,CUST-00572,MERCH-0017,servicos_digitais,67.1,cartao_debito,internet_banking,FP-461162,31.140.xxx.xxx,aprovada,0,,313,TO
TXN-004552,2024-02-24 01:54:05,CUST-00487,MERCH-0159,utilidades,296.72,TED,internet_banking,FP-437211,87.249.xxx.xxx,aprovada,0,,88,PB
TXN-004553,2024-01-19 06:46:01,CUST-00603,MERCH-0193,farmacias,639.29,TED,app_mobile,FP-126783,237.98.xxx.xxx,aprovada,0,,65,RJ
TXN-004554,2024-01-10 23:14:33,CUST-00634,MERCH-0166,farmacias,344.86,TED,internet_banking,FP-962294,159.207.xxx.xxx,aprovada,0,,62,MT
TXN-004555,2024-02-29 09:28:10,CUST-00108,MERCH-0180,utilidades,127.2,PIX,internet_banking,FP-925072,39.247.xxx.xxx,aprovada,0,,52,AP
TXN-004556,2024-01-24 20:42:57,CUST-00252,MERCH-0188,farmacias,113.08,boleto,app_mobile,FP-726344,199.205.xxx.xxx,pendente,0,,19,RJ
TXN-004557,2024-02-10 07:03:09,CUST-00113,MERCH-0004,servicos_digitais,132.02,cartao_debito,internet_banking,FP-769840,53.147.xxx.xxx,recusada,0,,710,RJ
TXN-004558,2024-01-21 18:04:22,CUST-00502,MERCH-0176,viagens,320.36,cartao_debito,app_mobile,FP-701442,131.86.xxx.xxx,aprovada,0,,308,ES
TXN-004559,2024-01-27 01:30:17,CUST-00569,MERCH-0010,viagens,1518.42,cartao_debito,internet_banking,FP-688955,248.208.xxx.xxx,recusada,0,,296,PR
TXN-004560,2024-01-01 07:46:10,CUST-00383,MERCH-0163,utilidades,560.66,TED,internet_banking,FP-959069,228.53.xxx.xxx,pendente,0,,220,ES
TXN-004561,2024-02-03 05:25:03,CUST-00299,MERCH-0048,servicos_digitais,151.11,cartao_credito,internet_banking,FP-933454,229.104.xxx.xxx,aprovada,0,,78,SP
TXN-004562,2024-01-11 00:41:48,CUST-00654,MERCH-0140,outros,66.78,PIX,caixa_eletronico,FP-461242,177.90.xxx.xxx,aprovada,0,,86,RR
TXN-004563,2024-01-29 04:39:48,CUST-00534,MERCH-0110,e-commerce,122.42,PIX,app_mobile,FP-634917,193.157.xxx.xxx,aprovada,0,,142,ES
TXN-004564,2024-01-09 22:27:43,CUST-00135,MERCH-0104,outros,218.44,TED,app_mobile,FP-188338,166.180.xxx.xxx,aprovada,0,,198,MG
TXN-004565,2024-02-05 23:49:20,CUST-00750,MERCH-0176,postos,215.16,PIX,API,,180.119.xxx.xxx,aprovada,1,1,182,PR
TXN-004566,2024-02-02 07:41:30,CUST-00175,MERCH-0196,servicos_digitais,30.09,boleto,app_mobile,,191.223.xxx.xxx,aprovada,0,0,620,MT
TXN-004567,2024-02-25 14:20:34,CUST-00475,MERCH-0176,supermercados,39.46,cartao_credito,app_mobile,FP-586490,143.214.xxx.xxx,aprovada,0,,45,MG
TXN-004568,2024-01-31 22:09:22,CUST-00311,MERCH-0028,servicos_digitais,68.61,PIX,app_mobile,,203.6.xxx.xxx,recusada,0,0,131,CE
TXN-004569,2024-01-08 00:25:50,CUST-00234,MERCH-0019,e-commerce,178.07,TED,caixa_eletronico,FP-792923,34.29.xxx.xxx,aprovada,0,0,126,ES
TXN-004570,2024-01-15 01:02:12,CUST-00380,MERCH-0087,postos,722.56,PIX,API,FP-248182,132.30.xxx.xxx,pendente,0,,112,SP
TXN-004571,2024-01-13 08:04:47,CUST-00117,MERCH-0106,supermercados,427.71,cartao_credito,caixa_eletronico,FP-737710,176.71.xxx.xxx,aprovada,0,0,28,MG
TXN-004572,2024-01-30 17:52:16,CUST-00110,MERCH-0063,restaurantes,101.13,PIX,app_mobile,FP-447608,226.64.xxx.xxx,aprovada,0,,122,MT
TXN-004573,2024-02-17 10:22:55,CUST-00302,MERCH-0097,restaurantes,114.94,PIX,internet_banking,FP-168008,95.33.xxx.xxx,aprovada,0,,104,PR
TXN-004574,2024-02-01 02:16:06,CUST-00584,MERCH-0054,outros,743.56,cartao_debito,app_mobile,FP-559132,230.201.xxx.xxx,aprovada,0,,112,MT
TXN-004575,2024-02-09 15:26:15,CUST-00079,MERCH-0135,e-commerce,973.79,PIX,internet_banking,FP-681162,116.48.xxx.xxx,aprovada,0,,141,MG
TXN-004576,2024-01-30 08:21:45,CUST-00549,MERCH-0009,restaurantes,219.04,PIX,internet_banking,FP-112918,196.156.xxx.xxx,aprovada,0,,534,SP
TXN-004577,2024-02-23 21:01:02,CUST-00189,MERCH-0181,viagens,225.52,cartao_debito,internet_banking,FP-551572,23.56.xxx.xxx,aprovada,0,,246,MS
TXN-004578,2024-02-16 03:25:05,CUST-00386,MERCH-0031,restaurantes,1296.09,boleto,API,,32.226.xxx.xxx,aprovada,0,,95,ES
TXN-004579,2024-01-31 12:40:12,CUST-00309,MERCH-0154,restaurantes,286.21,TED,API,,121.154.xxx.xxx,aprovada,0,,115,PR
TXN-004580,2024-01-22 12:20:00,CUST-00393,MERCH-0026,farmacias,237.72,boleto,app_mobile,FP-307996,209.161.xxx.xxx,aprovada,0,,44,ES
TXN-004581,2024-01-26 19:09:27,CUST-00691,MERCH-0027,marketplace,179.48,cartao_credito,app_mobile,FP-623488,102.34.xxx.xxx,aprovada,1,1,1021,PB
TXN-004582,2024-01-04 03:33:58,CUST-00120,MERCH-0051,marketplace,2736.03,cartao_credito,API,,140.25.xxx.xxx,aprovada,0,,381,RS
TXN-004583,2024-02-26 08:30:30,CUST-00088,MERCH-0112,postos,535.29,cartao_credito,internet_banking,FP-523467,227.249.xxx.xxx,recusada,0,,66,PA
TXN-004584,2024-02-21 22:03:56,CUST-00351,MERCH-0174,utilidades,118.55,cartao_debito,API,FP-821705,104.205.xxx.xxx,aprovada,0,,80,MG
TXN-004585,2024-02-07 18:34:02,CUST-00022,MERCH-0157,viagens,138.17,TED,internet_banking,FP-595363,74.169.xxx.xxx,aprovada,0,,234,ES
TXN-004586,2024-01-20 22:49:45,CUST-00756,MERCH-0160,postos,295.6,PIX,caixa_eletronico,FP-302255,109.231.xxx.xxx,aprovada,0,,83,MG
TXN-004587,2024-01-08 23:58:57,CUST-00711,MERCH-0016,supermercados,538.84,cartao_debito,API,,211.57.xxx.xxx,aprovada,0,,141,TO
TXN-004588,2024-01-06 14:03:52,CUST-00227,MERCH-0028,viagens,570.96,cartao_debito,internet_banking,FP-819249,137.73.xxx.xxx,aprovada,0,,22,GO
TXN-004589,2024-01-07 11:43:57,CUST-00580,MERCH-0014,outros,513.22,cartao_credito,API,FP-254583,9.252.xxx.xxx,pendente,0,,62,PE
TXN-004590,2024-01-25 22:18:17,CUST-00540,MERCH-0119,e-commerce,32.91,boleto,app_mobile,FP-347246,138.10.xxx.xxx,aprovada,0,,565,SC
TXN-004591,2024-02-09 14:25:14,CUST-00799,MERCH-0173,postos,268.02,cartao_debito,app_mobile,FP-277357,254.112.xxx.xxx,aprovada,0,,484,SC
TXN-004592,2024-01-23 17:22:09,CUST-00589,MERCH-0094,supermercados,255.18,cartao_debito,app_mobile,FP-974178,117.2.xxx.xxx,pendente,0,,569,AP
TXN-004593,2024-02-14 23:19:32,CUST-00199,MERCH-0008,supermercados,304.86,cartao_debito,app_mobile,FP-370212,192.35.xxx.xxx,aprovada,0,,467,DF
TXN-004594,2024-01-19 20:59:11,CUST-00631,MERCH-0059,outros,156.63,boleto,internet_banking,FP-951684,94.133.xxx.xxx,aprovada,0,,124,ES
TXN-004595,2024-01-16 03:58:39,CUST-00520,MERCH-0180,utilidades,237.3,cartao_credito,API,,81.113.xxx.xxx,estornada,0,0,828,PR
TXN-004596,2024-02-14 21:43:38,CUST-00367,MERCH-0088,marketplace,555.38,TED,app_mobile,FP-139189,96.23.xxx.xxx,pendente,0,0,233,ES
TXN-004597,2024-01-05 15:46:09,CUST-00216,MERCH-0034,marketplace,135.73,boleto,app_mobile,FP-624787,103.78.xxx.xxx,aprovada,0,,148,MG
TXN-004598,2024-02-03 05:26:24,CUST-00780,MERCH-0169,postos,45.57,TED,caixa_eletronico,FP-138217,52.66.xxx.xxx,aprovada,0,,65,RS
TXN-004599,2024-01-04 09:29:53,CUST-00082,MERCH-0099,supermercados,134.79,boleto,internet_banking,FP-206239,5.151.xxx.xxx,aprovada,0,,80,RJ
TXN-004600,2024-01-25 09:30:50,CUST-00379,MERCH-0087,utilidades,1223.9,cartao_credito,app_mobile,FP-421324,48.95.xxx.xxx,recusada,0,,73,RJ
TXN-004601,2024-02-24 23:17:10,CUST-00566,MERCH-0016,utilidades,361.82,PIX,API,,17.63.xxx.xxx,aprovada,0,,451,MG
TXN-004602,2024-02-18 12:17:20,CUST-00195,MERCH-0064,e-commerce,6250.28,cartao_credito,app_mobile,FP-109475,130.141.xxx.xxx,aprovada,0,,92,ES
TXN-004603,2024-01-04 17:39:24,CUST-00416,MERCH-0040,e-commerce,532.6,cartao_debito,API,FP-871361,176.230.xxx.xxx,aprovada,1,0,51,RO
TXN-004604,2024-02-18 05:44:04,CUST-00077,MERCH-0139,viagens,444.53,TED,internet_banking,FP-210111,10.213.xxx.xxx,aprovada,0,,131,CE
TXN-004605,2024-02-20 19:05:33,CUST-00207,MERCH-0188,e-commerce,1336.63,boleto,internet_banking,FP-649150,6.51.xxx.xxx,aprovada,0,,131,PR
TXN-004606,2024-01-12 16:31:16,CUST-00529,MERCH-0107,marketplace,0.0,cartao_debito,app_mobile,FP-602602,79.234.xxx.xxx,aprovada,0,,389,ES
TXN-004607,2024-01-26 08:04:40,CUST-00381,MERCH-0065,e-commerce,109.26,boleto,app_mobile,FP-299429,199.99.xxx.xxx,recusada,0,,242,SP
TXN-004608,2024-02-10 01:04:58,CUST-00329,MERCH-0162,marketplace,159.26,cartao_debito,internet_banking,FP-796792,85.227.xxx.xxx,pendente,1,0,246,MG
TXN-004609,2024-01-15 05:54:01,CUST-00434,MERCH-0015,e-commerce,1290.99,PIX,API,,179.98.xxx.xxx,aprovada,1,1,80,RJ
TXN-004610,2024-02-07 02:09:19,CUST-00225,MERCH-0175,servicos_digitais,722.91,cartao_debito,API,,113.6.xxx.xxx,recusada,0,0,173,RJ
TXN-004611,2024-02-06 21:05:48,CUST-00271,MERCH-0050,outros,764.37,cartao_credito,internet_banking,FP-930923,42.92.xxx.xxx,aprovada,0,,103,CE
TXN-004612,2024-02-25 03:54:13,CUST-00208,MERCH-0028,outros,497.78,boleto,API,,58.196.xxx.xxx,aprovada,0,,301,SP
TXN-004613,2024-01-31 07:54:44,CUST-00450,MERCH-0003,marketplace,2218.98,PIX,app_mobile,FP-867108,13.175.xxx.xxx,pendente,0,,93,PE
TXN-004614,2024-02-01 12:28:57,CUST-00345,MERCH-0129,marketplace,1133.62,cartao_debito,app_mobile,FP-993053,184.158.xxx.xxx,estornada,0,,387,MG
TXN-004615,2024-02-15 03:07:46,CUST-00027,MERCH-0079,e-commerce,46.06,boleto,app_mobile,FP-411788,72.27.xxx.xxx,aprovada,0,,31,RS
TXN-004616,2024-02-27 04:25:06,CUST-00367,MERCH-0180,e-commerce,1496.56,boleto,caixa_eletronico,FP-437778,86.75.xxx.xxx,aprovada,0,,52,RJ
TXN-004617,2024-01-07 06:32:56,CUST-00735,MERCH-0061,marketplace,405.39,cartao_credito,app_mobile,FP-826001,74.51.xxx.xxx,aprovada,0,,305,ES
TXN-004618,2024-01-08 05:39:41,CUST-00414,MERCH-0158,postos,1190.72,PIX,app_mobile,FP-389475,211.109.xxx.xxx,aprovada,0,,426,AL
TXN-004619,2024-02-13 19:22:10,CUST-00094,MERCH-0086,marketplace,677.71,TED,app_mobile,FP-153079,152.83.xxx.xxx,recusada,0,,100,RJ
TXN-004620,2024-02-28 05:41:46,CUST-00542,MERCH-0165,outros,1628.31,PIX,app_mobile,FP-333464,203.105.xxx.xxx,aprovada,0,,74,ES
TXN-004621,2024-02-12 15:45:18,CUST-00128,MERCH-0113,marketplace,900.37,TED,API,,40.128.xxx.xxx,aprovada,0,,47,PR
TXN-004622,2024-01-09 08:12:11,CUST-00769,MERCH-0127,outros,2489.3,PIX,app_mobile,FP-740618,251.215.xxx.xxx,aprovada,0,,57,SP
TXN-004623,2024-02-20 21:46:23,CUST-00360,MERCH-0034,outros,1007.07,cartao_credito,internet_banking,FP-228201,71.9.xxx.xxx,aprovada,0,,189,PB
TXN-004624,2024-01-26 02:19:25,CUST-00156,MERCH-0099,utilidades,479.25,cartao_credito,app_mobile,FP-828559,85.150.xxx.xxx,aprovada,0,,107,RO
TXN-004625,2024-01-12 22:07:58,CUST-00099,MERCH-0036,utilidades,20.45,cartao_debito,app_mobile,FP-772014,230.179.xxx.xxx,aprovada,0,,184,MG
TXN-004626,2024-02-09 17:12:24,CUST-00518,MERCH-0103,marketplace,204.44,PIX,app_mobile,FP-830541,38.165.xxx.xxx,aprovada,0,,99,AL
TXN-004627,2024-01-04 01:09:01,CUST-00711,MERCH-0199,utilidades,1751.19,PIX,app_mobile,FP-365848,123.193.xxx.xxx,pendente,0,,175,RO
TXN-004628,2024-02-12 05:46:10,CUST-00069,MERCH-0040,restaurantes,283.35,TED,caixa_eletronico,FP-109244,233.22.xxx.xxx,aprovada,0,,619,RJ
TXN-004629,2024-01-27 19:52:32,CUST-00724,MERCH-0089,viagens,487.5,cartao_credito,internet_banking,FP-818347,20.7.xxx.xxx,aprovada,0,,28,SP
TXN-004630,2024-01-24 22:04:17,CUST-00587,MERCH-0191,e-commerce,151.58,boleto,internet_banking,FP-662307,186.109.xxx.xxx,aprovada,0,,402,MG
TXN-004631,2024-01-19 04:39:25,CUST-00577,MERCH-0138,viagens,1373.46,PIX,internet_banking,FP-564924,134.226.xxx.xxx,aprovada,1,1,423,SP
TXN-004632,2024-01-08 14:48:08,CUST-00354,MERCH-0184,e-commerce,148.72,cartao_debito,caixa_eletronico,FP-943233,196.15.xxx.xxx,pendente,0,,196,AC
TXN-004633,2024-01-25 21:15:26,CUST-00412,MERCH-0075,postos,325.44,cartao_credito,API,,240.11.xxx.xxx,aprovada,0,,46,RJ
TXN-004634,2024-02-26 05:57:59,CUST-00223,MERCH-0016,farmacias,270.77,TED,internet_banking,FP-401378,116.20.xxx.xxx,aprovada,0,0,163,MT
TXN-004635,2024-01-21 04:39:26,CUST-00474,MERCH-0023,farmacias,827.37,cartao_credito,app_mobile,FP-391506,155.36.xxx.xxx,aprovada,0,,257,AC
TXN-004636,2024-02-13 00:15:26,CUST-00765,MERCH-0098,marketplace,363.15,cartao_credito,app_mobile,FP-383205,96.237.xxx.xxx,aprovada,0,,118,ES
TXN-004637,2024-02-01 05:18:13,CUST-00067,MERCH-0171,postos,482.85,cartao_debito,app_mobile,FP-572947,91.208.xxx.xxx,aprovada,0,,381,ES
TXN-004638,2024-02-20 02:36:02,CUST-00514,MERCH-0138,e-commerce,161.75,PIX,API,,250.117.xxx.xxx,aprovada,1,1,228,AM
TXN-004639,2024-01-11 22:21:26,CUST-00722,MERCH-0164,marketplace,438.64,cartao_debito,internet_banking,FP-196185,254.244.xxx.xxx,aprovada,0,0,652,ES
TXN-004640,2024-02-10 05:42:06,CUST-00462,MERCH-0103,marketplace,345.78,cartao_debito,app_mobile,FP-768708,80.21.xxx.xxx,aprovada,0,,20,RJ
TXN-004641,2024-02-22 12:32:30,CUST-00079,MERCH-0110,farmacias,1167.35,PIX,app_mobile,FP-174965,89.86.xxx.xxx,estornada,0,,368,MG
TXN-004642,2024-01-11 17:08:03,CUST-00565,MERCH-0174,restaurantes,474.24,PIX,app_mobile,,191.123.xxx.xxx,aprovada,0,,501,ES
TXN-004643,2024-01-25 06:23:26,CUST-00523,MERCH-0047,marketplace,577.61,cartao_credito,app_mobile,FP-148133,47.17.xxx.xxx,aprovada,0,,101,RS
TXN-004644,2024-01-21 12:31:18,CUST-00740,MERCH-0047,e-commerce,32.11,cartao_credito,internet_banking,,253.120.xxx.xxx,aprovada,0,0,664,AP
TXN-004645,2024-01-20 02:15:01,CUST-00624,MERCH-0177,farmacias,5443.9,cartao_debito,app_mobile,FP-264328,88.248.xxx.xxx,aprovada,0,0,84,PR
TXN-004646,2024-01-09 13:44:25,CUST-00241,MERCH-0036,outros,1947.5,TED,caixa_eletronico,FP-625819,234.136.xxx.xxx,aprovada,0,,132,PR
TXN-004647,2024-01-09 15:52:36,CUST-00622,MERCH-0045,supermercados,199.07,TED,app_mobile,FP-596000,210.104.xxx.xxx,aprovada,0,0,93,MS
TXN-004648,2024-01-29 14:09:10,CUST-00223,MERCH-0001,e-commerce,90.08,cartao_credito,API,,52.81.xxx.xxx,aprovada,0,,61,GO
TXN-004649,2024-02-15 06:47:34,CUST-00541,MERCH-0116,servicos_digitais,166.7,TED,app_mobile,FP-117528,31.161.xxx.xxx,estornada,0,,118,RJ
TXN-004650,2024-02-03 14:19:22,CUST-00168,MERCH-0191,utilidades,295.28,TED,app_mobile,FP-465777,27.206.xxx.xxx,aprovada,0,,126,SC
TXN-004651,2024-01-27 19:34:53,CUST-00524,MERCH-0184,farmacias,103.89,cartao_credito,internet_banking,FP-729846,56.14.xxx.xxx,aprovada,0,,103,RJ
TXN-004652,2024-01-03 05:03:23,CUST-00757,MERCH-0082,supermercados,265.04,PIX,internet_banking,FP-829703,97.136.xxx.xxx,aprovada,0,,79,MT
TXN-004653,2024-02-21 23:23:14,CUST-00316,MERCH-0096,e-commerce,335.93,TED,app_mobile,FP-266026,38.239.xxx.xxx,aprovada,0,,43,RO
TXN-004654,2024-01-12 16:11:00,CUST-00122,MERCH-0083,supermercados,137.56,cartao_credito,app_mobile,FP-654102,51.156.xxx.xxx,aprovada,0,,141,SE
TXN-004655,2024-02-15 08:24:42,CUST-00407,MERCH-0051,marketplace,178.3,PIX,app_mobile,FP-893319,103.38.xxx.xxx,aprovada,0,,65,RJ
TXN-004656,2024-02-27 06:42:48,CUST-00419,MERCH-0170,marketplace,1686.37,boleto,internet_banking,FP-796712,107.161.xxx.xxx,pendente,0,,208,ES
TXN-004657,2024-01-04 00:56:22,CUST-00268,MERCH-0022,supermercados,34.75,cartao_credito,app_mobile,FP-856059,212.19.xxx.xxx,aprovada,0,,371,RJ
TXN-004658,2024-02-06 02:50:32,CUST-00570,MERCH-0193,e-commerce,172.56,TED,internet_banking,FP-478648,205.9.xxx.xxx,recusada,0,,53,SC
TXN-004659,2024-02-28 07:01:43,CUST-00789,MERCH-0016,farmacias,324.0,boleto,caixa_eletronico,FP-893476,188.142.xxx.xxx,aprovada,0,,305,SC
TXN-004660,2024-02-05 09:21:37,CUST-00338,MERCH-0056,marketplace,247.57,PIX,app_mobile,FP-989490,95.228.xxx.xxx,recusada,0,,134,MG
TXN-004661,2024-02-12 13:18:07,CUST-00541,MERCH-0188,postos,490.15,cartao_credito,API,,78.123.xxx.xxx,recusada,0,,74,ES
TXN-004662,2024-02-05 15:23:07,CUST-00218,MERCH-0182,outros,362.57,PIX,API,FP-375881,108.127.xxx.xxx,aprovada,0,,180,RJ
TXN-004663,2024-02-23 11:33:17,CUST-00572,MERCH-0010,e-commerce,289.1,TED,app_mobile,FP-149368,199.188.xxx.xxx,aprovada,0,0,836,TO
TXN-004664,2024-01-27 10:52:30,CUST-00475,MERCH-0159,marketplace,164.15,cartao_credito,app_mobile,FP-784194,209.129.xxx.xxx,estornada,0,,205,ES
TXN-004665,2024-02-18 08:28:57,CUST-00397,MERCH-0164,servicos_digitais,43.58,cartao_credito,internet_banking,,235.157.xxx.xxx,aprovada,0,,49,MS
TXN-004666,2024-02-10 11:39:07,CUST-00157,MERCH-0100,restaurantes,384.88,cartao_debito,caixa_eletronico,FP-917351,110.17.xxx.xxx,aprovada,0,,226,PE
TXN-004667,2024-02-24 00:04:02,CUST-00201,MERCH-0136,marketplace,118.41,boleto,internet_banking,FP-451474,27.30.xxx.xxx,aprovada,0,,42,PA
TXN-004668,2024-01-13 13:06:08,CUST-00202,MERCH-0072,servicos_digitais,325.9,cartao_debito,app_mobile,FP-656475,198.69.xxx.xxx,recusada,1,1,171,BA
TXN-004669,2024-02-17 07:38:24,CUST-00003,MERCH-0141,servicos_digitais,339.32,PIX,internet_banking,FP-595571,15.109.xxx.xxx,aprovada,0,,287,PE
TXN-004670,2024-01-28 15:25:45,CUST-00616,MERCH-0190,outros,147.08,PIX,caixa_eletronico,FP-908262,243.229.xxx.xxx,aprovada,0,0,61,MG
TXN-004671,2024-02-16 12:16:17,CUST-00627,MERCH-0024,e-commerce,310.22,cartao_credito,internet_banking,FP-326567,104.102.xxx.xxx,aprovada,0,,393,ES
TXN-004672,2024-01-25 19:00:53,CUST-00785,MERCH-0015,marketplace,1234.76,TED,app_mobile,FP-266957,84.127.xxx.xxx,aprovada,0,,302,AL
TXN-004673,2024-02-20 01:58:28,CUST-00108,MERCH-0162,marketplace,215.15,cartao_credito,app_mobile,FP-159539,204.97.xxx.xxx,aprovada,0,,133,TO
TXN-004674,2024-02-21 08:12:38,CUST-00181,MERCH-0037,restaurantes,400.61,cartao_credito,internet_banking,FP-387148,39.175.xxx.xxx,recusada,0,,199,RJ
TXN-004675,2024-01-21 22:50:34,CUST-00114,MERCH-0104,outros,148.53,PIX,app_mobile,FP-822425,110.243.xxx.xxx,aprovada,0,0,125,MG
TXN-004676,2024-02-02 17:26:26,CUST-00088,MERCH-0199,marketplace,44.77,PIX,internet_banking,FP-275746,156.79.xxx.xxx,recusada,0,,163,RR
TXN-004677,2024-01-05 14:15:45,CUST-00608,MERCH-0102,e-commerce,393.7,PIX,internet_banking,FP-902887,48.98.xxx.xxx,aprovada,0,,243,RS
TXN-004678,2024-02-15 21:47:49,CUST-00566,MERCH-0057,utilidades,114.51,cartao_debito,API,,122.138.xxx.xxx,aprovada,0,,89,RJ
TXN-004679,2024-01-20 13:50:19,CUST-00673,MERCH-0027,postos,152.52,PIX,API,,226.57.xxx.xxx,pendente,1,1,332,MG
TXN-004680,2024-02-25 19:27:12,CUST-00187,MERCH-0018,servicos_digitais,270.41,cartao_credito,app_mobile,FP-998394,88.2.xxx.xxx,recusada,0,,139,BA
TXN-004681,2024-02-27 07:33:45,CUST-00536,MERCH-0064,postos,119.69,PIX,internet_banking,FP-948463,212.147.xxx.xxx,aprovada,0,,103,ES
TXN-004682,2024-02-07 05:06:08,CUST-00034,MERCH-0159,postos,327.88,cartao_credito,app_mobile,FP-351536,196.144.xxx.xxx,aprovada,0,0,224,TO
TXN-004683,2024-02-29 22:44:04,CUST-00678,MERCH-0091,viagens,197.76,PIX,app_mobile,FP-497880,241.192.xxx.xxx,pendente,0,,244,RJ
TXN-004684,2024-02-22 13:31:12,CUST-00254,MERCH-0003,supermercados,78.48,cartao_credito,internet_banking,FP-822240,120.40.xxx.xxx,aprovada,0,,152,SC
TXN-004685,2024-01-16 12:47:29,CUST-00234,MERCH-0183,servicos_digitais,165.15,TED,internet_banking,FP-274529,42.163.xxx.xxx,aprovada,0,,705,RJ
TXN-004686,2024-01-01 18:29:57,CUST-00360,MERCH-0055,outros,961.6,cartao_debito,internet_banking,,47.194.xxx.xxx,aprovada,0,,87,SE
TXN-004687,2024-02-19 16:49:41,CUST-00402,MERCH-0038,viagens,63.37,TED,API,,176.39.xxx.xxx,aprovada,0,,338,PA
TXN-004688,2024-02-27 18:26:19,CUST-00103,MERCH-0198,postos,1396.87,PIX,internet_banking,FP-826574,14.78.xxx.xxx,estornada,0,,44,PR
TXN-004689,2024-01-10 08:33:39,CUST-00378,MERCH-0008,viagens,168.97,cartao_debito,API,,41.113.xxx.xxx,aprovada,0,,31,SP
TXN-004690,2024-02-04 16:26:29,CUST-00700,MERCH-0122,e-commerce,350.41,cartao_credito,API,,197.163.xxx.xxx,recusada,0,,408,ES
TXN-004691,2024-01-14 12:12:44,CUST-00684,MERCH-0129,viagens,144.23,cartao_debito,internet_banking,FP-886292,226.137.xxx.xxx,aprovada,0,,77,ES
TXN-004692,2024-01-15 00:45:20,CUST-00295,MERCH-0169,marketplace,982.7,TED,caixa_eletronico,FP-276524,10.130.xxx.xxx,aprovada,0,,92,ES
TXN-004693,2024-01-11 17:55:57,CUST-00014,MERCH-0147,e-commerce,246.24,PIX,API,,163.161.xxx.xxx,aprovada,0,1,1497,RJ
TXN-004694,2024-01-23 22:06:38,CUST-00641,MERCH-0095,servicos_digitais,1063.41,cartao_credito,caixa_eletronico,FP-546694,55.40.xxx.xxx,aprovada,0,,153,MG
TXN-004695,2024-02-14 16:22:56,CUST-00343,MERCH-0102,servicos_digitais,427.84,PIX,internet_banking,FP-149109,58.57.xxx.xxx,aprovada,0,,95,MG
TXN-004696,2024-02-29 12:54:25,CUST-00373,MERCH-0077,farmacias,148.02,boleto,app_mobile,FP-704757,168.0.xxx.xxx,recusada,1,,61,MG
TXN-004697,2024-02-05 09:09:37,CUST-00794,MERCH-0116,restaurantes,60.92,PIX,internet_banking,FP-792685,33.36.xxx.xxx,aprovada,0,,116,GO
TXN-004698,2024-01-11 02:23:56,CUST-00023,MERCH-0139,farmacias,524.63,cartao_credito,app_mobile,FP-974051,233.68.xxx.xxx,aprovada,0,,124,RN
TXN-004699,2024-02-28 01:42:53,CUST-00157,MERCH-0104,utilidades,540.86,PIX,caixa_eletronico,FP-594130,92.184.xxx.xxx,aprovada,0,0,150,PB
TXN-004700,2024-01-08 06:30:25,CUST-00413,MERCH-0046,farmacias,378.13,PIX,API,,134.74.xxx.xxx,aprovada,0,,44,PB
TXN-004701,2024-02-26 16:10:38,CUST-00184,MERCH-0053,servicos_digitais,1771.12,cartao_debito,internet_banking,FP-401806,66.223.xxx.xxx,recusada,0,,166,RJ
TXN-004702,2024-02-17 18:50:24,CUST-00716,MERCH-0187,e-commerce,90.39,PIX,API,FP-410653,71.89.xxx.xxx,aprovada,0,,157,GO
TXN-004703,2024-01-06 23:06:56,CUST-00496,MERCH-0085,servicos_digitais,39.98,PIX,internet_banking,FP-445617,22.208.xxx.xxx,aprovada,0,,163,RJ
TXN-004704,2024-02-18 11:00:19,CUST-00357,MERCH-0037,servicos_digitais,107.22,PIX,app_mobile,FP-764573,210.51.xxx.xxx,recusada,0,,61,SP
TXN-004705,2024-01-22 00:04:29,CUST-00617,MERCH-0078,servicos_digitais,619.78,PIX,app_mobile,FP-234610,170.124.xxx.xxx,aprovada,0,,439,SC
TXN-004706,2024-01-05 22:54:11,CUST-00037,MERCH-0060,postos,53.9,PIX,app_mobile,FP-654136,197.163.xxx.xxx,aprovada,0,,224,PR
TXN-004707,2024-02-14 08:19:48,CUST-00446,MERCH-0114,supermercados,153.78,PIX,app_mobile,FP-266415,211.72.xxx.xxx,aprovada,0,,66,RS
TXN-004708,2024-02-16 04:53:23,CUST-00091,MERCH-0095,utilidades,11.02,cartao_credito,internet_banking,,135.123.xxx.xxx,aprovada,0,,26,RJ
TXN-004709,2024-01-24 15:25:19,CUST-00456,MERCH-0153,restaurantes,173.48,PIX,internet_banking,FP-494142,200.97.xxx.xxx,aprovada,0,0,149,ES
TXN-004710,2024-01-31 04:11:16,CUST-00764,MERCH-0191,servicos_digitais,1882.86,cartao_credito,internet_banking,FP-562049,211.219.xxx.xxx,recusada,0,,39,RS
TXN-004711,2024-01-14 17:10:04,CUST-00122,MERCH-0065,postos,200.61,PIX,caixa_eletronico,,39.106.xxx.xxx,aprovada,0,,393,MA
TXN-004712,2024-02-18 16:29:59,CUST-00014,MERCH-0199,viagens,209.68,cartao_credito,app_mobile,FP-511357,26.234.xxx.xxx,pendente,0,,90,ES
TXN-004713,2024-01-25 23:46:35,CUST-00182,MERCH-0053,restaurantes,150.24,cartao_credito,app_mobile,FP-275708,23.98.xxx.xxx,aprovada,0,,74,SE
TXN-004714,2024-01-30 11:13:20,CUST-00249,MERCH-0069,supermercados,98.25,boleto,internet_banking,FP-832206,116.56.xxx.xxx,recusada,0,,120,MG
TXN-004715,2024-01-22 11:09:01,CUST-00527,MERCH-0138,marketplace,623.33,TED,app_mobile,FP-677959,201.242.xxx.xxx,aprovada,0,,520,SC
TXN-004716,2024-02-09 13:57:23,CUST-00500,MERCH-0192,supermercados,382.62,PIX,app_mobile,FP-321626,68.155.xxx.xxx,aprovada,0,,58,PI
TXN-004717,2024-01-03 19:28:41,CUST-00727,MERCH-0118,e-commerce,134.15,cartao_debito,internet_banking,FP-862953,29.67.xxx.xxx,aprovada,0,,88,SE
TXN-004718,2024-01-06 05:40:24,CUST-00623,MERCH-0112,servicos_digitais,612.34,boleto,app_mobile,FP-355634,110.76.xxx.xxx,aprovada,0,,107,PR
TXN-004719,2024-01-09 05:59:41,CUST-00675,MERCH-0012,e-commerce,14.55,cartao_debito,caixa_eletronico,FP-447519,137.188.xxx.xxx,aprovada,0,,107,MG
TXN-004720,2024-01-28 22:05:53,CUST-00260,MERCH-0003,farmacias,524.21,cartao_debito,API,,14.214.xxx.xxx,aprovada,0,0,105,RJ
TXN-004721,2024-01-03 16:53:18,CUST-00471,MERCH-0059,outros,462.9,cartao_credito,caixa_eletronico,FP-554375,205.201.xxx.xxx,estornada,0,,139,AL
TXN-004722,2024-02-21 14:55:37,CUST-00652,MERCH-0136,e-commerce,94.88,cartao_credito,API,,154.48.xxx.xxx,aprovada,0,,37,DF
TXN-004723,2024-01-16 22:36:42,CUST-00466,MERCH-0199,marketplace,1426.03,cartao_credito,internet_banking,FP-557191,122.124.xxx.xxx,aprovada,0,,142,RR
TXN-004724,2024-02-12 13:59:28,CUST-00539,MERCH-0186,e-commerce,37.47,boleto,app_mobile,FP-484054,141.84.xxx.xxx,pendente,0,,152,SP
TXN-004725,2024-02-06 06:42:20,CUST-00133,MERCH-0095,marketplace,307.08,TED,app_mobile,FP-277661,34.198.xxx.xxx,aprovada,0,,55,RJ
TXN-004726,2024-02-16 05:11:03,CUST-00346,MERCH-0035,restaurantes,232.64,cartao_debito,internet_banking,FP-969588,232.110.xxx.xxx,aprovada,0,,87,AM
TXN-004727,2024-02-14 04:18:39,CUST-00382,MERCH-0160,e-commerce,107.68,cartao_debito,app_mobile,FP-697082,145.145.xxx.xxx,aprovada,0,0,64,ES
TXN-004728,2024-02-05 08:15:00,CUST-00727,MERCH-0167,farmacias,208.54,PIX,app_mobile,FP-124469,81.15.xxx.xxx,recusada,1,1,103,CE
TXN-004729,2024-01-28 21:36:44,CUST-00634,MERCH-0141,utilidades,242.77,PIX,internet_banking,FP-732513,169.10.xxx.xxx,aprovada,0,,596,GO
TXN-004730,2024-01-15 06:52:49,CUST-00206,MERCH-0022,viagens,327.72,cartao_debito,app_mobile,FP-980932,119.118.xxx.xxx,aprovada,0,,132,MG
TXN-004731,2024-01-05 13:33:39,CUST-00684,MERCH-0146,outros,327.37,cartao_credito,app_mobile,FP-427226,78.253.xxx.xxx,recusada,0,,216,MG
TXN-004732,2024-01-23 20:04:23,CUST-00126,MERCH-0091,postos,4517.06,cartao_credito,internet_banking,FP-300369,96.101.xxx.xxx,aprovada,0,,43,SP
TXN-004733,2024-02-03 08:02:10,CUST-00714,MERCH-0165,postos,29.1,cartao_credito,API,,209.240.xxx.xxx,pendente,0,,127,AM
TXN-004734,2024-02-22 14:11:08,CUST-00617,MERCH-0063,restaurantes,69.89,cartao_credito,caixa_eletronico,FP-920778,38.116.xxx.xxx,aprovada,0,,41,PR
TXN-004735,2024-01-06 07:32:10,CUST-00106,MERCH-0199,farmacias,473.01,cartao_credito,app_mobile,FP-548079,32.34.xxx.xxx,aprovada,0,,164,PR
TXN-004736,2024-01-18 09:08:45,CUST-00549,MERCH-0002,restaurantes,1135.96,cartao_credito,internet_banking,FP-809262,4.91.xxx.xxx,aprovada,0,0,234,MG
TXN-004737,2024-01-29 05:38:45,CUST-00203,MERCH-0084,marketplace,237.66,cartao_debito,caixa_eletronico,FP-844623,16.247.xxx.xxx,aprovada,0,,25,SC
TXN-004738,2024-01-03 22:09:03,CUST-00446,MERCH-0149,restaurantes,228.78,boleto,app_mobile,FP-328544,176.11.xxx.xxx,aprovada,0,,209,SC
TXN-004739,2024-01-09 07:56:16,CUST-00715,MERCH-0003,e-commerce,1449.95,cartao_debito,app_mobile,FP-742580,135.26.xxx.xxx,aprovada,0,,120,RJ
TXN-004740,2024-01-14 16:11:30,CUST-00013,MERCH-0111,marketplace,192.77,PIX,API,FP-983942,47.0.xxx.xxx,aprovada,0,,191,RJ
TXN-004741,2024-01-22 03:27:57,CUST-00554,MERCH-0166,postos,195.85,cartao_credito,app_mobile,FP-194875,145.61.xxx.xxx,aprovada,0,,161,RR
TXN-004742,2024-02-19 13:36:20,CUST-00447,MERCH-0189,supermercados,213.89,boleto,caixa_eletronico,FP-224527,124.67.xxx.xxx,aprovada,0,1,179,MG
TXN-004743,2024-02-04 01:39:27,CUST-00725,MERCH-0120,marketplace,971.62,cartao_debito,internet_banking,FP-739135,179.2.xxx.xxx,pendente,0,,48,MS
TXN-004744,2024-02-27 19:01:14,CUST-00785,MERCH-0142,utilidades,25.24,cartao_credito,internet_banking,FP-475184,47.133.xxx.xxx,aprovada,0,,113,SE
TXN-004745,2024-02-21 13:05:47,CUST-00016,MERCH-0137,marketplace,683.55,PIX,app_mobile,FP-930990,30.49.xxx.xxx,aprovada,0,,47,SP
TXN-004746,2024-02-02 22:43:56,CUST-00449,MERCH-0186,marketplace,951.47,cartao_credito,internet_banking,FP-533931,124.220.xxx.xxx,aprovada,0,,178,PE
TXN-004747,2024-02-24 17:25:39,CUST-00588,MERCH-0127,restaurantes,462.25,cartao_credito,internet_banking,FP-859702,65.202.xxx.xxx,aprovada,0,,107,RJ
TXN-004748,2024-01-02 21:42:28,CUST-00470,MERCH-0154,servicos_digitais,270.3,cartao_debito,internet_banking,FP-865405,4.128.xxx.xxx,aprovada,0,,88,ES
TXN-004749,2024-01-30 16:06:03,CUST-00186,MERCH-0009,supermercados,393.45,cartao_credito,app_mobile,FP-660046,191.32.xxx.xxx,aprovada,0,,103,PR
TXN-004750,2024-01-18 08:49:25,CUST-00112,MERCH-0134,servicos_digitais,782.36,boleto,internet_banking,FP-231836,105.45.xxx.xxx,aprovada,0,,359,SP
TXN-004751,2024-02-20 08:13:53,CUST-00306,MERCH-0112,postos,92.59,cartao_credito,app_mobile,FP-789553,141.126.xxx.xxx,recusada,0,,65,SP
TXN-004752,2024-01-06 03:33:32,CUST-00078,MERCH-0085,e-commerce,184.7,PIX,API,,103.74.xxx.xxx,aprovada,1,0,317,SC
TXN-004753,2024-02-12 16:38:57,CUST-00567,MERCH-0017,outros,1275.17,TED,app_mobile,FP-531285,121.243.xxx.xxx,aprovada,0,,43,ES
TXN-004754,2024-01-01 10:08:20,CUST-00158,MERCH-0109,postos,145.14,boleto,app_mobile,FP-533762,65.30.xxx.xxx,aprovada,0,1,50,MG
TXN-004755,2024-02-07 20:18:33,CUST-00194,MERCH-0103,supermercados,454.88,PIX,app_mobile,FP-205149,109.71.xxx.xxx,recusada,0,,175,PE
TXN-004756,2024-01-08 13:37:05,CUST-00458,MERCH-0061,restaurantes,31.98,TED,API,,68.176.xxx.xxx,aprovada,0,,435,RS
TXN-004757,2024-01-05 09:14:27,CUST-00471,MERCH-0138,supermercados,307.89,PIX,app_mobile,FP-906684,196.48.xxx.xxx,aprovada,0,,155,BA
TXN-004758,2024-01-17 13:54:33,CUST-00237,MERCH-0164,servicos_digitais,73.37,TED,app_mobile,FP-739107,206.151.xxx.xxx,aprovada,0,,1089,RN
TXN-004759,2024-01-18 16:42:12,CUST-00304,MERCH-0037,postos,46.59,TED,internet_banking,FP-562975,203.158.xxx.xxx,aprovada,0,0,32,RJ
TXN-004760,2024-01-14 10:10:55,CUST-00174,MERCH-0093,supermercados,1538.74,TED,app_mobile,FP-495370,63.197.xxx.xxx,aprovada,0,0,109,SP
TXN-004761,2024-01-25 09:42:00,CUST-00201,MERCH-0052,servicos_digitais,189.15,PIX,app_mobile,FP-925832,158.77.xxx.xxx,recusada,0,,171,RR
TXN-004762,2024-02-26 05:15:02,CUST-00393,MERCH-0094,supermercados,135.5,PIX,app_mobile,FP-468166,159.15.xxx.xxx,aprovada,0,,83,MG
TXN-004763,2024-02-27 11:01:03,CUST-00059,MERCH-0122,postos,1071.82,cartao_debito,internet_banking,FP-855118,73.1.xxx.xxx,pendente,0,,290,MG
TXN-004764,2024-02-22 00:43:46,CUST-00342,MERCH-0181,servicos_digitais,1653.02,PIX,internet_banking,FP-689333,9.207.xxx.xxx,aprovada,0,,206,GO
TXN-004765,2024-01-11 11:29:46,CUST-00724,MERCH-0176,marketplace,308.95,cartao_debito,internet_banking,FP-500135,149.241.xxx.xxx,aprovada,0,,163,SP
TXN-004766,2024-02-18 23:43:23,CUST-00311,MERCH-0147,restaurantes,137.06,cartao_debito,API,FP-557888,231.117.xxx.xxx,aprovada,0,,291,SE
TXN-004767,2024-01-22 21:19:51,CUST-00188,MERCH-0128,postos,405.14,cartao_debito,API,,96.193.xxx.xxx,aprovada,0,,88,SP
TXN-004768,2024-02-06 22:24:46,CUST-00788,MERCH-0118,e-commerce,1174.67,PIX,app_mobile,FP-342470,83.215.xxx.xxx,aprovada,0,,78,RS
TXN-004769,2024-01-04 05:40:21,CUST-00196,MERCH-0047,utilidades,188.75,TED,internet_banking,FP-203342,40.161.xxx.xxx,aprovada,0,,109,RN
TXN-004770,2024-02-05 16:56:07,CUST-00612,MERCH-0146,e-commerce,462.12,PIX,app_mobile,FP-175628,200.197.xxx.xxx,recusada,0,,211,MG
TXN-004771,2024-01-18 04:48:03,CUST-00090,MERCH-0117,postos,604.97,cartao_credito,app_mobile,FP-695632,227.210.xxx.xxx,aprovada,0,,324,RJ
TXN-004772,2024-01-11 04:38:22,CUST-00389,MERCH-0045,postos,356.45,cartao_credito,caixa_eletronico,FP-525860,77.85.xxx.xxx,pendente,0,,95,RJ
TXN-004773,2024-02-23 01:02:06,CUST-00253,MERCH-0145,postos,383.35,PIX,caixa_eletronico,FP-826900,110.169.xxx.xxx,recusada,0,0,55,ES
TXN-004774,2024-02-25 13:52:42,CUST-00576,MERCH-0167,outros,2916.41,cartao_credito,app_mobile,FP-989684,155.104.xxx.xxx,aprovada,0,,31,RN
TXN-004775,2024-02-21 04:03:19,CUST-00736,MERCH-0017,e-commerce,65.68,cartao_debito,app_mobile,FP-927149,84.222.xxx.xxx,pendente,0,,67,MG
TXN-004776,2024-02-13 18:15:48,CUST-00679,MERCH-0050,e-commerce,126.12,cartao_debito,app_mobile,FP-335291,10.46.xxx.xxx,aprovada,0,,23,RJ
TXN-004777,2024-01-24 14:05:03,CUST-00687,MERCH-0193,viagens,16.39,cartao_credito,app_mobile,FP-593802,124.108.xxx.xxx,estornada,0,,157,SP
TXN-004778,2024-01-14 16:28:52,CUST-00760,MERCH-0117,supermercados,85.25,cartao_debito,API,,21.48.xxx.xxx,pendente,0,,84,SC
TXN-004779,2024-02-04 09:33:59,CUST-00774,MERCH-0139,e-commerce,547.69,cartao_credito,caixa_eletronico,FP-887597,86.219.xxx.xxx,pendente,0,,47,TO
TXN-004780,2024-02-03 19:19:43,CUST-00670,MERCH-0175,marketplace,80.21,cartao_debito,app_mobile,FP-332287,40.201.xxx.xxx,aprovada,0,0,194,TO
TXN-004781,2024-02-27 10:55:33,CUST-00413,MERCH-0007,e-commerce,201.9,PIX,app_mobile,FP-617639,31.129.xxx.xxx,aprovada,0,,136,SE
TXN-004782,2024-01-02 14:25:30,CUST-00422,MERCH-0063,marketplace,139.32,boleto,internet_banking,FP-859497,90.172.xxx.xxx,aprovada,0,,74,MT
TXN-004783,2024-01-03 13:59:54,CUST-00196,MERCH-0165,marketplace,5249.86,cartao_credito,app_mobile,FP-288389,131.31.xxx.xxx,aprovada,0,,163,PE
TXN-004784,2024-01-07 19:30:52,CUST-00072,MERCH-0145,restaurantes,182.64,cartao_debito,internet_banking,FP-374665,37.170.xxx.xxx,aprovada,0,,187,CE
TXN-004785,2024-01-28 21:32:17,CUST-00691,MERCH-0105,marketplace,14.93,boleto,internet_banking,FP-808871,196.208.xxx.xxx,aprovada,0,,107,PI
TXN-004786,2024-01-05 06:09:22,CUST-00170,MERCH-0036,restaurantes,1157.6,PIX,app_mobile,FP-111131,107.240.xxx.xxx,pendente,0,,187,RJ
TXN-004787,2024-01-15 19:07:08,CUST-00198,MERCH-0147,e-commerce,90.65,PIX,app_mobile,FP-710298,48.103.xxx.xxx,aprovada,0,,165,PR
TXN-004788,2024-02-27 03:49:23,CUST-00100,MERCH-0015,servicos_digitais,320.79,cartao_credito,caixa_eletronico,FP-647314,160.42.xxx.xxx,pendente,0,,72,RJ
TXN-004789,2024-01-09 08:54:15,CUST-00494,MERCH-0140,restaurantes,26.38,PIX,app_mobile,FP-226942,103.103.xxx.xxx,aprovada,0,,317,RJ
TXN-004790,2024-01-12 01:47:00,CUST-00321,MERCH-0077,postos,773.11,PIX,app_mobile,FP-442157,49.68.xxx.xxx,aprovada,0,,209,PB
TXN-004791,2024-02-24 20:45:42,CUST-00020,MERCH-0013,farmacias,355.26,cartao_credito,app_mobile,FP-857499,156.94.xxx.xxx,recusada,0,,80,SC
TXN-004792,2024-02-10 04:53:08,CUST-00547,MERCH-0016,restaurantes,428.07,boleto,API,,134.57.xxx.xxx,aprovada,0,,104,SC
TXN-004793,2024-02-14 03:10:50,CUST-00483,MERCH-0103,restaurantes,80.28,PIX,internet_banking,FP-598218,86.125.xxx.xxx,aprovada,0,,203,SE
TXN-004794,2024-01-06 14:25:38,CUST-00196,MERCH-0173,postos,228.17,TED,app_mobile,FP-275208,105.117.xxx.xxx,recusada,0,,166,PE
TXN-004795,2024-01-04 09:07:54,CUST-00123,MERCH-0090,postos,393.0,boleto,internet_banking,,93.165.xxx.xxx,aprovada,0,,599,DF
TXN-004796,2024-02-19 13:41:45,CUST-00311,MERCH-0176,postos,238.34,cartao_credito,API,FP-564584,48.54.xxx.xxx,aprovada,0,,359,MA
TXN-004797,2024-02-08 07:28:48,CUST-00168,MERCH-0169,marketplace,427.85,cartao_debito,app_mobile,FP-187876,193.77.xxx.xxx,aprovada,0,,34,PR
TXN-004798,2024-01-18 22:44:35,CUST-00146,MERCH-0017,farmacias,56.39,cartao_debito,internet_banking,FP-841630,86.210.xxx.xxx,aprovada,0,,192,BA
TXN-004799,2024-01-09 02:08:42,CUST-00698,MERCH-0157,restaurantes,474.7,TED,caixa_eletronico,FP-893299,22.213.xxx.xxx,aprovada,1,1,1416,MG
TXN-004800,2024-01-23 07:55:27,CUST-00306,MERCH-0184,restaurantes,955.05,cartao_debito,internet_banking,FP-260584,47.195.xxx.xxx,aprovada,0,0,59,SP
TXN-004801,2024-02-12 01:35:07,CUST-00357,MERCH-0167,viagens,296.61,PIX,app_mobile,FP-730058,98.250.xxx.xxx,estornada,0,,128,ES
TXN-004802,2024-02-28 05:02:13,CUST-00767,MERCH-0146,viagens,254.12,PIX,app_mobile,FP-833523,89.57.xxx.xxx,aprovada,0,,40,PR
TXN-004803,2024-02-04 18:47:23,CUST-00742,MERCH-0048,marketplace,260.95,boleto,app_mobile,FP-894089,93.17.xxx.xxx,aprovada,1,,104,DF
TXN-004804,2024-02-28 06:02:38,CUST-00695,MERCH-0091,servicos_digitais,196.89,boleto,internet_banking,FP-770633,47.48.xxx.xxx,recusada,0,,274,SP
TXN-004805,2024-02-09 15:17:47,CUST-00529,MERCH-0110,outros,981.5,cartao_debito,app_mobile,FP-632839,44.39.xxx.xxx,aprovada,0,,127,ES
TXN-004806,2024-01-21 03:16:53,CUST-00721,MERCH-0186,e-commerce,2407.66,cartao_debito,app_mobile,FP-555072,82.86.xxx.xxx,aprovada,0,,75,DF
TXN-004807,2024-01-22 22:50:50,CUST-00123,MERCH-0008,marketplace,704.3,PIX,app_mobile,FP-665735,123.53.xxx.xxx,pendente,0,,94,GO
TXN-004808,2024-02-22 13:05:51,CUST-00435,MERCH-0016,farmacias,628.03,boleto,app_mobile,FP-407196,17.221.xxx.xxx,aprovada,0,,63,SE
TXN-004809,2024-01-26 07:06:40,CUST-00487,MERCH-0131,supermercados,658.24,PIX,app_mobile,,159.155.xxx.xxx,aprovada,0,,53,PE
TXN-004810,2024-02-14 01:48:29,CUST-00711,MERCH-0162,e-commerce,401.25,cartao_debito,app_mobile,FP-731109,230.172.xxx.xxx,aprovada,0,,70,RO
TXN-004811,2024-01-10 17:56:31,CUST-00605,MERCH-0136,restaurantes,5202.18,PIX,internet_banking,FP-372376,50.24.xxx.xxx,aprovada,0,,423,RJ
TXN-004812,2024-02-13 22:54:05,CUST-00177,MERCH-0058,marketplace,98.03,TED,internet_banking,FP-775938,174.66.xxx.xxx,aprovada,0,,278,PI
TXN-004813,2024-01-06 10:21:48,CUST-00414,MERCH-0013,servicos_digitais,942.06,PIX,API,,72.77.xxx.xxx,aprovada,0,,52,PI
TXN-004814,2024-02-25 16:58:58,CUST-00395,MERCH-0070,supermercados,291.66,boleto,internet_banking,FP-910562,178.199.xxx.xxx,recusada,0,,49,ES
TXN-004815,2024-02-17 04:23:38,CUST-00175,MERCH-0139,marketplace,2077.6,PIX,API,,77.175.xxx.xxx,recusada,0,,156,GO
TXN-004816,2024-02-28 07:13:19,CUST-00613,MERCH-0154,farmacias,177.22,TED,internet_banking,FP-285746,206.15.xxx.xxx,aprovada,0,,442,SP
TXN-004817,2024-02-14 22:56:45,CUST-00560,MERCH-0144,supermercados,66.15,cartao_credito,internet_banking,FP-825211,162.189.xxx.xxx,aprovada,0,0,315,PR
TXN-004818,2024-01-05 12:55:19,CUST-00633,MERCH-0104,farmacias,903.16,cartao_credito,API,,148.221.xxx.xxx,aprovada,0,,142,TO
TXN-004819,2024-01-12 16:57:49,CUST-00324,MERCH-0181,postos,704.4,TED,API,,234.99.xxx.xxx,pendente,0,,193,MT
TXN-004820,2024-02-01 04:13:20,CUST-00710,MERCH-0139,servicos_digitais,480.76,cartao_debito,internet_banking,FP-678745,98.35.xxx.xxx,aprovada,1,1,586,ES
TXN-004821,2024-01-30 23:06:16,CUST-00761,MERCH-0109,e-commerce,543.88,cartao_credito,API,,150.44.xxx.xxx,aprovada,0,,67,RJ
TXN-004822,2024-01-16 17:23:38,CUST-00420,MERCH-0030,servicos_digitais,138.3,PIX,internet_banking,,63.41.xxx.xxx,aprovada,0,,133,RN
TXN-004823,2024-01-25 10:19:30,CUST-00209,MERCH-0145,servicos_digitais,414.53,PIX,app_mobile,FP-194969,69.228.xxx.xxx,pendente,0,,302,MA
TXN-004824,2024-01-07 14:48:45,CUST-00386,MERCH-0093,supermercados,276.4,cartao_credito,caixa_eletronico,FP-795086,86.137.xxx.xxx,aprovada,0,,203,RJ
TXN-004825,2024-02-07 13:45:39,CUST-00546,MERCH-0176,marketplace,87.34,boleto,internet_banking,FP-235352,197.111.xxx.xxx,aprovada,0,,288,ES
TXN-004826,2024-02-13 02:48:18,CUST-00742,MERCH-0011,marketplace,960.36,cartao_credito,app_mobile,FP-744436,199.178.xxx.xxx,recusada,0,,117,MT
TXN-004827,2024-01-21 10:24:57,CUST-00324,MERCH-0122,supermercados,101.32,cartao_credito,app_mobile,FP-389168,216.62.xxx.xxx,aprovada,0,,174,MT
TXN-004828,2024-02-18 23:18:54,CUST-00079,MERCH-0088,e-commerce,25.03,PIX,internet_banking,FP-269897,247.230.xxx.xxx,aprovada,0,,439,MG
TXN-004829,2024-01-21 11:05:32,CUST-00014,MERCH-0097,marketplace,246.74,TED,API,,166.227.xxx.xxx,aprovada,0,,101,SP
TXN-004830,2024-01-15 23:16:17,CUST-00271,MERCH-0137,marketplace,1261.92,cartao_credito,internet_banking,FP-218545,59.117.xxx.xxx,pendente,0,,239,CE
TXN-004831,2024-02-22 05:25:37,CUST-00205,MERCH-0149,utilidades,946.92,TED,internet_banking,FP-469887,71.26.xxx.xxx,aprovada,0,,660,TO
TXN-004832,2024-01-26 14:26:06,CUST-00434,MERCH-0112,utilidades,89.1,PIX,API,,9.129.xxx.xxx,aprovada,0,,132,MG
TXN-004833,2024-01-28 00:37:39,CUST-00385,MERCH-0025,supermercados,434.83,cartao_debito,app_mobile,FP-888346,69.163.xxx.xxx,aprovada,0,,93,SP
TXN-004834,2024-02-25 07:12:47,CUST-00726,MERCH-0132,e-commerce,125.28,cartao_debito,app_mobile,,248.241.xxx.xxx,aprovada,0,,170,RS
TXN-004835,2024-02-20 20:46:10,CUST-00350,MERCH-0188,postos,91.04,PIX,app_mobile,FP-184532,35.34.xxx.xxx,pendente,0,,147,SC
TXN-004836,2024-01-23 01:53:16,CUST-00395,MERCH-0198,servicos_digitais,57.89,PIX,app_mobile,,234.168.xxx.xxx,aprovada,0,,188,ES
TXN-004837,2024-02-09 04:02:25,CUST-00707,MERCH-0081,marketplace,121.29,PIX,app_mobile,FP-707782,155.230.xxx.xxx,aprovada,0,,81,SP
TXN-004838,2024-02-15 07:10:42,CUST-00430,MERCH-0079,restaurantes,1544.8,cartao_credito,API,FP-626506,187.1.xxx.xxx,aprovada,0,,141,RJ
TXN-004839,2024-02-06 12:13:47,CUST-00258,MERCH-0132,utilidades,52.36,cartao_credito,app_mobile,FP-965850,41.93.xxx.xxx,recusada,0,,257,ES
TXN-004840,2024-02-28 03:52:16,CUST-00579,MERCH-0047,e-commerce,1639.52,PIX,internet_banking,FP-397724,47.14.xxx.xxx,aprovada,0,,181,ES
TXN-004841,2024-02-14 20:01:07,CUST-00352,MERCH-0032,restaurantes,39.54,boleto,API,,240.112.xxx.xxx,aprovada,0,0,95,MG
TXN-004842,2024-02-01 16:26:33,CUST-00164,MERCH-0130,restaurantes,318.18,PIX,app_mobile,FP-636723,174.73.xxx.xxx,aprovada,0,,46,SP
TXN-004843,2024-02-14 03:08:26,CUST-00337,MERCH-0152,servicos_digitais,844.54,cartao_debito,internet_banking,FP-909542,10.154.xxx.xxx,aprovada,0,,92,RS
TXN-004844,2024-02-07 23:51:55,CUST-00730,MERCH-0009,marketplace,124.4,PIX,caixa_eletronico,FP-510866,209.249.xxx.xxx,aprovada,0,,265,AM
TXN-004845,2024-02-27 19:30:43,CUST-00780,MERCH-0110,viagens,162.47,cartao_debito,app_mobile,FP-363332,146.70.xxx.xxx,aprovada,0,,94,SC
TXN-004846,2024-01-05 19:53:54,CUST-00178,MERCH-0141,e-commerce,1800.64,PIX,API,,172.227.xxx.xxx,aprovada,0,0,93,RJ
TXN-004847,2024-01-10 20:47:11,CUST-00617,MERCH-0083,servicos_digitais,321.56,cartao_credito,API,,127.77.xxx.xxx,aprovada,0,,1434,PR
TXN-004848,2024-01-04 17:09:06,CUST-00621,MERCH-0013,outros,791.57,cartao_debito,app_mobile,,54.38.xxx.xxx,aprovada,0,,70,RJ
TXN-004849,2024-02-26 15:08:39,CUST-00017,MERCH-0005,utilidades,169.98,TED,caixa_eletronico,,153.136.xxx.xxx,aprovada,0,,250,PR
TXN-004850,2024-02-12 16:41:06,CUST-00654,MERCH-0051,marketplace,1104.24,cartao_debito,internet_banking,FP-648032,48.117.xxx.xxx,aprovada,0,,142,RR
TXN-004851,2024-02-05 03:23:09,CUST-00605,MERCH-0037,marketplace,138.67,PIX,app_mobile,FP-545219,226.200.xxx.xxx,recusada,0,,117,MG
TXN-004852,2024-01-07 05:05:32,CUST-00382,MERCH-0040,marketplace,192.75,PIX,internet_banking,FP-879987,29.5.xxx.xxx,aprovada,0,,146,MG
TXN-004853,2024-02-01 16:46:30,CUST-00197,MERCH-0102,postos,685.49,boleto,internet_banking,FP-732888,234.178.xxx.xxx,aprovada,0,,54,MG
TXN-004854,2024-01-21 08:29:02,CUST-00655,MERCH-0028,servicos_digitais,38.0,TED,app_mobile,FP-696230,35.67.xxx.xxx,aprovada,0,0,360,AP
TXN-004855,2024-01-06 01:53:56,CUST-00732,MERCH-0047,e-commerce,215.83,cartao_credito,internet_banking,FP-887956,138.107.xxx.xxx,aprovada,0,,172,MG
TXN-004856,2024-02-01 09:05:36,CUST-00507,MERCH-0097,outros,94.18,cartao_debito,caixa_eletronico,FP-789355,39.150.xxx.xxx,aprovada,0,,88,AM
TXN-004857,2024-02-12 19:30:47,CUST-00147,MERCH-0034,utilidades,35.14,PIX,internet_banking,FP-990649,144.149.xxx.xxx,aprovada,0,,147,ES
TXN-004858,2024-01-03 22:19:48,CUST-00683,MERCH-0167,supermercados,413.07,PIX,app_mobile,FP-970360,22.84.xxx.xxx,aprovada,0,,83,MG
TXN-004859,2024-02-05 13:45:14,CUST-00766,MERCH-0086,servicos_digitais,745.33,cartao_debito,app_mobile,FP-748967,239.88.xxx.xxx,recusada,0,0,599,SC
TXN-004860,2024-02-02 10:49:50,CUST-00629,MERCH-0015,e-commerce,526.13,cartao_credito,app_mobile,FP-698471,166.156.xxx.xxx,aprovada,0,,264,MG
TXN-004861,2024-02-15 05:49:12,CUST-00793,MERCH-0089,e-commerce,53.36,cartao_credito,internet_banking,FP-204818,46.207.xxx.xxx,aprovada,0,,261,RS
TXN-004862,2024-02-24 15:27:36,CUST-00610,MERCH-0022,postos,1369.1,cartao_credito,internet_banking,FP-558986,250.186.xxx.xxx,aprovada,0,,19,SC
TXN-004863,2024-01-13 04:32:09,CUST-00677,MERCH-0200,marketplace,229.92,cartao_credito,app_mobile,FP-781977,127.177.xxx.xxx,aprovada,0,,158,GO
TXN-004864,2024-02-26 19:44:46,CUST-00495,MERCH-0090,utilidades,1560.11,PIX,caixa_eletronico,FP-656147,221.160.xxx.xxx,aprovada,1,1,71,RS
TXN-004865,2024-01-19 09:52:58,CUST-00197,MERCH-0002,supermercados,319.64,PIX,app_mobile,FP-529533,25.61.xxx.xxx,aprovada,0,,103,RJ
TXN-004866,2024-01-25 16:45:11,CUST-00267,MERCH-0179,postos,4092.98,cartao_credito,app_mobile,FP-265944,100.15.xxx.xxx,aprovada,0,,56,SP
TXN-004867,2024-01-16 23:40:19,CUST-00575,MERCH-0023,servicos_digitais,1409.73,cartao_credito,API,FP-564412,80.61.xxx.xxx,aprovada,0,1,205,SP
TXN-004868,2024-01-15 14:16:50,CUST-00755,MERCH-0107,servicos_digitais,376.3,cartao_debito,app_mobile,FP-446621,73.3.xxx.xxx,recusada,0,0,93,ES
TXN-004869,2024-01-09 11:34:00,CUST-00469,MERCH-0024,outros,4625.79,cartao_credito,API,,183.110.xxx.xxx,aprovada,0,0,653,PB
TXN-004870,2024-02-16 14:32:21,CUST-00680,MERCH-0035,servicos_digitais,140.62,cartao_credito,internet_banking,FP-481474,141.88.xxx.xxx,aprovada,0,0,223,PR
TXN-004871,2024-02-09 10:40:28,CUST-00620,MERCH-0069,e-commerce,532.8,cartao_credito,internet_banking,FP-691766,74.8.xxx.xxx,aprovada,0,,180,PI
TXN-004872,2024-02-02 22:10:03,CUST-00289,MERCH-0161,marketplace,579.83,PIX,API,FP-611176,101.80.xxx.xxx,aprovada,0,,170,ES
TXN-004873,2024-01-10 11:34:13,CUST-00745,MERCH-0050,restaurantes,99.22,cartao_credito,app_mobile,FP-738754,34.168.xxx.xxx,aprovada,0,,19,SE
TXN-004874,2024-02-16 17:11:30,CUST-00465,MERCH-0062,restaurantes,560.04,cartao_debito,internet_banking,FP-751232,47.4.xxx.xxx,aprovada,0,,362,SP
TXN-004875,2024-01-19 13:55:22,CUST-00595,MERCH-0155,servicos_digitais,687.86,cartao_credito,app_mobile,FP-385677,153.67.xxx.xxx,aprovada,0,,259,ES
TXN-004876,2024-02-27 11:22:26,CUST-00212,MERCH-0135,restaurantes,3236.31,PIX,internet_banking,FP-173309,218.5.xxx.xxx,aprovada,0,,105,ES
TXN-004877,2024-01-25 23:52:10,CUST-00426,MERCH-0094,e-commerce,44.64,cartao_debito,internet_banking,FP-539445,245.248.xxx.xxx,aprovada,0,,43,ES
TXN-004878,2024-01-18 18:29:45,CUST-00746,MERCH-0052,marketplace,140.68,cartao_credito,internet_banking,FP-186300,152.232.xxx.xxx,aprovada,0,,136,RR
TXN-004879,2024-01-11 16:55:39,CUST-00288,MERCH-0177,restaurantes,1077.14,cartao_credito,app_mobile,FP-660440,79.204.xxx.xxx,aprovada,0,,97,SP
TXN-004880,2024-01-27 08:20:12,CUST-00424,MERCH-0179,servicos_digitais,943.87,cartao_credito,internet_banking,FP-479330,246.196.xxx.xxx,aprovada,0,,38,GO
TXN-004881,2024-01-21 02:14:32,CUST-00105,MERCH-0097,marketplace,693.3,cartao_debito,API,FP-934309,156.0.xxx.xxx,aprovada,0,,47,RS
TXN-004882,2024-02-25 22:23:50,CUST-00717,MERCH-0125,e-commerce,1041.35,cartao_credito,app_mobile,FP-182018,114.142.xxx.xxx,pendente,0,,390,SP
TXN-004883,2024-02-12 18:56:01,CUST-00333,MERCH-0175,utilidades,644.25,cartao_debito,API,FP-708748,111.197.xxx.xxx,aprovada,0,,95,DF
TXN-004884,2024-02-04 11:14:25,CUST-00030,MERCH-0189,marketplace,320.17,PIX,API,,24.152.xxx.xxx,aprovada,0,,226,RJ
TXN-004885,2024-02-21 20:34:27,CUST-00566,MERCH-0042,outros,122.95,cartao_credito,internet_banking,FP-321847,53.112.xxx.xxx,estornada,0,,212,ES
TXN-004886,2024-01-07 04:27:12,CUST-00486,MERCH-0185,utilidades,4401.02,cartao_credito,internet_banking,FP-904140,52.139.xxx.xxx,aprovada,0,,76,SP
TXN-004887,2024-01-09 19:49:45,CUST-00377,MERCH-0058,marketplace,1299.88,boleto,internet_banking,FP-337542,28.7.xxx.xxx,aprovada,0,,195,MT
TXN-004888,2024-02-13 10:54:24,CUST-00685,MERCH-0051,farmacias,492.03,cartao_credito,app_mobile,FP-698219,225.31.xxx.xxx,aprovada,0,0,948,SE
TXN-004889,2024-02-28 17:42:00,CUST-00167,MERCH-0024,e-commerce,296.36,cartao_credito,app_mobile,FP-941433,33.177.xxx.xxx,aprovada,0,,161,ES
TXN-004890,2024-02-19 12:35:52,CUST-00515,MERCH-0198,marketplace,87.23,cartao_debito,API,,251.168.xxx.xxx,pendente,0,0,35,AL
TXN-004891,2024-02-02 06:38:39,CUST-00110,MERCH-0075,postos,72.08,TED,internet_banking,FP-523430,57.253.xxx.xxx,aprovada,0,,49,MT
TXN-004892,2024-02-15 09:54:29,CUST-00086,MERCH-0087,farmacias,137.25,PIX,app_mobile,FP-209423,35.124.xxx.xxx,aprovada,0,,121,RJ
TXN-004893,2024-02-19 07:44:46,CUST-00130,MERCH-0015,outros,577.73,TED,API,,205.243.xxx.xxx,aprovada,0,,88,PR
TXN-004894,2024-01-15 20:08:25,CUST-00747,MERCH-0056,supermercados,2085.49,cartao_credito,app_mobile,FP-545324,79.82.xxx.xxx,aprovada,0,,436,SP
TXN-004895,2024-02-15 02:13:03,CUST-00506,MERCH-0015,marketplace,195.91,TED,internet_banking,FP-471599,140.189.xxx.xxx,recusada,1,1,339,RJ
TXN-004896,2024-01-21 06:08:23,CUST-00044,MERCH-0004,marketplace,310.49,PIX,API,,183.131.xxx.xxx,aprovada,0,0,146,ES
TXN-004897,2024-02-13 05:31:26,CUST-00008,MERCH-0142,viagens,158.06,boleto,app_mobile,FP-575481,225.134.xxx.xxx,aprovada,0,,57,ES
TXN-004898,2024-01-28 13:11:08,CUST-00563,MERCH-0163,servicos_digitais,159.73,TED,internet_banking,FP-415619,191.48.xxx.xxx,aprovada,0,,108,ES
TXN-004899,2024-01-14 06:11:13,CUST-00262,MERCH-0057,utilidades,1418.61,TED,app_mobile,,174.121.xxx.xxx,aprovada,0,,137,RJ
TXN-004900,2024-02-25 22:11:27,CUST-00361,MERCH-0151,viagens,1107.08,PIX,internet_banking,FP-834932,252.107.xxx.xxx,aprovada,0,,101,MG
TXN-004901,2024-02-13 13:26:12,CUST-00691,MERCH-0152,servicos_digitais,1781.8,cartao_debito,caixa_eletronico,FP-924128,236.221.xxx.xxx,pendente,0,,41,SE
TXN-004902,2024-01-14 03:37:38,CUST-00172,MERCH-0063,e-commerce,252.29,TED,internet_banking,FP-518301,222.40.xxx.xxx,recusada,0,0,53,DF
TXN-004903,2024-02-26 05:52:01,CUST-00605,MERCH-0108,supermercados,261.9,PIX,internet_banking,FP-765694,112.226.xxx.xxx,aprovada,0,,571,RJ
TXN-004904,2024-01-10 01:48:33,CUST-00457,MERCH-0174,postos,68.18,cartao_credito,app_mobile,FP-890318,182.141.xxx.xxx,aprovada,0,,1524,AP
TXN-004905,2024-01-08 14:08:49,CUST-00135,MERCH-0124,marketplace,174.9,TED,internet_banking,FP-697390,169.11.xxx.xxx,pendente,0,,61,MG
TXN-004906,2024-01-28 20:06:37,CUST-00024,MERCH-0034,servicos_digitais,223.65,TED,internet_banking,FP-937010,235.90.xxx.xxx,aprovada,0,0,496,ES
TXN-004907,2024-02-09 12:01:50,CUST-00103,MERCH-0008,e-commerce,3781.62,TED,internet_banking,FP-646000,227.177.xxx.xxx,aprovada,0,,58,RS
TXN-004908,2024-02-08 20:34:32,CUST-00128,MERCH-0024,e-commerce,123.32,PIX,API,,217.197.xxx.xxx,pendente,0,,79,RS
TXN-004909,2024-02-28 08:34:04,CUST-00643,MERCH-0067,farmacias,473.96,PIX,app_mobile,FP-143417,139.246.xxx.xxx,aprovada,0,,265,ES
TXN-004910,2024-01-19 17:32:36,CUST-00414,MERCH-0122,supermercados,43.71,PIX,app_mobile,FP-883757,227.170.xxx.xxx,aprovada,0,,50,RN
TXN-004911,2024-01-12 09:55:01,CUST-00280,MERCH-0163,supermercados,326.29,PIX,app_mobile,FP-693976,177.85.xxx.xxx,aprovada,0,,111,PI
TXN-004912,2024-01-10 04:19:35,CUST-00660,MERCH-0004,restaurantes,290.17,boleto,app_mobile,FP-392235,250.63.xxx.xxx,aprovada,0,0,294,RJ
TXN-004913,2024-02-02 08:30:10,CUST-00792,MERCH-0107,utilidades,118.44,cartao_debito,internet_banking,FP-848929,68.213.xxx.xxx,aprovada,0,,425,PR
TXN-004914,2024-02-29 13:01:20,CUST-00687,MERCH-0198,e-commerce,1147.42,cartao_debito,API,FP-135854,99.231.xxx.xxx,recusada,0,,90,ES
TXN-004915,2024-01-09 22:10:32,CUST-00024,MERCH-0108,supermercados,172.39,boleto,internet_banking,FP-793006,199.194.xxx.xxx,aprovada,0,0,281,SP
TXN-004916,2024-01-07 12:45:27,CUST-00428,MERCH-0194,restaurantes,92.79,PIX,API,FP-185929,86.1.xxx.xxx,aprovada,0,,388,MT
TXN-004917,2024-01-06 07:04:41,CUST-00700,MERCH-0010,restaurantes,303.32,TED,caixa_eletronico,FP-428965,198.141.xxx.xxx,recusada,0,,318,ES
TXN-004918,2024-01-31 07:31:33,CUST-00332,MERCH-0198,restaurantes,32.57,PIX,app_mobile,FP-135481,92.249.xxx.xxx,aprovada,0,,216,MG
TXN-004919,2024-02-25 18:31:05,CUST-00376,MERCH-0067,marketplace,234.09,cartao_debito,internet_banking,FP-295231,217.193.xxx.xxx,aprovada,0,,84,RJ
TXN-004920,2024-01-31 23:28:59,CUST-00060,MERCH-0116,farmacias,112.21,cartao_credito,API,,1.74.xxx.xxx,aprovada,0,,92,ES
TXN-004921,2024-01-23 10:32:54,CUST-00037,MERCH-0003,restaurantes,264.11,boleto,app_mobile,,225.95.xxx.xxx,pendente,0,,89,SC
TXN-004922,2024-02-06 00:26:30,CUST-00220,MERCH-0061,postos,1879.26,TED,app_mobile,FP-634511,236.137.xxx.xxx,aprovada,0,,513,PA
TXN-004923,2024-01-31 12:09:35,CUST-00453,MERCH-0127,utilidades,127.51,cartao_credito,internet_banking,FP-708143,79.41.xxx.xxx,recusada,0,,422,SC
TXN-004924,2024-01-10 19:27:25,CUST-00111,MERCH-0130,restaurantes,272.78,cartao_debito,app_mobile,FP-731364,72.184.xxx.xxx,pendente,0,,101,SP
TXN-004925,2024-01-17 01:26:01,CUST-00166,MERCH-0136,utilidades,899.92,cartao_credito,API,,89.149.xxx.xxx,pendente,0,,328,PB
TXN-004926,2024-02-02 08:58:19,CUST-00096,MERCH-0010,servicos_digitais,141.78,cartao_debito,app_mobile,FP-317905,84.90.xxx.xxx,aprovada,0,,52,RS
TXN-004927,2024-02-15 12:54:34,CUST-00554,MERCH-0030,utilidades,432.29,PIX,API,,210.31.xxx.xxx,aprovada,0,0,230,RO
TXN-004928,2024-02-14 21:31:48,CUST-00557,MERCH-0091,restaurantes,367.01,PIX,API,,135.135.xxx.xxx,aprovada,0,,126,RS
TXN-004929,2024-02-20 05:48:02,CUST-00030,MERCH-0135,utilidades,67.68,cartao_credito,internet_banking,FP-874097,120.144.xxx.xxx,aprovada,0,,66,RJ
TXN-004930,2024-02-18 16:14:20,CUST-00317,MERCH-0160,viagens,1587.34,cartao_debito,internet_banking,FP-283073,43.143.xxx.xxx,estornada,0,,252,CE
TXN-004931,2024-02-24 09:06:51,CUST-00023,MERCH-0108,marketplace,102.35,cartao_credito,API,,182.141.xxx.xxx,recusada,0,,63,AL
TXN-004932,2024-01-19 22:20:16,CUST-00564,MERCH-0035,e-commerce,0.0,PIX,app_mobile,FP-804480,43.84.xxx.xxx,aprovada,0,,152,RJ
TXN-004933,2024-01-23 19:33:53,CUST-00680,MERCH-0183,restaurantes,74.48,cartao_debito,internet_banking,FP-360015,124.152.xxx.xxx,aprovada,0,,150,SC
TXN-004934,2024-02-28 02:28:23,CUST-00352,MERCH-0039,supermercados,518.81,TED,internet_banking,FP-744550,207.128.xxx.xxx,aprovada,0,1,111,ES
TXN-004935,2024-01-04 00:48:50,CUST-00327,MERCH-0077,postos,52.99,cartao_debito,internet_banking,FP-654174,165.23.xxx.xxx,aprovada,0,,200,RN
TXN-004936,2024-01-10 00:00:53,CUST-00401,MERCH-0193,marketplace,123.68,TED,internet_banking,FP-979443,249.251.xxx.xxx,recusada,0,,273,RJ
TXN-004937,2024-02-07 23:51:23,CUST-00284,MERCH-0040,marketplace,505.38,cartao_credito,internet_banking,FP-591503,161.130.xxx.xxx,aprovada,0,,69,ES
TXN-004938,2024-02-21 00:58:14,CUST-00302,MERCH-0012,farmacias,32.04,cartao_credito,app_mobile,FP-267344,40.115.xxx.xxx,aprovada,0,,51,PR
TXN-004939,2024-01-11 21:24:30,CUST-00058,MERCH-0099,e-commerce,286.14,TED,API,,75.120.xxx.xxx,aprovada,1,0,88,AM
TXN-004940,2024-02-03 14:05:26,CUST-00200,MERCH-0103,supermercados,519.1,PIX,app_mobile,FP-112651,238.2.xxx.xxx,pendente,0,,178,SP
TXN-004941,2024-01-02 02:36:18,CUST-00420,MERCH-0125,restaurantes,540.01,cartao_debito,app_mobile,FP-935327,108.43.xxx.xxx,aprovada,0,,225,MA
TXN-004942,2024-02-25 09:50:50,CUST-00268,MERCH-0062,viagens,655.19,cartao_debito,API,,110.173.xxx.xxx,aprovada,0,,108,MG
TXN-004943,2024-02-04 18:17:15,CUST-00541,MERCH-0121,servicos_digitais,33.51,PIX,API,,58.22.xxx.xxx,aprovada,0,,107,ES
TXN-004944,2024-01-09 05:45:58,CUST-00288,MERCH-0012,e-commerce,2366.57,PIX,internet_banking,FP-717620,18.139.xxx.xxx,aprovada,0,,289,ES
TXN-004945,2024-01-24 18:39:23,CUST-00612,MERCH-0100,restaurantes,261.3,cartao_debito,internet_banking,FP-508331,214.161.xxx.xxx,aprovada,0,,351,ES
TXN-004946,2024-01-03 09:16:22,CUST-00661,MERCH-0187,e-commerce,177.02,cartao_debito,app_mobile,FP-886385,24.56.xxx.xxx,estornada,0,,126,RN
TXN-004947,2024-01-23 00:05:59,CUST-00297,MERCH-0102,e-commerce,84.48,cartao_credito,API,,188.218.xxx.xxx,recusada,0,,421,RO
TXN-004948,2024-02-17 17:14:23,CUST-00594,MERCH-0098,e-commerce,127.94,boleto,app_mobile,FP-475229,15.71.xxx.xxx,aprovada,0,,118,SP
TXN-004949,2024-01-10 15:35:11,CUST-00605,MERCH-0024,postos,810.52,PIX,internet_banking,,39.3.xxx.xxx,recusada,0,0,219,ES
TXN-004950,2024-02-10 00:35:20,CUST-00739,MERCH-0197,restaurantes,477.93,PIX,app_mobile,FP-109458,47.159.xxx.xxx,aprovada,0,,72,PR
TXN-004951,2024-01-10 11:07:35,CUST-00480,MERCH-0062,marketplace,2284.42,boleto,app_mobile,FP-921281,250.72.xxx.xxx,aprovada,0,,375,MG
TXN-004952,2024-01-07 10:26:59,CUST-00395,MERCH-0008,e-commerce,41.48,PIX,internet_banking,FP-740301,77.130.xxx.xxx,aprovada,0,,82,ES
TXN-004953,2024-02-14 04:19:43,CUST-00599,MERCH-0040,e-commerce,59.97,cartao_credito,internet_banking,FP-590954,212.88.xxx.xxx,aprovada,0,,247,MG
TXN-004954,2024-02-20 02:14:57,CUST-00729,MERCH-0032,servicos_digitais,905.89,PIX,app_mobile,FP-645293,66.214.xxx.xxx,aprovada,0,,61,MG
TXN-004955,2024-01-17 13:40:41,CUST-00137,MERCH-0028,farmacias,1791.01,boleto,app_mobile,FP-161542,139.226.xxx.xxx,aprovada,0,,106,SP
TXN-004956,2024-01-23 07:11:07,CUST-00747,MERCH-0132,viagens,1957.37,TED,app_mobile,FP-998485,137.161.xxx.xxx,aprovada,0,,73,RJ
TXN-004957,2024-02-04 13:33:39,CUST-00155,MERCH-0192,viagens,520.42,cartao_debito,app_mobile,,184.137.xxx.xxx,pendente,0,,21,ES
TXN-004958,2024-02-29 05:53:29,CUST-00254,MERCH-0034,marketplace,382.39,PIX,API,,14.213.xxx.xxx,aprovada,0,,161,SC
TXN-004959,2024-02-04 09:23:55,CUST-00151,MERCH-0096,supermercados,221.28,PIX,app_mobile,FP-497590,131.140.xxx.xxx,aprovada,0,,40,DF
TXN-004960,2024-02-13 12:43:05,CUST-00700,MERCH-0112,servicos_digitais,303.22,boleto,app_mobile,FP-729216,138.241.xxx.xxx,aprovada,0,,183,MG
TXN-004961,2024-01-26 14:28:41,CUST-00343,MERCH-0182,marketplace,255.36,TED,app_mobile,FP-616781,54.57.xxx.xxx,aprovada,0,0,42,ES
TXN-004962,2024-01-14 23:14:04,CUST-00762,MERCH-0087,e-commerce,166.63,cartao_credito,internet_banking,FP-235616,190.164.xxx.xxx,recusada,0,,198,MG
TXN-004963,2024-02-28 21:14:22,CUST-00698,MERCH-0148,outros,178.97,PIX,internet_banking,FP-418526,66.239.xxx.xxx,aprovada,0,0,1239,ES
TXN-004964,2024-01-14 13:13:00,CUST-00500,MERCH-0026,outros,524.76,PIX,app_mobile,FP-579113,56.90.xxx.xxx,aprovada,0,,125,CE
TXN-004965,2024-02-28 04:38:31,CUST-00026,MERCH-0071,e-commerce,294.35,cartao_credito,internet_banking,FP-153261,96.216.xxx.xxx,recusada,0,,1818,BA
TXN-004966,2024-02-24 10:08:05,CUST-00702,MERCH-0092,postos,120.34,PIX,app_mobile,FP-268647,102.180.xxx.xxx,recusada,0,,85,RN
TXN-004967,2024-02-09 04:05:10,CUST-00096,MERCH-0093,servicos_digitais,273.23,cartao_debito,API,,105.50.xxx.xxx,aprovada,0,0,99,PR
TXN-004968,2024-02-23 06:01:29,CUST-00525,MERCH-0092,servicos_digitais,1885.2,cartao_credito,app_mobile,,46.165.xxx.xxx,aprovada,0,,199,RJ
TXN-004969,2024-01-01 22:50:33,CUST-00763,MERCH-0148,servicos_digitais,107.91,cartao_debito,caixa_eletronico,FP-315220,22.175.xxx.xxx,aprovada,0,,21,RS
TXN-004970,2024-01-08 01:56:05,CUST-00149,MERCH-0128,supermercados,73.8,PIX,app_mobile,FP-244837,208.61.xxx.xxx,aprovada,0,,94,ES
TXN-004971,2024-02-29 13:53:04,CUST-00610,MERCH-0196,utilidades,1442.0,PIX,app_mobile,FP-890668,63.45.xxx.xxx,aprovada,0,,212,SC
TXN-004972,2024-01-27 10:12:06,CUST-00234,MERCH-0181,servicos_digitais,1075.64,TED,app_mobile,FP-339160,21.129.xxx.xxx,aprovada,0,,99,RJ
TXN-004973,2024-01-22 14:30:55,CUST-00230,MERCH-0169,servicos_digitais,2822.0,cartao_credito,internet_banking,FP-106517,53.42.xxx.xxx,aprovada,0,,128,TO
TXN-004974,2024-01-02 14:23:19,CUST-00043,MERCH-0007,servicos_digitais,116.4,PIX,internet_banking,,159.173.xxx.xxx,estornada,0,,74,MG
TXN-004975,2024-01-26 15:56:23,CUST-00346,MERCH-0065,marketplace,696.3,TED,app_mobile,FP-969209,55.239.xxx.xxx,aprovada,0,,101,AC
TXN-004976,2024-01-11 08:57:31,CUST-00042,MERCH-0062,e-commerce,80.45,PIX,app_mobile,FP-374397,65.107.xxx.xxx,aprovada,0,,88,ES
TXN-004977,2024-02-10 17:28:24,CUST-00751,MERCH-0118,outros,573.2,PIX,internet_banking,FP-813142,19.53.xxx.xxx,aprovada,0,,487,RJ
TXN-004978,2024-01-22 00:07:14,CUST-00685,MERCH-0039,marketplace,253.3,PIX,caixa_eletronico,,93.227.xxx.xxx,aprovada,0,0,85,BA
TXN-004979,2024-02-09 16:49:35,CUST-00767,MERCH-0001,restaurantes,220.15,PIX,API,,64.156.xxx.xxx,aprovada,0,,112,PR
TXN-004980,2024-01-21 06:02:43,CUST-00587,MERCH-0025,supermercados,3614.19,cartao_credito,caixa_eletronico,FP-241125,86.213.xxx.xxx,aprovada,0,,131,ES
TXN-004981,2024-02-19 22:12:37,CUST-00527,MERCH-0193,postos,262.31,PIX,caixa_eletronico,FP-610820,115.196.xxx.xxx,aprovada,0,0,78,RS
TXN-004982,2024-01-06 04:29:42,CUST-00115,MERCH-0026,e-commerce,965.44,PIX,app_mobile,FP-303885,238.115.xxx.xxx,aprovada,0,,48,SP
TXN-004983,2024-01-29 04:23:37,CUST-00126,MERCH-0074,postos,523.37,PIX,internet_banking,FP-326194,13.196.xxx.xxx,recusada,0,,208,RJ
TXN-004984,2024-02-06 00:07:22,CUST-00444,MERCH-0023,e-commerce,43.31,cartao_credito,internet_banking,FP-882671,191.112.xxx.xxx,aprovada,0,,437,AL
TXN-004985,2024-02-26 01:06:22,CUST-00504,MERCH-0016,viagens,140.86,PIX,API,FP-994846,174.130.xxx.xxx,aprovada,0,,355,PR
TXN-004986,2024-01-12 09:03:27,CUST-00044,MERCH-0075,farmacias,1170.84,PIX,API,,148.39.xxx.xxx,aprovada,0,,384,ES
TXN-004987,2024-02-05 16:21:57,CUST-00321,MERCH-0044,e-commerce,211.45,cartao_credito,app_mobile,FP-355932,235.65.xxx.xxx,aprovada,0,,546,BA
TXN-004988,2024-01-03 00:13:41,CUST-00046,MERCH-0020,servicos_digitais,101.03,cartao_credito,app_mobile,FP-362944,33.62.xxx.xxx,aprovada,0,,132,RJ
TXN-004989,2024-01-16 05:03:27,CUST-00465,MERCH-0081,postos,263.21,cartao_debito,app_mobile,FP-773487,29.141.xxx.xxx,aprovada,0,,112,MG
TXN-004990,2024-01-01 06:25:51,CUST-00032,MERCH-0160,postos,136.61,cartao_credito,API,,183.110.xxx.xxx,pendente,0,,273,SC
TXN-004991,2024-01-05 09:06:20,CUST-00366,MERCH-0119,servicos_digitais,44.35,TED,app_mobile,FP-814067,189.156.xxx.xxx,recusada,0,,38,RJ
TXN-004992,2024-02-06 20:23:10,CUST-00162,MERCH-0107,e-commerce,176.79,PIX,app_mobile,FP-453585,124.107.xxx.xxx,recusada,0,,117,MT
TXN-004993,2024-02-03 02:06:04,CUST-00061,MERCH-0175,e-commerce,240.0,cartao_credito,internet_banking,FP-607545,214.31.xxx.xxx,aprovada,0,,91,PE
TXN-004994,2024-01-29 17:58:51,CUST-00597,MERCH-0090,farmacias,1472.92,cartao_debito,app_mobile,FP-652202,90.117.xxx.xxx,aprovada,0,,15,SP
TXN-004995,2024-01-26 19:12:56,CUST-00728,MERCH-0065,farmacias,286.76,cartao_credito,internet_banking,FP-960541,239.147.xxx.xxx,aprovada,0,,75,SP
TXN-004996,2024-01-22 01:42:47,CUST-00221,MERCH-0078,supermercados,1271.49,PIX,caixa_eletronico,FP-458925,79.211.xxx.xxx,aprovada,0,,152,ES
TXN-004997,2024-02-09 14:05:20,CUST-00386,MERCH-0105,outros,16.92,cartao_debito,internet_banking,FP-382935,133.167.xxx.xxx,pendente,0,,299,SP
TXN-004998,2024-02-18 15:52:14,CUST-00551,MERCH-0160,marketplace,619.16,boleto,app_mobile,FP-618370,188.74.xxx.xxx,recusada,0,,106,ES
TXN-004999,2024-01-19 00:20:21,CUST-00755,MERCH-0036,supermercados,42.77,cartao_debito,internet_banking,,75.74.xxx.xxx,aprovada,0,,402,RJ
TXN-005000,2024-02-17 14:10:02,CUST-00476,MERCH-0138,servicos_digitais,25.71,TED,API,FP-452763,35.157.xxx.xxx,aprovada,0,,472,MG
